SourceFile,FileName,GPSLatitude,GPSLongitude,GPSLatitudeRef,GPSLongitudeRef,DateTimeOriginal
C:/Projects/iceland_trip/photos/Iceland Trip/01.jpeg,01.jpeg,,,,,2026:04:04 18:11:15
C:/Projects/iceland_trip/photos/Iceland Trip/02.jpeg,02.jpeg,,,,,2026:04:04 18:14:58
C:/Projects/iceland_trip/photos/Iceland Trip/03.jpeg,03.jpeg,,,,,2026:04:04 18:16:22
C:/Projects/iceland_trip/photos/Iceland Trip/04.jpeg,04.jpeg,,,,,2026:04:04 18:17:10
C:/Projects/iceland_trip/photos/Iceland Trip/23B6AE52-CD1C-428F-B8EE-BC9D3A50D64C.jpg,23B6AE52-CD1C-428F-B8EE-BC9D3A50D64C.jpg,"64 deg 8' 55.97"" N","21 deg 56' 8.38"" W",North,West,2026:04:08 19:30:19
C:/Projects/iceland_trip/photos/Iceland Trip/7E5DF9D7-A40F-4EC2-8F33-09E1A52CE177.jpg,7E5DF9D7-A40F-4EC2-8F33-09E1A52CE177.jpg,,,,,2026:05:03 23:45:37
C:/Projects/iceland_trip/photos/Iceland Trip/All_Phases.png,All_Phases.png,,,,,
C:/Projects/iceland_trip/photos/Iceland Trip/B4F3AAFF-94AD-455F-9416-A6804DBA8634.jpg,B4F3AAFF-94AD-455F-9416-A6804DBA8634.jpg,,,,,2026:05:14 02:30:12
C:/Projects/iceland_trip/photos/Iceland Trip/BCF81687-3A27-4F95-9D1F-7CC7CB25938C.jpg,BCF81687-3A27-4F95-9D1F-7CC7CB25938C.jpg,"64 deg 8' 43.25"" N","21 deg 55' 39.84"" W",North,West,2026:04:09 22:08:16
C:/Projects/iceland_trip/photos/Iceland Trip/F3BC274D-7D5D-46DF-9539-39B18949FDCD.jpg,F3BC274D-7D5D-46DF-9539-39B18949FDCD.jpg,,,,,2026:05:07 20:21:00
C:/Projects/iceland_trip/photos/Iceland Trip/IMG_0001.HEIC,IMG_0001.HEIC,"64 deg 4' 54.60"" N","22 deg 41' 20.14"" W",North,West,2026:05:12 10:39:11
C:/Projects/iceland_trip/photos/Iceland Trip/IMG_0001.MP4,IMG_0001.MP4,"64 deg 4' 54.48"" N","22 deg 41' 20.04"" W",,,
C:/Projects/iceland_trip/photos/Iceland Trip/IMG_0002.HEIC,IMG_0002.HEIC,"64 deg 4' 54.63"" N","22 deg 41' 19.99"" W",North,West,2026:05:12 10:39:15
C:/Projects/iceland_trip/photos/Iceland Trip/IMG_0002.MP4,IMG_0002.MP4,"64 deg 4' 54.48"" N","22 deg 41' 20.04"" W",,,
C:/Projects/iceland_trip/photos/Iceland Trip/IMG_0003.HEIC,IMG_0003.HEIC,"64 deg 4' 54.71"" N","22 deg 41' 19.12"" W",North,West,2026:05:12 10:52:25
C:/Projects/iceland_trip/photos/Iceland Trip/IMG_0003.MP4,IMG_0003.MP4,"64 deg 4' 54.84"" N","22 deg 41' 18.96"" W",,,
C:/Projects/iceland_trip/photos/Iceland Trip/IMG_0004.HEIC,IMG_0004.HEIC,"64 deg 4' 54.76"" N","22 deg 41' 19.44"" W",North,West,2026:05:12 10:52:31
C:/Projects/iceland_trip/photos/Iceland Trip/IMG_0004.MP4,IMG_0004.MP4,"64 deg 4' 54.84"" N","22 deg 41' 19.32"" W",,,
C:/Projects/iceland_trip/photos/Iceland Trip/IMG_0005.HEIC,IMG_0005.HEIC,"64 deg 4' 54.68"" N","22 deg 41' 19.85"" W",North,West,2026:05:12 10:52:43
C:/Projects/iceland_trip/photos/Iceland Trip/IMG_0005.MP4,IMG_0005.MP4,"64 deg 4' 54.84"" N","22 deg 41' 19.68"" W",,,
C:/Projects/iceland_trip/photos/Iceland Trip/IMG_0006.HEIC,IMG_0006.HEIC,"64 deg 4' 54.71"" N","22 deg 41' 19.81"" W",North,West,2026:05:12 10:53:00
C:/Projects/iceland_trip/photos/Iceland Trip/IMG_0006.MP4,IMG_0006.MP4,"64 deg 4' 54.84"" N","22 deg 41' 19.68"" W",,,
C:/Projects/iceland_trip/photos/Iceland Trip/IMG_0007.HEIC,IMG_0007.HEIC,"64 deg 4' 54.71"" N","22 deg 41' 19.81"" W",North,West,2026:05:12 10:53:04
C:/Projects/iceland_trip/photos/Iceland Trip/IMG_0007.MP4,IMG_0007.MP4,"64 deg 4' 54.84"" N","22 deg 41' 19.68"" W",,,
C:/Projects/iceland_trip/photos/Iceland Trip/IMG_0008.HEIC,IMG_0008.HEIC,"64 deg 4' 54.76"" N","22 deg 41' 20.14"" W",North,West,2026:05:12 10:53:12
C:/Projects/iceland_trip/photos/Iceland Trip/IMG_0008.MP4,IMG_0008.MP4,"64 deg 4' 54.84"" N","22 deg 41' 20.04"" W",,,
C:/Projects/iceland_trip/photos/Iceland Trip/IMG_0009.HEIC,IMG_0009.HEIC,"64 deg 4' 54.71"" N","22 deg 41' 18.99"" W",North,West,2026:05:12 10:53:54
C:/Projects/iceland_trip/photos/Iceland Trip/IMG_0010.HEIC,IMG_0010.HEIC,"64 deg 4' 54.71"" N","22 deg 41' 19.38"" W",North,West,2026:05:12 10:54:43
C:/Projects/iceland_trip/photos/Iceland Trip/IMG_0010.MP4,IMG_0010.MP4,"64 deg 4' 54.84"" N","22 deg 41' 19.32"" W",,,
C:/Projects/iceland_trip/photos/Iceland Trip/IMG_0011.HEIC,IMG_0011.HEIC,"64 deg 4' 54.68"" N","22 deg 41' 19.02"" W",North,West,2026:05:12 10:54:55
C:/Projects/iceland_trip/photos/Iceland Trip/IMG_0011.MP4,IMG_0011.MP4,"64 deg 4' 54.84"" N","22 deg 41' 18.96"" W",,,
C:/Projects/iceland_trip/photos/Iceland Trip/IMG_0012.HEIC,IMG_0012.HEIC,"64 deg 4' 54.60"" N","22 deg 41' 17.75"" W",North,West,2026:05:12 11:00:20
C:/Projects/iceland_trip/photos/Iceland Trip/IMG_0012.MP4,IMG_0012.MP4,"64 deg 4' 54.48"" N","22 deg 41' 17.88"" W",,,
C:/Projects/iceland_trip/photos/Iceland Trip/IMG_0013.HEIC,IMG_0013.HEIC,"64 deg 4' 54.60"" N","22 deg 41' 17.77"" W",North,West,2026:05:12 11:02:23
C:/Projects/iceland_trip/photos/Iceland Trip/IMG_0013.MP4,IMG_0013.MP4,"64 deg 4' 54.48"" N","22 deg 41' 17.88"" W",,,
C:/Projects/iceland_trip/photos/Iceland Trip/IMG_0014.HEIC,IMG_0014.HEIC,"64 deg 4' 54.68"" N","22 deg 41' 18.02"" W",North,West,2026:05:12 11:06:33
C:/Projects/iceland_trip/photos/Iceland Trip/IMG_0014.MP4,IMG_0014.MP4,"64 deg 4' 54.84"" N","22 deg 41' 17.88"" W",,,
C:/Projects/iceland_trip/photos/Iceland Trip/IMG_0015.HEIC,IMG_0015.HEIC,"64 deg 4' 54.63"" N","22 deg 41' 17.96"" W",North,West,2026:05:12 11:07:13
C:/Projects/iceland_trip/photos/Iceland Trip/IMG_0015.MP4,IMG_0015.MP4,"64 deg 4' 54.48"" N","22 deg 41' 17.88"" W",,,
C:/Projects/iceland_trip/photos/Iceland Trip/IMG_0016.HEIC,IMG_0016.HEIC,"64 deg 4' 54.54"" N","22 deg 41' 18.26"" W",North,West,2026:05:12 11:07:30
C:/Projects/iceland_trip/photos/Iceland Trip/IMG_0016.MP4,IMG_0016.MP4,"64 deg 4' 54.48"" N","22 deg 41' 18.24"" W",,,
C:/Projects/iceland_trip/photos/Iceland Trip/IMG_0017.HEIC,IMG_0017.HEIC,"64 deg 4' 54.71"" N","22 deg 41' 19.06"" W",North,West,2026:05:12 11:31:52
C:/Projects/iceland_trip/photos/Iceland Trip/IMG_0017.MP4,IMG_0017.MP4,"64 deg 4' 54.84"" N","22 deg 41' 18.96"" W",,,
C:/Projects/iceland_trip/photos/Iceland Trip/IMG_0018.HEIC,IMG_0018.HEIC,"64 deg 4' 54.74"" N","22 deg 41' 19.33"" W",North,West,2026:05:12 11:31:54
C:/Projects/iceland_trip/photos/Iceland Trip/IMG_0018.MP4,IMG_0018.MP4,"64 deg 4' 54.84"" N","22 deg 41' 19.32"" W",,,
C:/Projects/iceland_trip/photos/Iceland Trip/IMG_0019.HEIC,IMG_0019.HEIC,"64 deg 4' 54.71"" N","22 deg 41' 18.98"" W",North,West,2026:05:12 11:35:20
C:/Projects/iceland_trip/photos/Iceland Trip/IMG_0019.MP4,IMG_0019.MP4,"64 deg 4' 54.84"" N","22 deg 41' 18.96"" W",,,
C:/Projects/iceland_trip/photos/Iceland Trip/IMG_0021.HEIC,IMG_0021.HEIC,"64 deg 4' 54.71"" N","22 deg 41' 19.02"" W",North,West,2026:05:12 11:35:48
C:/Projects/iceland_trip/photos/Iceland Trip/IMG_0021.MP4,IMG_0021.MP4,"64 deg 4' 54.84"" N","22 deg 41' 18.96"" W",,,
C:/Projects/iceland_trip/photos/Iceland Trip/IMG_0022.HEIC,IMG_0022.HEIC,"64 deg 4' 45.21"" N","22 deg 40' 58.87"" W",North,West,2026:05:12 13:04:58
C:/Projects/iceland_trip/photos/Iceland Trip/IMG_0022.MP4,IMG_0022.MP4,"64 deg 4' 45.12"" N","22 deg 40' 58.80"" W",,,
C:/Projects/iceland_trip/photos/Iceland Trip/IMG_0026.PNG,IMG_0026.PNG,,,,,2026:05:13 07:06:42
C:/Projects/iceland_trip/photos/Iceland Trip/IMG_0027.PNG,IMG_0027.PNG,,,,,2026:05:13 07:07:07
C:/Projects/iceland_trip/photos/Iceland Trip/IMG_0038.HEIC,IMG_0038.HEIC,"64 deg 8' 58.93"" N","21 deg 55' 54.17"" W",North,West,2026:05:13 21:39:56
C:/Projects/iceland_trip/photos/Iceland Trip/IMG_0038.MP4,IMG_0038.MP4,"64 deg 8' 58.92"" N","21 deg 55' 54.12"" W",,,
C:/Projects/iceland_trip/photos/Iceland Trip/IMG_0039.HEIC,IMG_0039.HEIC,"64 deg 8' 58.91"" N","21 deg 55' 54.12"" W",North,West,2026:05:13 21:39:59
C:/Projects/iceland_trip/photos/Iceland Trip/IMG_0039.MP4,IMG_0039.MP4,"64 deg 8' 58.92"" N","21 deg 55' 54.12"" W",,,
C:/Projects/iceland_trip/photos/Iceland Trip/IMG_0040.HEIC,IMG_0040.HEIC,"64 deg 8' 57.45"" N","21 deg 55' 48.76"" W",North,West,2026:05:13 21:41:16
C:/Projects/iceland_trip/photos/Iceland Trip/IMG_0040.MP4,IMG_0040.MP4,"64 deg 8' 57.48"" N","21 deg 55' 48.72"" W",,,
C:/Projects/iceland_trip/photos/Iceland Trip/IMG_0041.HEIC,IMG_0041.HEIC,"64 deg 8' 57.51"" N","21 deg 55' 48.71"" W",North,West,2026:05:13 21:41:19
C:/Projects/iceland_trip/photos/Iceland Trip/IMG_0041.MP4,IMG_0041.MP4,"64 deg 8' 57.48"" N","21 deg 55' 48.72"" W",,,
C:/Projects/iceland_trip/photos/Iceland Trip/IMG_0042.HEIC,IMG_0042.HEIC,"64 deg 8' 57.51"" N","21 deg 55' 48.69"" W",North,West,2026:05:13 21:41:19
C:/Projects/iceland_trip/photos/Iceland Trip/IMG_0042.MP4,IMG_0042.MP4,"64 deg 8' 57.48"" N","21 deg 55' 48.72"" W",,,
C:/Projects/iceland_trip/photos/Iceland Trip/IMG_0043.HEIC,IMG_0043.HEIC,"64 deg 8' 56.54"" N","21 deg 55' 45.70"" W",North,West,2026:05:13 21:41:56
C:/Projects/iceland_trip/photos/Iceland Trip/IMG_0043.MP4,IMG_0043.MP4,"64 deg 8' 56.40"" N","21 deg 55' 45.84"" W",,,
C:/Projects/iceland_trip/photos/Iceland Trip/IMG_0048.HEIC,IMG_0048.HEIC,"64 deg 8' 54.81"" N","21 deg 55' 41.02"" W",North,West,2026:05:13 21:43:13
C:/Projects/iceland_trip/photos/Iceland Trip/IMG_0048.MP4,IMG_0048.MP4,"64 deg 8' 54.96"" N","21 deg 55' 41.16"" W",,,
C:/Projects/iceland_trip/photos/Iceland Trip/IMG_0049.HEIC,IMG_0049.HEIC,"64 deg 8' 54.81"" N","21 deg 55' 41.04"" W",North,West,2026:05:13 21:43:14
C:/Projects/iceland_trip/photos/Iceland Trip/IMG_0049.MP4,IMG_0049.MP4,"64 deg 8' 54.96"" N","21 deg 55' 41.16"" W",,,
C:/Projects/iceland_trip/photos/Iceland Trip/IMG_0050.HEIC,IMG_0050.HEIC,"64 deg 8' 49.32"" N","21 deg 55' 42.11"" W",North,West,2026:05:13 21:45:48
C:/Projects/iceland_trip/photos/Iceland Trip/IMG_0050.MP4,IMG_0050.MP4,"64 deg 8' 49.20"" N","21 deg 55' 42.24"" W",,,
C:/Projects/iceland_trip/photos/Iceland Trip/IMG_0051.HEIC,IMG_0051.HEIC,"64 deg 8' 49.32"" N","21 deg 55' 42.11"" W",North,West,2026:05:13 21:45:48
C:/Projects/iceland_trip/photos/Iceland Trip/IMG_0051.MP4,IMG_0051.MP4,"64 deg 8' 49.20"" N","21 deg 55' 42.24"" W",,,
C:/Projects/iceland_trip/photos/Iceland Trip/IMG_0052.HEIC,IMG_0052.HEIC,"64 deg 8' 48.83"" N","21 deg 55' 43.05"" W",North,West,2026:05:13 21:46:26
C:/Projects/iceland_trip/photos/Iceland Trip/IMG_0052.MP4,IMG_0052.MP4,"64 deg 8' 48.84"" N","21 deg 55' 42.96"" W",,,
C:/Projects/iceland_trip/photos/Iceland Trip/IMG_0084.HEIC,IMG_0084.HEIC,"64 deg 0' 8.02"" N","22 deg 33' 7.15"" W",North,West,2026:05:15 12:55:24
C:/Projects/iceland_trip/photos/Iceland Trip/IMG_0084.MP4,IMG_0084.MP4,"64 deg 0' 7.92"" N","22 deg 33' 7.20"" W",,,
C:/Projects/iceland_trip/photos/Iceland Trip/IMG_0088.HEIC,IMG_0088.HEIC,"64 deg 0' 9.92"" N","22 deg 33' 5.55"" W",North,West,2026:05:15 12:56:31
C:/Projects/iceland_trip/photos/Iceland Trip/IMG_0088.MP4,IMG_0088.MP4,"64 deg 0' 10.08"" N","22 deg 33' 5.40"" W",,,
C:/Projects/iceland_trip/photos/Iceland Trip/IMG_0089.HEIC,IMG_0089.HEIC,"64 deg 0' 19.75"" N","22 deg 33' 23.43"" W",North,West,2026:05:15 13:03:59
C:/Projects/iceland_trip/photos/Iceland Trip/IMG_0089.MP4,IMG_0089.MP4,"64 deg 0' 19.80"" N","22 deg 33' 23.40"" W",,,
C:/Projects/iceland_trip/photos/Iceland Trip/IMG_0090.HEIC,IMG_0090.HEIC,"64 deg 0' 20.02"" N","22 deg 33' 23.52"" W",North,West,2026:05:15 13:04:16
C:/Projects/iceland_trip/photos/Iceland Trip/IMG_0090.MP4,IMG_0090.MP4,"64 deg 0' 20.16"" N","22 deg 33' 23.40"" W",,,
C:/Projects/iceland_trip/photos/Iceland Trip/IMG_0091.HEIC,IMG_0091.HEIC,"64 deg 0' 20.19"" N","22 deg 33' 23.54"" W",North,West,2026:05:15 13:04:33
C:/Projects/iceland_trip/photos/Iceland Trip/IMG_0091.MP4,IMG_0091.MP4,"64 deg 0' 20.16"" N","22 deg 33' 23.40"" W",,,
C:/Projects/iceland_trip/photos/Iceland Trip/IMG_0092.HEIC,IMG_0092.HEIC,"64 deg 0' 20.19"" N","22 deg 33' 23.54"" W",North,West,2026:05:15 13:04:35
C:/Projects/iceland_trip/photos/Iceland Trip/IMG_0092.MP4,IMG_0092.MP4,"64 deg 0' 20.16"" N","22 deg 33' 23.40"" W",,,
C:/Projects/iceland_trip/photos/Iceland Trip/IMG_0094.HEIC,IMG_0094.HEIC,"64 deg 0' 21.53"" N","22 deg 33' 26.18"" W",North,West,2026:05:15 13:05:55
C:/Projects/iceland_trip/photos/Iceland Trip/IMG_0094.MP4,IMG_0094.MP4,"64 deg 0' 21.60"" N","22 deg 33' 26.28"" W",,,
C:/Projects/iceland_trip/photos/Iceland Trip/IMG_0095.HEIC,IMG_0095.HEIC,"64 deg 0' 22.33"" N","22 deg 33' 25.86"" W",North,West,2026:05:15 13:06:23
C:/Projects/iceland_trip/photos/Iceland Trip/IMG_0095.MP4,IMG_0095.MP4,"64 deg 0' 22.32"" N","22 deg 33' 25.92"" W",,,
C:/Projects/iceland_trip/photos/Iceland Trip/IMG_0096.HEIC,IMG_0096.HEIC,"64 deg 0' 22.71"" N","22 deg 33' 25.46"" W",North,West,2026:05:15 13:06:51
C:/Projects/iceland_trip/photos/Iceland Trip/IMG_0096.MP4,IMG_0096.MP4,"64 deg 0' 22.68"" N","22 deg 33' 25.56"" W",,,
C:/Projects/iceland_trip/photos/Iceland Trip/IMG_0097.HEIC,IMG_0097.HEIC,"64 deg 0' 23.15"" N","22 deg 33' 25.71"" W",North,West,2026:05:15 13:07:07
C:/Projects/iceland_trip/photos/Iceland Trip/IMG_0097.MP4,IMG_0097.MP4,"64 deg 0' 23.04"" N","22 deg 33' 25.56"" W",,,
C:/Projects/iceland_trip/photos/Iceland Trip/IMG_0098.HEIC,IMG_0098.HEIC,"64 deg 0' 25.30"" N","22 deg 33' 24.66"" W",North,West,2026:05:15 13:08:12
C:/Projects/iceland_trip/photos/Iceland Trip/IMG_0098.MP4,IMG_0098.MP4,"64 deg 0' 25.20"" N","22 deg 33' 24.84"" W",,,
C:/Projects/iceland_trip/photos/Iceland Trip/IMG_0099.HEIC,IMG_0099.HEIC,"64 deg 0' 25.30"" N","22 deg 33' 24.68"" W",North,West,2026:05:15 13:08:13
C:/Projects/iceland_trip/photos/Iceland Trip/IMG_0099.MP4,IMG_0099.MP4,"64 deg 0' 25.20"" N","22 deg 33' 24.84"" W",,,
C:/Projects/iceland_trip/photos/Iceland Trip/IMG_0100.HEIC,IMG_0100.HEIC,"64 deg 0' 25.87"" N","22 deg 33' 24.56"" W",North,West,2026:05:15 13:08:30
C:/Projects/iceland_trip/photos/Iceland Trip/IMG_0100.MP4,IMG_0100.MP4,"64 deg 0' 25.92"" N","22 deg 33' 24.48"" W",,,
C:/Projects/iceland_trip/photos/Iceland Trip/IMG_0101.HEIC,IMG_0101.HEIC,"64 deg 0' 26.53"" N","22 deg 33' 24.10"" W",North,West,2026:05:15 13:09:32
C:/Projects/iceland_trip/photos/Iceland Trip/IMG_0101.MP4,IMG_0101.MP4,"64 deg 0' 26.64"" N","22 deg 33' 24.12"" W",,,
C:/Projects/iceland_trip/photos/Iceland Trip/IMG_0102.HEIC,IMG_0102.HEIC,"64 deg 0' 28.54"" N","22 deg 33' 21.64"" W",North,West,2026:05:15 13:10:39
C:/Projects/iceland_trip/photos/Iceland Trip/IMG_0102.MP4,IMG_0102.MP4,"64 deg 0' 28.44"" N","22 deg 33' 21.60"" W",,,
C:/Projects/iceland_trip/photos/Iceland Trip/IMG_0103.HEIC,IMG_0103.HEIC,"64 deg 0' 30.65"" N","22 deg 33' 27.08"" W",North,West,2026:05:15 13:12:07
C:/Projects/iceland_trip/photos/Iceland Trip/IMG_0103.MP4,IMG_0103.MP4,"64 deg 0' 30.60"" N","22 deg 33' 27.00"" W",,,
C:/Projects/iceland_trip/photos/Iceland Trip/IMG_0104.HEIC,IMG_0104.HEIC,"64 deg 0' 30.65"" N","22 deg 33' 27.08"" W",North,West,2026:05:15 13:12:08
C:/Projects/iceland_trip/photos/Iceland Trip/IMG_0104.MP4,IMG_0104.MP4,"64 deg 0' 30.60"" N","22 deg 33' 27.00"" W",,,
C:/Projects/iceland_trip/photos/Iceland Trip/IMG_0108.HEIC,IMG_0108.HEIC,"64 deg 0' 33.01"" N","22 deg 33' 26.58"" W",North,West,2026:05:15 13:13:52
C:/Projects/iceland_trip/photos/Iceland Trip/IMG_0108.MP4,IMG_0108.MP4,"64 deg 0' 33.12"" N","22 deg 33' 26.64"" W",,,
C:/Projects/iceland_trip/photos/Iceland Trip/IMG_0110.HEIC,IMG_0110.HEIC,"64 deg 0' 32.55"" N","22 deg 33' 23.32"" W",North,West,2026:05:15 13:14:25
C:/Projects/iceland_trip/photos/Iceland Trip/IMG_0110.MP4,IMG_0110.MP4,"64 deg 0' 32.40"" N","22 deg 33' 23.40"" W",,,
C:/Projects/iceland_trip/photos/Iceland Trip/IMG_0111.HEIC,IMG_0111.HEIC,"64 deg 0' 32.52"" N","22 deg 33' 21.87"" W",North,West,2026:05:15 13:14:39
C:/Projects/iceland_trip/photos/Iceland Trip/IMG_0111.MP4,IMG_0111.MP4,"64 deg 0' 32.40"" N","22 deg 33' 21.96"" W",,,
C:/Projects/iceland_trip/photos/Iceland Trip/IMG_0112.HEIC,IMG_0112.HEIC,"64 deg 0' 32.57"" N","22 deg 33' 20.20"" W",North,West,2026:05:15 13:14:55
C:/Projects/iceland_trip/photos/Iceland Trip/IMG_0112.MP4,IMG_0112.MP4,"64 deg 0' 32.76"" N","22 deg 33' 20.16"" W",,,
C:/Projects/iceland_trip/photos/Iceland Trip/IMG_0113.HEIC,IMG_0113.HEIC,"64 deg 0' 32.55"" N","22 deg 33' 19.83"" W",North,West,2026:05:15 13:15:00
C:/Projects/iceland_trip/photos/Iceland Trip/IMG_0113.MP4,IMG_0113.MP4,"64 deg 0' 32.40"" N","22 deg 33' 19.80"" W",,,
C:/Projects/iceland_trip/photos/Iceland Trip/IMG_0114.HEIC,IMG_0114.HEIC,"64 deg 0' 32.68"" N","22 deg 33' 18.34"" W",North,West,2026:05:15 13:15:20
C:/Projects/iceland_trip/photos/Iceland Trip/IMG_0114.MP4,IMG_0114.MP4,"64 deg 0' 32.76"" N","22 deg 33' 18.36"" W",,,
C:/Projects/iceland_trip/photos/Iceland Trip/IMG_0115.HEIC,IMG_0115.HEIC,"64 deg 0' 32.68"" N","22 deg 33' 18.28"" W",North,West,2026:05:15 13:15:21
C:/Projects/iceland_trip/photos/Iceland Trip/IMG_0115.MP4,IMG_0115.MP4,"64 deg 0' 32.76"" N","22 deg 33' 18.36"" W",,,
C:/Projects/iceland_trip/photos/Iceland Trip/IMG_0119.HEIC,IMG_0119.HEIC,"64 deg 0' 32.22"" N","22 deg 33' 15.86"" W",North,West,2026:05:15 13:16:50
C:/Projects/iceland_trip/photos/Iceland Trip/IMG_0119.MP4,IMG_0119.MP4,"64 deg 0' 32.04"" N","22 deg 33' 15.84"" W",,,
C:/Projects/iceland_trip/photos/Iceland Trip/IMG_0120.HEIC,IMG_0120.HEIC,"64 deg 0' 32.24"" N","22 deg 33' 16.21"" W",North,West,2026:05:15 13:17:03
C:/Projects/iceland_trip/photos/Iceland Trip/IMG_0120.MP4,IMG_0120.MP4,"64 deg 0' 32.40"" N","22 deg 33' 16.20"" W",,,
C:/Projects/iceland_trip/photos/Iceland Trip/IMG_0121.HEIC,IMG_0121.HEIC,"64 deg 0' 19.06"" N","22 deg 33' 24.00"" W",North,West,2026:05:15 13:26:02
C:/Projects/iceland_trip/photos/Iceland Trip/IMG_0121.MP4,IMG_0121.MP4,"64 deg 0' 19.08"" N","22 deg 33' 24.12"" W",,,
C:/Projects/iceland_trip/photos/Iceland Trip/IMG_7632.HEIC,IMG_7632.HEIC,"37 deg 31' 59.41"" N","77 deg 26' 1.16"" W",North,West,2026:03:31 14:55:31
C:/Projects/iceland_trip/photos/Iceland Trip/IMG_7633.HEIC,IMG_7633.HEIC,"37 deg 30' 29.09"" N","77 deg 20' 1.79"" W",North,West,2026:03:31 15:46:28
C:/Projects/iceland_trip/photos/Iceland Trip/IMG_7649.HEIC,IMG_7649.HEIC,"63 deg 58' 23.59"" N","22 deg 35' 16.33"" W",North,West,2026:04:01 09:04:26
C:/Projects/iceland_trip/photos/Iceland Trip/IMG_7655.HEIC,IMG_7655.HEIC,"64 deg 8' 31.88"" N","21 deg 55' 43.66"" W",North,West,2026:04:01 22:03:10
C:/Projects/iceland_trip/photos/Iceland Trip/IMG_7656.HEIC,IMG_7656.HEIC,"64 deg 8' 31.88"" N","21 deg 55' 43.60"" W",North,West,2026:04:01 22:03:15
C:/Projects/iceland_trip/photos/Iceland Trip/IMG_7657.HEIC,IMG_7657.HEIC,"64 deg 8' 31.88"" N","21 deg 55' 43.60"" W",North,West,2026:04:01 22:03:16
C:/Projects/iceland_trip/photos/Iceland Trip/IMG_7661.HEIC,IMG_7661.HEIC,"64 deg 8' 31.99"" N","21 deg 55' 41.59"" W",North,West,2026:04:01 22:03:57
C:/Projects/iceland_trip/photos/Iceland Trip/IMG_7664.HEIC,IMG_7664.HEIC,"64 deg 8' 32.76"" N","21 deg 55' 40.52"" W",North,West,2026:04:01 22:04:26
C:/Projects/iceland_trip/photos/Iceland Trip/IMG_7665.HEIC,IMG_7665.HEIC,"64 deg 8' 32.92"" N","21 deg 55' 40.03"" W",North,West,2026:04:01 22:04:44
C:/Projects/iceland_trip/photos/Iceland Trip/IMG_7666.HEIC,IMG_7666.HEIC,"64 deg 8' 32.92"" N","21 deg 55' 40.02"" W",North,West,2026:04:01 22:04:48
C:/Projects/iceland_trip/photos/Iceland Trip/IMG_7667.HEIC,IMG_7667.HEIC,"64 deg 8' 32.92"" N","21 deg 55' 39.97"" W",North,West,2026:04:01 22:04:53
C:/Projects/iceland_trip/photos/Iceland Trip/IMG_7668.HEIC,IMG_7668.HEIC,"64 deg 8' 41.44"" N","21 deg 55' 30.33"" W",North,West,2026:04:01 22:08:46
C:/Projects/iceland_trip/photos/Iceland Trip/IMG_7669.HEIC,IMG_7669.HEIC,"64 deg 8' 41.44"" N","21 deg 55' 30.33"" W",North,West,2026:04:01 22:08:47
C:/Projects/iceland_trip/photos/Iceland Trip/IMG_7670.HEIC,IMG_7670.HEIC,"64 deg 8' 43.53"" N","21 deg 55' 38.44"" W",North,West,2026:04:01 22:13:57
C:/Projects/iceland_trip/photos/Iceland Trip/IMG_7685.HEIC,IMG_7685.HEIC,"64 deg 8' 32.98"" N","21 deg 55' 42.21"" W",North,West,2026:04:02 12:18:59
C:/Projects/iceland_trip/photos/Iceland Trip/IMG_7686.HEIC,IMG_7686.HEIC,"64 deg 8' 32.70"" N","21 deg 55' 40.64"" W",North,West,2026:04:02 12:30:12
C:/Projects/iceland_trip/photos/Iceland Trip/IMG_7687.HEIC,IMG_7687.HEIC,,,,,2026:04:02 12:47:19
C:/Projects/iceland_trip/photos/Iceland Trip/IMG_7689.HEIC,IMG_7689.HEIC,"64 deg 8' 32.73"" N","21 deg 55' 41.32"" W",North,West,2026:04:02 13:55:11
C:/Projects/iceland_trip/photos/Iceland Trip/IMG_7690.HEIC,IMG_7690.HEIC,"64 deg 8' 32.81"" N","21 deg 55' 40.61"" W",North,West,2026:04:02 13:56:50
C:/Projects/iceland_trip/photos/Iceland Trip/IMG_7691.HEIC,IMG_7691.HEIC,"64 deg 8' 44.76"" N","21 deg 55' 45.19"" W",North,West,2026:04:02 14:16:15
C:/Projects/iceland_trip/photos/Iceland Trip/IMG_7692.HEIC,IMG_7692.HEIC,"64 deg 8' 44.65"" N","21 deg 55' 45.48"" W",North,West,2026:04:02 14:16:17
C:/Projects/iceland_trip/photos/Iceland Trip/IMG_7693.HEIC,IMG_7693.HEIC,"64 deg 8' 44.73"" N","21 deg 55' 45.24"" W",North,West,2026:04:02 14:16:20
C:/Projects/iceland_trip/photos/Iceland Trip/IMG_7694.HEIC,IMG_7694.HEIC,"64 deg 8' 44.95"" N","21 deg 55' 49.34"" W",North,West,2026:04:02 14:18:22
C:/Projects/iceland_trip/photos/Iceland Trip/IMG_7695.HEIC,IMG_7695.HEIC,"64 deg 8' 45.06"" N","21 deg 55' 49.18"" W",North,West,2026:04:02 14:18:33
C:/Projects/iceland_trip/photos/Iceland Trip/IMG_7696.HEIC,IMG_7696.HEIC,"64 deg 8' 44.90"" N","21 deg 55' 49.34"" W",North,West,2026:04:02 14:19:53
C:/Projects/iceland_trip/photos/Iceland Trip/IMG_7697.HEIC,IMG_7697.HEIC,"64 deg 8' 45.06"" N","21 deg 55' 49.30"" W",North,West,2026:04:02 14:22:55
C:/Projects/iceland_trip/photos/Iceland Trip/IMG_7698.HEIC,IMG_7698.HEIC,"64 deg 8' 44.82"" N","21 deg 55' 49.07"" W",North,West,2026:04:02 14:23:42
C:/Projects/iceland_trip/photos/Iceland Trip/IMG_7700.HEIC,IMG_7700.HEIC,"64 deg 8' 44.93"" N","21 deg 55' 49.28"" W",North,West,2026:04:02 14:25:54
C:/Projects/iceland_trip/photos/Iceland Trip/IMG_7701.HEIC,IMG_7701.HEIC,"64 deg 8' 44.95"" N","21 deg 55' 49.20"" W",North,West,2026:04:02 14:36:56
C:/Projects/iceland_trip/photos/Iceland Trip/IMG_7702.HEIC,IMG_7702.HEIC,"64 deg 8' 44.95"" N","21 deg 55' 49.20"" W",North,West,2026:04:02 14:37:03
C:/Projects/iceland_trip/photos/Iceland Trip/IMG_7703.HEIC,IMG_7703.HEIC,"64 deg 8' 44.98"" N","21 deg 55' 49.20"" W",North,West,2026:04:02 14:37:06
C:/Projects/iceland_trip/photos/Iceland Trip/IMG_7705.HEIC,IMG_7705.HEIC,"64 deg 8' 44.98"" N","21 deg 55' 49.18"" W",North,West,2026:04:02 15:33:41
C:/Projects/iceland_trip/photos/Iceland Trip/IMG_7706.HEIC,IMG_7706.HEIC,"64 deg 8' 44.98"" N","21 deg 55' 49.18"" W",North,West,2026:04:02 15:33:41
C:/Projects/iceland_trip/photos/Iceland Trip/IMG_7707.HEIC,IMG_7707.HEIC,"64 deg 8' 44.98"" N","21 deg 55' 49.18"" W",North,West,2026:04:02 15:33:43
C:/Projects/iceland_trip/photos/Iceland Trip/IMG_7708.HEIC,IMG_7708.HEIC,"64 deg 8' 44.98"" N","21 deg 55' 49.18"" W",North,West,2026:04:02 16:01:48
C:/Projects/iceland_trip/photos/Iceland Trip/IMG_7709.HEIC,IMG_7709.HEIC,"64 deg 8' 44.13"" N","21 deg 55' 54.96"" W",North,West,2026:04:02 16:29:36
C:/Projects/iceland_trip/photos/Iceland Trip/IMG_7710.HEIC,IMG_7710.HEIC,"64 deg 8' 44.13"" N","21 deg 55' 54.92"" W",North,West,2026:04:02 16:29:39
C:/Projects/iceland_trip/photos/Iceland Trip/IMG_7713.HEIC,IMG_7713.HEIC,"64 deg 8' 29.13"" N","21 deg 56' 7.33"" W",North,West,2026:04:03 08:16:45
C:/Projects/iceland_trip/photos/Iceland Trip/IMG_7714.HEIC,IMG_7714.HEIC,"64 deg 8' 42.92"" N","21 deg 55' 57.15"" W",North,West,2026:04:03 08:22:35
C:/Projects/iceland_trip/photos/Iceland Trip/IMG_7715.HEIC,IMG_7715.HEIC,"64 deg 8' 43.94"" N","21 deg 55' 55.57"" W",North,West,2026:04:03 08:23:21
C:/Projects/iceland_trip/photos/Iceland Trip/IMG_7716.HEIC,IMG_7716.HEIC,"64 deg 8' 43.99"" N","21 deg 55' 55.62"" W",North,West,2026:04:03 08:23:27
C:/Projects/iceland_trip/photos/Iceland Trip/IMG_7717.HEIC,IMG_7717.HEIC,"64 deg 8' 44.13"" N","21 deg 55' 55.31"" W",North,West,2026:04:03 08:23:47
C:/Projects/iceland_trip/photos/Iceland Trip/IMG_7718.HEIC,IMG_7718.HEIC,"64 deg 8' 44.16"" N","21 deg 55' 55.29"" W",North,West,2026:04:03 08:23:57
C:/Projects/iceland_trip/photos/Iceland Trip/IMG_7719.HEIC,IMG_7719.HEIC,"64 deg 8' 44.24"" N","21 deg 55' 54.75"" W",North,West,2026:04:03 08:24:23
C:/Projects/iceland_trip/photos/Iceland Trip/IMG_7722.HEIC,IMG_7722.HEIC,"64 deg 8' 48.52"" N","21 deg 53' 57.49"" W",North,West,2026:04:03 12:43:15
C:/Projects/iceland_trip/photos/Iceland Trip/IMG_7723.HEIC,IMG_7723.HEIC,"64 deg 8' 51.08"" N","21 deg 53' 58.41"" W",North,West,2026:04:03 12:45:03
C:/Projects/iceland_trip/photos/Iceland Trip/IMG_7724.HEIC,IMG_7724.HEIC,"64 deg 8' 51.08"" N","21 deg 53' 58.41"" W",North,West,2026:04:03 12:45:04
C:/Projects/iceland_trip/photos/Iceland Trip/IMG_7725.HEIC,IMG_7725.HEIC,"64 deg 8' 51.05"" N","21 deg 53' 58.47"" W",North,West,2026:04:03 12:45:08
C:/Projects/iceland_trip/photos/Iceland Trip/IMG_7726.HEIC,IMG_7726.HEIC,"64 deg 8' 51.05"" N","21 deg 53' 58.60"" W",North,West,2026:04:03 12:45:12
C:/Projects/iceland_trip/photos/Iceland Trip/IMG_7727.HEIC,IMG_7727.HEIC,"64 deg 8' 51.05"" N","21 deg 53' 58.56"" W",North,West,2026:04:03 12:45:14
C:/Projects/iceland_trip/photos/Iceland Trip/IMG_7728.HEIC,IMG_7728.HEIC,"64 deg 8' 51.05"" N","21 deg 53' 57.73"" W",North,West,2026:04:03 12:45:30
C:/Projects/iceland_trip/photos/Iceland Trip/IMG_7729.HEIC,IMG_7729.HEIC,"64 deg 8' 51.05"" N","21 deg 53' 57.73"" W",North,West,2026:04:03 12:45:31
C:/Projects/iceland_trip/photos/Iceland Trip/IMG_7730.HEIC,IMG_7730.HEIC,"64 deg 8' 51.05"" N","21 deg 53' 57.73"" W",North,West,2026:04:03 12:45:32
C:/Projects/iceland_trip/photos/Iceland Trip/IMG_7731.HEIC,IMG_7731.HEIC,"64 deg 8' 49.76"" N","21 deg 53' 57.79"" W",North,West,2026:04:03 12:46:46
C:/Projects/iceland_trip/photos/Iceland Trip/IMG_7732.HEIC,IMG_7732.HEIC,"64 deg 8' 49.76"" N","21 deg 53' 57.79"" W",North,West,2026:04:03 12:46:47
C:/Projects/iceland_trip/photos/Iceland Trip/IMG_7733.HEIC,IMG_7733.HEIC,"64 deg 8' 49.38"" N","21 deg 53' 57.73"" W",North,West,2026:04:03 12:47:02
C:/Projects/iceland_trip/photos/Iceland Trip/IMG_7735.HEIC,IMG_7735.HEIC,"64 deg 8' 44.76"" N","21 deg 54' 0.03"" W",North,West,2026:04:03 18:39:10
C:/Projects/iceland_trip/photos/Iceland Trip/IMG_7736.HEIC,IMG_7736.HEIC,"64 deg 8' 44.76"" N","21 deg 54' 0.03"" W",North,West,2026:04:03 18:39:15
C:/Projects/iceland_trip/photos/Iceland Trip/IMG_7737.HEIC,IMG_7737.HEIC,"64 deg 8' 44.62"" N","21 deg 54' 0.29"" W",North,West,2026:04:03 18:46:56
C:/Projects/iceland_trip/photos/Iceland Trip/IMG_7738.HEIC,IMG_7738.HEIC,"64 deg 8' 44.13"" N","21 deg 54' 0.60"" W",North,West,2026:04:03 18:46:57
C:/Projects/iceland_trip/photos/Iceland Trip/IMG_7739.HEIC,IMG_7739.HEIC,"64 deg 8' 45.67"" N","21 deg 53' 54.58"" W",North,West,2026:04:03 18:58:10
C:/Projects/iceland_trip/photos/Iceland Trip/IMG_7740.HEIC,IMG_7740.HEIC,"64 deg 8' 45.67"" N","21 deg 53' 54.58"" W",North,West,2026:04:03 18:58:11
C:/Projects/iceland_trip/photos/Iceland Trip/IMG_7741.HEIC,IMG_7741.HEIC,,,,,2026:04:03 19:03:53
C:/Projects/iceland_trip/photos/Iceland Trip/IMG_7742.HEIC,IMG_7742.HEIC,"64 deg 8' 56.16"" N","21 deg 53' 28.93"" W",North,West,2026:04:03 19:05:54
C:/Projects/iceland_trip/photos/Iceland Trip/IMG_7743.HEIC,IMG_7743.HEIC,"64 deg 8' 56.19"" N","21 deg 53' 28.86"" W",North,West,2026:04:03 19:05:58
C:/Projects/iceland_trip/photos/Iceland Trip/IMG_7748.HEIC,IMG_7748.HEIC,"64 deg 9' 5.77"" N","21 deg 53' 8.89"" W",North,West,2026:04:03 19:10:51
C:/Projects/iceland_trip/photos/Iceland Trip/IMG_7749.HEIC,IMG_7749.HEIC,"64 deg 9' 5.80"" N","21 deg 53' 8.79"" W",North,West,2026:04:03 19:10:51
C:/Projects/iceland_trip/photos/Iceland Trip/IMG_7750.HEIC,IMG_7750.HEIC,"64 deg 9' 5.86"" N","21 deg 53' 8.75"" W",North,West,2026:04:03 19:10:52
C:/Projects/iceland_trip/photos/Iceland Trip/IMG_7751.HEIC,IMG_7751.HEIC,"64 deg 9' 6.51"" N","21 deg 52' 53.70"" W",North,West,2026:04:03 19:13:19
C:/Projects/iceland_trip/photos/Iceland Trip/IMG_7752.HEIC,IMG_7752.HEIC,"64 deg 9' 6.57"" N","21 deg 52' 53.70"" W",North,West,2026:04:03 19:13:24
C:/Projects/iceland_trip/photos/Iceland Trip/IMG_7753.HEIC,IMG_7753.HEIC,"64 deg 9' 6.21"" N","21 deg 52' 53.02"" W",North,West,2026:04:03 19:13:47
C:/Projects/iceland_trip/photos/Iceland Trip/IMG_7754.HEIC,IMG_7754.HEIC,"64 deg 9' 1.21"" N","21 deg 52' 18.94"" W",North,West,2026:04:03 19:19:12
C:/Projects/iceland_trip/photos/Iceland Trip/IMG_7755.HEIC,IMG_7755.HEIC,"64 deg 9' 1.21"" N","21 deg 52' 18.93"" W",North,West,2026:04:03 19:19:13
C:/Projects/iceland_trip/photos/Iceland Trip/IMG_7756.HEIC,IMG_7756.HEIC,"64 deg 8' 35.31"" N","21 deg 54' 58.32"" W",North,West,2026:04:03 20:04:38
C:/Projects/iceland_trip/photos/Iceland Trip/IMG_7757.HEIC,IMG_7757.HEIC,"64 deg 8' 35.62"" N","21 deg 54' 58.36"" W",North,West,2026:04:03 20:21:45
C:/Projects/iceland_trip/photos/Iceland Trip/IMG_7771.HEIC,IMG_7771.HEIC,"64 deg 8' 10.79"" N","21 deg 55' 25.65"" W",North,West,2026:04:04 17:17:13
C:/Projects/iceland_trip/photos/Iceland Trip/IMG_7772.HEIC,IMG_7772.HEIC,"64 deg 8' 10.79"" N","21 deg 55' 25.56"" W",North,West,2026:04:04 17:17:19
C:/Projects/iceland_trip/photos/Iceland Trip/IMG_7773.HEIC,IMG_7773.HEIC,"64 deg 8' 10.79"" N","21 deg 55' 25.48"" W",North,West,2026:04:04 17:17:24
C:/Projects/iceland_trip/photos/Iceland Trip/IMG_7774.HEIC,IMG_7774.HEIC,"64 deg 8' 9.36"" N","21 deg 55' 25.71"" W",North,West,2026:04:04 17:18:08
C:/Projects/iceland_trip/photos/Iceland Trip/IMG_7775.HEIC,IMG_7775.HEIC,"64 deg 8' 5.21"" N","21 deg 55' 25.09"" W",North,West,2026:04:04 17:20:13
C:/Projects/iceland_trip/photos/Iceland Trip/IMG_7776.HEIC,IMG_7776.HEIC,"64 deg 7' 48.21"" N","21 deg 54' 59.37"" W",North,West,2026:04:04 17:35:56
C:/Projects/iceland_trip/photos/Iceland Trip/IMG_7777.HEIC,IMG_7777.HEIC,"64 deg 7' 48.21"" N","21 deg 54' 59.36"" W",North,West,2026:04:04 17:35:55
C:/Projects/iceland_trip/photos/Iceland Trip/IMG_7779.HEIC,IMG_7779.HEIC,"64 deg 7' 48.21"" N","21 deg 54' 59.38"" W",North,West,2026:04:04 17:35:57
C:/Projects/iceland_trip/photos/Iceland Trip/IMG_7780.HEIC,IMG_7780.HEIC,"64 deg 7' 46.48"" N","21 deg 55' 3.08"" W",North,West,2026:04:04 17:37:54
C:/Projects/iceland_trip/photos/Iceland Trip/IMG_7781.HEIC,IMG_7781.HEIC,"64 deg 7' 46.31"" N","21 deg 55' 2.86"" W",North,West,2026:04:04 17:37:58
C:/Projects/iceland_trip/photos/Iceland Trip/IMG_7782.HEIC,IMG_7782.HEIC,"64 deg 7' 46.48"" N","21 deg 55' 3.04"" W",North,West,2026:04:04 17:38:01
C:/Projects/iceland_trip/photos/Iceland Trip/IMG_7783.HEIC,IMG_7783.HEIC,"64 deg 7' 46.45"" N","21 deg 55' 3.08"" W",North,West,2026:04:04 17:38:04
C:/Projects/iceland_trip/photos/Iceland Trip/IMG_7784.HEIC,IMG_7784.HEIC,"64 deg 7' 46.45"" N","21 deg 55' 3.08"" W",North,West,2026:04:04 17:38:05
C:/Projects/iceland_trip/photos/Iceland Trip/IMG_7785.HEIC,IMG_7785.HEIC,"64 deg 7' 46.42"" N","21 deg 55' 3.12"" W",North,West,2026:04:04 17:38:13
C:/Projects/iceland_trip/photos/Iceland Trip/IMG_7786.HEIC,IMG_7786.HEIC,"64 deg 7' 44.83"" N","21 deg 55' 4.85"" W",North,West,2026:04:04 17:39:22
C:/Projects/iceland_trip/photos/Iceland Trip/IMG_7787.HEIC,IMG_7787.HEIC,"64 deg 7' 44.20"" N","21 deg 55' 6.14"" W",North,West,2026:04:04 17:39:54
C:/Projects/iceland_trip/photos/Iceland Trip/IMG_7788.HEIC,IMG_7788.HEIC,"64 deg 7' 43.79"" N","21 deg 55' 6.53"" W",North,West,2026:04:04 17:40:09
C:/Projects/iceland_trip/photos/Iceland Trip/IMG_7789.HEIC,IMG_7789.HEIC,"64 deg 7' 43.49"" N","21 deg 55' 7.13"" W",North,West,2026:04:04 17:40:28
C:/Projects/iceland_trip/photos/Iceland Trip/IMG_7790.HEIC,IMG_7790.HEIC,"64 deg 7' 43.49"" N","21 deg 55' 7.13"" W",North,West,2026:04:04 17:40:29
C:/Projects/iceland_trip/photos/Iceland Trip/IMG_7791.HEIC,IMG_7791.HEIC,"64 deg 7' 43.49"" N","21 deg 55' 7.13"" W",North,West,2026:04:04 17:40:31
C:/Projects/iceland_trip/photos/Iceland Trip/IMG_7792.HEIC,IMG_7792.HEIC,"64 deg 7' 43.43"" N","21 deg 55' 6.99"" W",North,West,2026:04:04 17:40:32
C:/Projects/iceland_trip/photos/Iceland Trip/IMG_7793.HEIC,IMG_7793.HEIC,"64 deg 7' 42.74"" N","21 deg 55' 6.79"" W",North,West,2026:04:04 17:41:25
C:/Projects/iceland_trip/photos/Iceland Trip/IMG_7794.HEIC,IMG_7794.HEIC,"64 deg 7' 42.77"" N","21 deg 55' 6.85"" W",North,West,2026:04:04 17:41:30
C:/Projects/iceland_trip/photos/Iceland Trip/IMG_7795.HEIC,IMG_7795.HEIC,"64 deg 7' 42.99"" N","21 deg 55' 6.47"" W",North,West,2026:04:04 17:41:44
C:/Projects/iceland_trip/photos/Iceland Trip/IMG_7800.HEIC,IMG_7800.HEIC,"64 deg 7' 44.78"" N","21 deg 55' 6.67"" W",North,West,2026:04:04 18:24:49
C:/Projects/iceland_trip/photos/Iceland Trip/IMG_7801.HEIC,IMG_7801.HEIC,"64 deg 7' 44.80"" N","21 deg 55' 6.84"" W",North,West,2026:04:04 18:25:15
C:/Projects/iceland_trip/photos/Iceland Trip/IMG_7802.HEIC,IMG_7802.HEIC,"64 deg 7' 44.75"" N","21 deg 55' 6.76"" W",North,West,2026:04:04 18:30:37
C:/Projects/iceland_trip/photos/Iceland Trip/IMG_7803.HEIC,IMG_7803.HEIC,"64 deg 7' 44.75"" N","21 deg 55' 6.74"" W",North,West,2026:04:04 18:31:04
C:/Projects/iceland_trip/photos/Iceland Trip/IMG_7804.HEIC,IMG_7804.HEIC,"64 deg 7' 44.69"" N","21 deg 55' 6.40"" W",North,West,2026:04:04 18:31:31
C:/Projects/iceland_trip/photos/Iceland Trip/IMG_7805.HEIC,IMG_7805.HEIC,"64 deg 7' 44.67"" N","21 deg 55' 7.32"" W",North,West,2026:04:04 18:32:08
C:/Projects/iceland_trip/photos/Iceland Trip/IMG_7806.HEIC,IMG_7806.HEIC,"64 deg 7' 44.67"" N","21 deg 55' 7.32"" W",North,West,2026:04:04 18:32:17
C:/Projects/iceland_trip/photos/Iceland Trip/IMG_7807.HEIC,IMG_7807.HEIC,"64 deg 7' 44.67"" N","21 deg 55' 7.32"" W",North,West,2026:04:04 18:32:30
C:/Projects/iceland_trip/photos/Iceland Trip/IMG_7808.HEIC,IMG_7808.HEIC,"64 deg 7' 44.67"" N","21 deg 55' 7.32"" W",North,West,2026:04:04 18:32:33
C:/Projects/iceland_trip/photos/Iceland Trip/IMG_7809.HEIC,IMG_7809.HEIC,"64 deg 7' 44.67"" N","21 deg 55' 7.47"" W",North,West,2026:04:04 18:32:58
C:/Projects/iceland_trip/photos/Iceland Trip/IMG_7810.HEIC,IMG_7810.HEIC,"64 deg 7' 44.69"" N","21 deg 55' 7.39"" W",North,West,2026:04:04 18:33:06
C:/Projects/iceland_trip/photos/Iceland Trip/IMG_7811.HEIC,IMG_7811.HEIC,"64 deg 7' 44.72"" N","21 deg 55' 7.29"" W",North,West,2026:04:04 18:33:14
C:/Projects/iceland_trip/photos/Iceland Trip/IMG_7812.HEIC,IMG_7812.HEIC,"64 deg 7' 44.75"" N","21 deg 55' 7.28"" W",North,West,2026:04:04 18:33:32
C:/Projects/iceland_trip/photos/Iceland Trip/IMG_7813.HEIC,IMG_7813.HEIC,"64 deg 7' 44.75"" N","21 deg 55' 6.73"" W",North,West,2026:04:04 18:34:21
C:/Projects/iceland_trip/photos/Iceland Trip/IMG_7814.HEIC,IMG_7814.HEIC,"64 deg 7' 44.75"" N","21 deg 55' 6.31"" W",North,West,2026:04:04 18:39:13
C:/Projects/iceland_trip/photos/Iceland Trip/IMG_7815.HEIC,IMG_7815.HEIC,"64 deg 7' 44.75"" N","21 deg 55' 6.22"" W",North,West,2026:04:04 18:41:31
C:/Projects/iceland_trip/photos/Iceland Trip/IMG_7816.HEIC,IMG_7816.HEIC,"64 deg 7' 44.75"" N","21 deg 55' 6.18"" W",North,West,2026:04:04 18:41:35
C:/Projects/iceland_trip/photos/Iceland Trip/IMG_7817.HEIC,IMG_7817.HEIC,"64 deg 7' 44.91"" N","21 deg 55' 6.62"" W",North,West,2026:04:04 18:42:35
C:/Projects/iceland_trip/photos/Iceland Trip/IMG_7818.HEIC,IMG_7818.HEIC,"64 deg 7' 44.94"" N","21 deg 55' 6.88"" W",North,West,2026:04:04 18:42:45
C:/Projects/iceland_trip/photos/Iceland Trip/IMG_7819.HEIC,IMG_7819.HEIC,"64 deg 7' 45.00"" N","21 deg 55' 7.06"" W",North,West,2026:04:04 18:52:06
C:/Projects/iceland_trip/photos/Iceland Trip/IMG_7820.HEIC,IMG_7820.HEIC,"64 deg 7' 45.00"" N","21 deg 55' 7.06"" W",North,West,2026:04:04 18:52:07
C:/Projects/iceland_trip/photos/Iceland Trip/IMG_7821.HEIC,IMG_7821.HEIC,"64 deg 7' 44.91"" N","21 deg 55' 7.04"" W",North,West,2026:04:04 18:52:14
C:/Projects/iceland_trip/photos/Iceland Trip/IMG_7822.HEIC,IMG_7822.HEIC,"64 deg 7' 44.91"" N","21 deg 55' 7.23"" W",North,West,2026:04:04 18:52:44
C:/Projects/iceland_trip/photos/Iceland Trip/IMG_7823.HEIC,IMG_7823.HEIC,"64 deg 7' 44.91"" N","21 deg 55' 7.23"" W",North,West,2026:04:04 18:52:47
C:/Projects/iceland_trip/photos/Iceland Trip/IMG_7824.HEIC,IMG_7824.HEIC,"64 deg 7' 45.02"" N","21 deg 55' 6.95"" W",North,West,2026:04:04 18:53:02
C:/Projects/iceland_trip/photos/Iceland Trip/IMG_7825.HEIC,IMG_7825.HEIC,"64 deg 7' 45.74"" N","21 deg 55' 7.39"" W",North,West,2026:04:04 18:53:28
C:/Projects/iceland_trip/photos/Iceland Trip/IMG_7826.HEIC,IMG_7826.HEIC,"64 deg 7' 44.97"" N","21 deg 55' 6.93"" W",North,West,2026:04:04 18:54:09
C:/Projects/iceland_trip/photos/Iceland Trip/IMG_7827.HEIC,IMG_7827.HEIC,"64 deg 7' 44.83"" N","21 deg 55' 6.85"" W",North,West,2026:04:04 18:54:41
C:/Projects/iceland_trip/photos/Iceland Trip/IMG_7828.HEIC,IMG_7828.HEIC,"64 deg 7' 44.83"" N","21 deg 55' 6.86"" W",North,West,2026:04:04 18:55:08
C:/Projects/iceland_trip/photos/Iceland Trip/IMG_7829.HEIC,IMG_7829.HEIC,"64 deg 7' 44.83"" N","21 deg 55' 6.86"" W",North,West,2026:04:04 18:55:28
C:/Projects/iceland_trip/photos/Iceland Trip/IMG_7830.HEIC,IMG_7830.HEIC,"64 deg 7' 44.83"" N","21 deg 55' 6.86"" W",North,West,2026:04:04 18:56:06
C:/Projects/iceland_trip/photos/Iceland Trip/IMG_7831.HEIC,IMG_7831.HEIC,"64 deg 7' 44.83"" N","21 deg 55' 6.87"" W",North,West,2026:04:04 19:06:52
C:/Projects/iceland_trip/photos/Iceland Trip/IMG_7832.HEIC,IMG_7832.HEIC,"64 deg 7' 44.83"" N","21 deg 55' 6.87"" W",North,West,2026:04:04 19:06:55
C:/Projects/iceland_trip/photos/Iceland Trip/IMG_7833.HEIC,IMG_7833.HEIC,"64 deg 7' 44.83"" N","21 deg 55' 6.87"" W",North,West,2026:04:04 19:07:00
C:/Projects/iceland_trip/photos/Iceland Trip/IMG_7834.HEIC,IMG_7834.HEIC,"64 deg 7' 44.83"" N","21 deg 55' 6.88"" W",North,West,2026:04:04 19:10:03
C:/Projects/iceland_trip/photos/Iceland Trip/IMG_7836.HEIC,IMG_7836.HEIC,"64 deg 7' 45.55"" N","21 deg 55' 7.28"" W",North,West,2026:04:04 19:32:01
C:/Projects/iceland_trip/photos/Iceland Trip/IMG_7837.HEIC,IMG_7837.HEIC,"64 deg 7' 45.68"" N","21 deg 55' 7.35"" W",North,West,2026:04:04 19:32:04
C:/Projects/iceland_trip/photos/Iceland Trip/IMG_7838.HEIC,IMG_7838.HEIC,"64 deg 7' 45.68"" N","21 deg 55' 7.35"" W",North,West,2026:04:04 19:32:08
C:/Projects/iceland_trip/photos/Iceland Trip/IMG_7839.HEIC,IMG_7839.HEIC,"64 deg 7' 45.68"" N","21 deg 55' 7.43"" W",North,West,2026:04:04 19:32:19
C:/Projects/iceland_trip/photos/Iceland Trip/IMG_7840.HEIC,IMG_7840.HEIC,"64 deg 7' 45.66"" N","21 deg 55' 7.43"" W",North,West,2026:04:04 19:32:20
C:/Projects/iceland_trip/photos/Iceland Trip/IMG_7841.HEIC,IMG_7841.HEIC,"64 deg 7' 44.83"" N","21 deg 55' 6.88"" W",North,West,2026:04:04 19:37:22
C:/Projects/iceland_trip/photos/Iceland Trip/IMG_7842.HEIC,IMG_7842.HEIC,"64 deg 7' 45.08"" N","21 deg 55' 4.82"" W",North,West,2026:04:04 21:08:37
C:/Projects/iceland_trip/photos/Iceland Trip/IMG_7843.HEIC,IMG_7843.HEIC,"64 deg 7' 45.08"" N","21 deg 55' 4.68"" W",North,West,2026:04:04 21:08:41
C:/Projects/iceland_trip/photos/Iceland Trip/IMG_7844.HEIC,IMG_7844.HEIC,"64 deg 7' 45.05"" N","21 deg 55' 4.58"" W",North,West,2026:04:04 21:08:46
C:/Projects/iceland_trip/photos/Iceland Trip/IMG_7845.HEIC,IMG_7845.HEIC,"64 deg 7' 45.05"" N","21 deg 55' 4.53"" W",North,West,2026:04:04 21:08:53
C:/Projects/iceland_trip/photos/Iceland Trip/IMG_7846.HEIC,IMG_7846.HEIC,"64 deg 7' 45.05"" N","21 deg 55' 4.47"" W",North,West,2026:04:04 21:08:55
C:/Projects/iceland_trip/photos/Iceland Trip/IMG_7847.HEIC,IMG_7847.HEIC,"64 deg 7' 44.61"" N","21 deg 54' 59.88"" W",North,West,2026:04:04 21:11:07
C:/Projects/iceland_trip/photos/Iceland Trip/IMG_7848.HEIC,IMG_7848.HEIC,"64 deg 7' 44.61"" N","21 deg 54' 59.85"" W",North,West,2026:04:04 21:11:15
C:/Projects/iceland_trip/photos/Iceland Trip/IMG_7849.HEIC,IMG_7849.HEIC,"64 deg 7' 44.80"" N","21 deg 55' 2.19"" W",North,West,2026:04:04 21:12:03
C:/Projects/iceland_trip/photos/Iceland Trip/IMG_7850.HEIC,IMG_7850.HEIC,"64 deg 7' 44.80"" N","21 deg 55' 2.21"" W",North,West,2026:04:04 21:12:06
C:/Projects/iceland_trip/photos/Iceland Trip/IMG_7852.HEIC,IMG_7852.HEIC,"64 deg 7' 45.77"" N","21 deg 55' 4.09"" W",North,West,2026:04:04 21:12:50
C:/Projects/iceland_trip/photos/Iceland Trip/IMG_7853.HEIC,IMG_7853.HEIC,"64 deg 7' 45.79"" N","21 deg 55' 3.99"" W",North,West,2026:04:04 21:12:52
C:/Projects/iceland_trip/photos/Iceland Trip/IMG_7854.HEIC,IMG_7854.HEIC,"64 deg 7' 45.82"" N","21 deg 55' 3.94"" W",North,West,2026:04:04 21:12:55
C:/Projects/iceland_trip/photos/Iceland Trip/IMG_7855.HEIC,IMG_7855.HEIC,"64 deg 7' 46.01"" N","21 deg 55' 6.18"" W",North,West,2026:04:04 21:13:55
C:/Projects/iceland_trip/photos/Iceland Trip/IMG_7856.HEIC,IMG_7856.HEIC,"64 deg 7' 46.01"" N","21 deg 55' 6.14"" W",North,West,2026:04:04 21:13:57
C:/Projects/iceland_trip/photos/Iceland Trip/IMG_7857.HEIC,IMG_7857.HEIC,"64 deg 7' 47.74"" N","21 deg 55' 7.94"" W",North,West,2026:04:04 21:15:39
C:/Projects/iceland_trip/photos/Iceland Trip/IMG_7858.HEIC,IMG_7858.HEIC,"64 deg 7' 50.98"" N","21 deg 55' 11.25"" W",North,West,2026:04:04 21:18:13
C:/Projects/iceland_trip/photos/Iceland Trip/IMG_7859.HEIC,IMG_7859.HEIC,"64 deg 7' 50.98"" N","21 deg 55' 11.25"" W",North,West,2026:04:04 21:18:14
C:/Projects/iceland_trip/photos/Iceland Trip/IMG_7860.HEIC,IMG_7860.HEIC,"64 deg 7' 50.98"" N","21 deg 55' 11.19"" W",North,West,2026:04:04 21:18:18
C:/Projects/iceland_trip/photos/Iceland Trip/IMG_7861.HEIC,IMG_7861.HEIC,"64 deg 7' 51.01"" N","21 deg 55' 11.17"" W",North,West,2026:04:04 21:18:20
C:/Projects/iceland_trip/photos/Iceland Trip/IMG_7862.HEIC,IMG_7862.HEIC,"64 deg 7' 50.98"" N","21 deg 55' 11.12"" W",North,West,2026:04:04 21:18:29
C:/Projects/iceland_trip/photos/Iceland Trip/IMG_7863.HEIC,IMG_7863.HEIC,"64 deg 7' 51.42"" N","21 deg 55' 11.30"" W",North,West,2026:04:04 21:18:54
C:/Projects/iceland_trip/photos/Iceland Trip/IMG_7875.HEIC,IMG_7875.HEIC,"64 deg 8' 23.61"" N","21 deg 56' 7.92"" W",North,West,2026:04:05 11:23:09
C:/Projects/iceland_trip/photos/Iceland Trip/IMG_7888.HEIC,IMG_7888.HEIC,"64 deg 8' 28.34"" N","21 deg 56' 34.53"" W",North,West,2026:04:05 13:37:58
C:/Projects/iceland_trip/photos/Iceland Trip/IMG_7889.HEIC,IMG_7889.HEIC,"64 deg 8' 28.34"" N","21 deg 56' 34.53"" W",North,West,2026:04:05 13:37:59
C:/Projects/iceland_trip/photos/Iceland Trip/IMG_7890.HEIC,IMG_7890.HEIC,"64 deg 8' 28.34"" N","21 deg 56' 34.49"" W",North,West,2026:04:05 13:38:00
C:/Projects/iceland_trip/photos/Iceland Trip/IMG_7891.HEIC,IMG_7891.HEIC,"64 deg 8' 29.49"" N","21 deg 56' 36.65"" W",North,West,2026:04:05 13:38:56
C:/Projects/iceland_trip/photos/Iceland Trip/IMG_7892.HEIC,IMG_7892.HEIC,"64 deg 8' 29.49"" N","21 deg 56' 36.65"" W",North,West,2026:04:05 13:38:59
C:/Projects/iceland_trip/photos/Iceland Trip/IMG_7893.HEIC,IMG_7893.HEIC,"64 deg 8' 30.21"" N","21 deg 56' 36.70"" W",North,West,2026:04:05 13:39:28
C:/Projects/iceland_trip/photos/Iceland Trip/IMG_7894.HEIC,IMG_7894.HEIC,"64 deg 8' 30.23"" N","21 deg 56' 36.69"" W",North,West,2026:04:05 13:39:30
C:/Projects/iceland_trip/photos/Iceland Trip/IMG_7895.HEIC,IMG_7895.HEIC,"64 deg 8' 32.57"" N","21 deg 56' 36.94"" W",North,West,2026:04:05 13:40:29
C:/Projects/iceland_trip/photos/Iceland Trip/IMG_7896.HEIC,IMG_7896.HEIC,"64 deg 8' 32.57"" N","21 deg 56' 36.95"" W",North,West,2026:04:05 13:40:32
C:/Projects/iceland_trip/photos/Iceland Trip/IMG_7897.HEIC,IMG_7897.HEIC,"64 deg 8' 32.57"" N","21 deg 56' 36.95"" W",North,West,2026:04:05 13:40:34
C:/Projects/iceland_trip/photos/Iceland Trip/IMG_7898.HEIC,IMG_7898.HEIC,"64 deg 8' 35.48"" N","21 deg 56' 37.02"" W",North,West,2026:04:05 13:41:52
C:/Projects/iceland_trip/photos/Iceland Trip/IMG_7899.HEIC,IMG_7899.HEIC,"64 deg 8' 35.48"" N","21 deg 56' 37.02"" W",North,West,2026:04:05 13:41:53
C:/Projects/iceland_trip/photos/Iceland Trip/IMG_7900.HEIC,IMG_7900.HEIC,"64 deg 8' 35.48"" N","21 deg 56' 37.02"" W",North,West,2026:04:05 13:41:54
C:/Projects/iceland_trip/photos/Iceland Trip/IMG_7901.HEIC,IMG_7901.HEIC,"64 deg 8' 35.45"" N","21 deg 56' 37.03"" W",North,West,2026:04:05 13:41:57
C:/Projects/iceland_trip/photos/Iceland Trip/IMG_7902.HEIC,IMG_7902.HEIC,"64 deg 8' 37.13"" N","21 deg 56' 40.21"" W",North,West,2026:04:05 13:43:07
C:/Projects/iceland_trip/photos/Iceland Trip/IMG_7903.HEIC,IMG_7903.HEIC,"64 deg 8' 37.13"" N","21 deg 56' 40.21"" W",North,West,2026:04:05 13:43:08
C:/Projects/iceland_trip/photos/Iceland Trip/IMG_7904.HEIC,IMG_7904.HEIC,"64 deg 8' 37.68"" N","21 deg 56' 41.38"" W",North,West,2026:04:05 13:43:37
C:/Projects/iceland_trip/photos/Iceland Trip/IMG_7905.HEIC,IMG_7905.HEIC,"64 deg 8' 37.68"" N","21 deg 56' 41.39"" W",North,West,2026:04:05 13:43:37
C:/Projects/iceland_trip/photos/Iceland Trip/IMG_7906.HEIC,IMG_7906.HEIC,"64 deg 8' 37.68"" N","21 deg 56' 41.39"" W",North,West,2026:04:05 13:43:38
C:/Projects/iceland_trip/photos/Iceland Trip/IMG_7907.HEIC,IMG_7907.HEIC,"64 deg 8' 47.12"" N","21 deg 56' 32.89"" W",North,West,2026:04:05 13:48:29
C:/Projects/iceland_trip/photos/Iceland Trip/IMG_7908.HEIC,IMG_7908.HEIC,"64 deg 8' 47.12"" N","21 deg 56' 32.89"" W",North,West,2026:04:05 13:48:30
C:/Projects/iceland_trip/photos/Iceland Trip/IMG_7909.HEIC,IMG_7909.HEIC,"64 deg 8' 45.92"" N","21 deg 56' 28.17"" W",North,West,2026:04:05 13:49:49
C:/Projects/iceland_trip/photos/Iceland Trip/IMG_7910.HEIC,IMG_7910.HEIC,"64 deg 8' 45.48"" N","21 deg 56' 26.03"" W",North,West,2026:04:05 13:50:22
C:/Projects/iceland_trip/photos/Iceland Trip/IMG_7911.HEIC,IMG_7911.HEIC,"64 deg 8' 45.48"" N","21 deg 56' 26.12"" W",North,West,2026:04:05 13:50:23
C:/Projects/iceland_trip/photos/Iceland Trip/IMG_7912.HEIC,IMG_7912.HEIC,"64 deg 8' 45.48"" N","21 deg 56' 26.14"" W",North,West,2026:04:05 13:50:23
C:/Projects/iceland_trip/photos/Iceland Trip/IMG_7913.HEIC,IMG_7913.HEIC,"64 deg 8' 44.90"" N","21 deg 56' 25.07"" W",North,West,2026:04:05 13:50:49
C:/Projects/iceland_trip/photos/Iceland Trip/IMG_7914.HEIC,IMG_7914.HEIC,"64 deg 8' 44.90"" N","21 deg 56' 25.09"" W",North,West,2026:04:05 13:50:51
C:/Projects/iceland_trip/photos/Iceland Trip/IMG_7915.HEIC,IMG_7915.HEIC,"64 deg 8' 44.84"" N","21 deg 56' 25.25"" W",North,West,2026:04:05 13:51:11
C:/Projects/iceland_trip/photos/Iceland Trip/IMG_7916.HEIC,IMG_7916.HEIC,"64 deg 8' 44.82"" N","21 deg 56' 25.24"" W",North,West,2026:04:05 13:51:15
C:/Projects/iceland_trip/photos/Iceland Trip/IMG_7917.HEIC,IMG_7917.HEIC,"64 deg 8' 44.40"" N","21 deg 56' 24.52"" W",North,West,2026:04:05 13:51:39
C:/Projects/iceland_trip/photos/Iceland Trip/IMG_7918.HEIC,IMG_7918.HEIC,"64 deg 8' 43.99"" N","21 deg 56' 23.06"" W",North,West,2026:04:05 13:52:14
C:/Projects/iceland_trip/photos/Iceland Trip/IMG_7919.HEIC,IMG_7919.HEIC,"64 deg 8' 43.97"" N","21 deg 56' 23.19"" W",North,West,2026:04:05 13:52:22
C:/Projects/iceland_trip/photos/Iceland Trip/IMG_7920.HEIC,IMG_7920.HEIC,"64 deg 8' 43.97"" N","21 deg 56' 23.19"" W",North,West,2026:04:05 13:52:24
C:/Projects/iceland_trip/photos/Iceland Trip/IMG_7921.HEIC,IMG_7921.HEIC,"64 deg 8' 34.57"" N","21 deg 56' 26.47"" W",North,West,2026:04:05 13:57:01
C:/Projects/iceland_trip/photos/Iceland Trip/IMG_7922.HEIC,IMG_7922.HEIC,"64 deg 8' 34.57"" N","21 deg 56' 26.48"" W",North,West,2026:04:05 13:57:04
C:/Projects/iceland_trip/photos/Iceland Trip/IMG_7923.HEIC,IMG_7923.HEIC,"64 deg 8' 34.57"" N","21 deg 56' 26.49"" W",North,West,2026:04:05 13:57:05
C:/Projects/iceland_trip/photos/Iceland Trip/IMG_7924.HEIC,IMG_7924.HEIC,"64 deg 8' 34.74"" N","21 deg 56' 28.47"" W",North,West,2026:04:05 13:57:35
C:/Projects/iceland_trip/photos/Iceland Trip/IMG_7925.HEIC,IMG_7925.HEIC,"64 deg 8' 34.71"" N","21 deg 56' 28.50"" W",North,West,2026:04:05 13:57:39
C:/Projects/iceland_trip/photos/Iceland Trip/IMG_7926.HEIC,IMG_7926.HEIC,"64 deg 8' 35.12"" N","21 deg 56' 34.25"" W",North,West,2026:04:05 13:58:37
C:/Projects/iceland_trip/photos/Iceland Trip/IMG_7927.HEIC,IMG_7927.HEIC,"64 deg 8' 35.09"" N","21 deg 56' 34.23"" W",North,West,2026:04:05 13:58:41
C:/Projects/iceland_trip/photos/Iceland Trip/IMG_7928.HEIC,IMG_7928.HEIC,"64 deg 8' 35.73"" N","21 deg 56' 54.14"" W",North,West,2026:04:05 14:03:00
C:/Projects/iceland_trip/photos/Iceland Trip/IMG_7929.HEIC,IMG_7929.HEIC,"64 deg 8' 41.16"" N","21 deg 57' 6.42"" W",North,West,2026:04:05 14:06:10
C:/Projects/iceland_trip/photos/Iceland Trip/IMG_7930.HEIC,IMG_7930.HEIC,"64 deg 8' 41.66"" N","21 deg 57' 5.87"" W",North,West,2026:04:05 14:06:49
C:/Projects/iceland_trip/photos/Iceland Trip/IMG_7931.HEIC,IMG_7931.HEIC,"64 deg 8' 43.33"" N","21 deg 57' 10.34"" W",North,West,2026:04:05 14:08:12
C:/Projects/iceland_trip/photos/Iceland Trip/IMG_7932.HEIC,IMG_7932.HEIC,"64 deg 9' 1.43"" N","21 deg 57' 36.25"" W",North,West,2026:04:05 14:16:31
C:/Projects/iceland_trip/photos/Iceland Trip/IMG_7933.HEIC,IMG_7933.HEIC,"64 deg 9' 3.11"" N","21 deg 57' 35.72"" W",North,West,2026:04:05 14:17:09
C:/Projects/iceland_trip/photos/Iceland Trip/IMG_7934.HEIC,IMG_7934.HEIC,"64 deg 9' 3.58"" N","21 deg 57' 32.22"" W",North,West,2026:04:05 14:17:34
C:/Projects/iceland_trip/photos/Iceland Trip/IMG_7935.HEIC,IMG_7935.HEIC,"64 deg 9' 3.60"" N","21 deg 57' 32.23"" W",North,West,2026:04:05 14:17:35
C:/Projects/iceland_trip/photos/Iceland Trip/IMG_7936.HEIC,IMG_7936.HEIC,"64 deg 9' 4.98"" N","21 deg 57' 32.52"" W",North,West,2026:04:05 14:18:26
C:/Projects/iceland_trip/photos/Iceland Trip/IMG_7937.HEIC,IMG_7937.HEIC,"64 deg 9' 4.98"" N","21 deg 57' 32.51"" W",North,West,2026:04:05 14:18:26
C:/Projects/iceland_trip/photos/Iceland Trip/IMG_7938.HEIC,IMG_7938.HEIC,"64 deg 9' 5.00"" N","21 deg 57' 32.58"" W",North,West,2026:04:05 14:18:30
C:/Projects/iceland_trip/photos/Iceland Trip/IMG_7939.HEIC,IMG_7939.HEIC,"64 deg 9' 4.98"" N","21 deg 57' 34.69"" W",North,West,2026:04:05 14:19:13
C:/Projects/iceland_trip/photos/Iceland Trip/IMG_7940.HEIC,IMG_7940.HEIC,"64 deg 9' 4.98"" N","21 deg 57' 34.69"" W",North,West,2026:04:05 14:19:14
C:/Projects/iceland_trip/photos/Iceland Trip/IMG_7941.HEIC,IMG_7941.HEIC,"64 deg 9' 4.98"" N","21 deg 57' 34.62"" W",North,West,2026:04:05 14:19:20
C:/Projects/iceland_trip/photos/Iceland Trip/IMG_7942.HEIC,IMG_7942.HEIC,"64 deg 9' 4.65"" N","21 deg 57' 39.49"" W",North,West,2026:04:05 14:20:23
C:/Projects/iceland_trip/photos/Iceland Trip/IMG_7943.HEIC,IMG_7943.HEIC,"64 deg 9' 4.65"" N","21 deg 57' 39.44"" W",North,West,2026:04:05 14:20:24
C:/Projects/iceland_trip/photos/Iceland Trip/IMG_7944.HEIC,IMG_7944.HEIC,"64 deg 9' 4.65"" N","21 deg 57' 39.44"" W",North,West,2026:04:05 14:20:25
C:/Projects/iceland_trip/photos/Iceland Trip/IMG_7945.HEIC,IMG_7945.HEIC,"64 deg 9' 0.91"" N","21 deg 58' 13.91"" W",North,West,2026:04:05 14:26:43
C:/Projects/iceland_trip/photos/Iceland Trip/IMG_7946.HEIC,IMG_7946.HEIC,"64 deg 9' 0.91"" N","21 deg 58' 13.91"" W",North,West,2026:04:05 14:26:44
C:/Projects/iceland_trip/photos/Iceland Trip/IMG_7947.HEIC,IMG_7947.HEIC,"64 deg 9' 0.91"" N","21 deg 58' 14.00"" W",North,West,2026:04:05 14:26:50
C:/Projects/iceland_trip/photos/Iceland Trip/IMG_7948.HEIC,IMG_7948.HEIC,"64 deg 9' 0.94"" N","21 deg 58' 14.12"" W",North,West,2026:04:05 14:27:04
C:/Projects/iceland_trip/photos/Iceland Trip/IMG_7949.HEIC,IMG_7949.HEIC,"64 deg 9' 6.32"" N","21 deg 59' 1.50"" W",North,West,2026:04:05 14:38:02
C:/Projects/iceland_trip/photos/Iceland Trip/IMG_7950.HEIC,IMG_7950.HEIC,"64 deg 9' 6.32"" N","21 deg 59' 1.47"" W",North,West,2026:04:05 14:38:07
C:/Projects/iceland_trip/photos/Iceland Trip/IMG_7951.HEIC,IMG_7951.HEIC,"64 deg 9' 6.32"" N","21 deg 59' 1.46"" W",North,West,2026:04:05 14:38:12
C:/Projects/iceland_trip/photos/Iceland Trip/IMG_7952.HEIC,IMG_7952.HEIC,"64 deg 9' 6.32"" N","21 deg 59' 1.48"" W",North,West,2026:04:05 14:38:13
C:/Projects/iceland_trip/photos/Iceland Trip/IMG_7953.HEIC,IMG_7953.HEIC,"64 deg 9' 6.32"" N","21 deg 59' 1.48"" W",North,West,2026:04:05 14:38:15
C:/Projects/iceland_trip/photos/Iceland Trip/IMG_7954.HEIC,IMG_7954.HEIC,"64 deg 9' 8.38"" N","21 deg 59' 5.43"" W",North,West,2026:04:05 14:39:25
C:/Projects/iceland_trip/photos/Iceland Trip/IMG_7955.HEIC,IMG_7955.HEIC,"64 deg 9' 8.38"" N","21 deg 59' 5.43"" W",North,West,2026:04:05 14:39:27
C:/Projects/iceland_trip/photos/Iceland Trip/IMG_7956.HEIC,IMG_7956.HEIC,"64 deg 9' 9.67"" N","21 deg 57' 7.45"" W",North,West,2026:04:05 15:03:36
C:/Projects/iceland_trip/photos/Iceland Trip/IMG_7957.HEIC,IMG_7957.HEIC,"64 deg 9' 10.50"" N","21 deg 56' 53.58"" W",North,West,2026:04:05 16:10:10
C:/Projects/iceland_trip/photos/Iceland Trip/IMG_7958.HEIC,IMG_7958.HEIC,"64 deg 9' 10.44"" N","21 deg 56' 53.51"" W",North,West,2026:04:05 16:10:13
C:/Projects/iceland_trip/photos/Iceland Trip/IMG_7959.HEIC,IMG_7959.HEIC,"64 deg 8' 57.62"" N","21 deg 55' 57.77"" W",North,West,2026:04:05 16:25:23
C:/Projects/iceland_trip/photos/Iceland Trip/IMG_7960.HEIC,IMG_7960.HEIC,"64 deg 8' 57.64"" N","21 deg 55' 57.71"" W",North,West,2026:04:05 16:25:24
C:/Projects/iceland_trip/photos/Iceland Trip/IMG_7961.HEIC,IMG_7961.HEIC,"64 deg 8' 57.64"" N","21 deg 55' 57.67"" W",North,West,2026:04:05 16:25:26
C:/Projects/iceland_trip/photos/Iceland Trip/IMG_7962.HEIC,IMG_7962.HEIC,"64 deg 8' 57.64"" N","21 deg 55' 57.67"" W",North,West,2026:04:05 16:25:26
C:/Projects/iceland_trip/photos/Iceland Trip/IMG_7963.HEIC,IMG_7963.HEIC,"64 deg 8' 57.67"" N","21 deg 55' 57.61"" W",North,West,2026:04:05 16:25:28
C:/Projects/iceland_trip/photos/Iceland Trip/IMG_7964.HEIC,IMG_7964.HEIC,"64 deg 8' 50.61"" N","21 deg 55' 21.54"" W",North,West,2026:04:05 16:32:35
C:/Projects/iceland_trip/photos/Iceland Trip/IMG_7965.HEIC,IMG_7965.HEIC,"64 deg 8' 50.94"" N","21 deg 55' 21.25"" W",North,West,2026:04:05 16:32:44
C:/Projects/iceland_trip/photos/Iceland Trip/IMG_7966.HEIC,IMG_7966.HEIC,"64 deg 8' 50.94"" N","21 deg 55' 21.24"" W",North,West,2026:04:05 16:32:45
C:/Projects/iceland_trip/photos/Iceland Trip/IMG_7970.HEIC,IMG_7970.HEIC,"64 deg 8' 45.34"" N","21 deg 53' 56.17"" W",North,West,2026:04:05 18:08:39
C:/Projects/iceland_trip/photos/Iceland Trip/IMG_7971.HEIC,IMG_7971.HEIC,"64 deg 8' 45.34"" N","21 deg 53' 56.27"" W",North,West,2026:04:05 18:08:49
C:/Projects/iceland_trip/photos/Iceland Trip/IMG_7982.HEIC,IMG_7982.HEIC,"64 deg 8' 32.81"" N","21 deg 55' 42.63"" W",North,West,2026:04:06 17:22:36
C:/Projects/iceland_trip/photos/Iceland Trip/IMG_7986.HEIC,IMG_7986.HEIC,"64 deg 8' 47.48"" N","21 deg 56' 15.18"" W",North,West,2026:04:07 16:37:58
C:/Projects/iceland_trip/photos/Iceland Trip/IMG_7997.HEIC,IMG_7997.HEIC,"64 deg 9' 22.97"" N","21 deg 56' 41.04"" W",North,West,2026:04:08 18:43:52
C:/Projects/iceland_trip/photos/Iceland Trip/IMG_7998.HEIC,IMG_7998.HEIC,"64 deg 9' 23.08"" N","21 deg 56' 41.21"" W",North,West,2026:04:08 18:44:40
C:/Projects/iceland_trip/photos/Iceland Trip/IMG_7999.HEIC,IMG_7999.HEIC,"64 deg 8' 55.97"" N","21 deg 56' 8.38"" W",North,West,2026:04:08 19:30:19
C:/Projects/iceland_trip/photos/Iceland Trip/IMG_8002.HEIC,IMG_8002.HEIC,"64 deg 9' 0.14"" N","21 deg 55' 58.55"" W",North,West,2026:04:08 19:38:12
C:/Projects/iceland_trip/photos/Iceland Trip/IMG_8003.HEIC,IMG_8003.HEIC,"64 deg 9' 0.14"" N","21 deg 55' 58.55"" W",North,West,2026:04:08 19:38:13
C:/Projects/iceland_trip/photos/Iceland Trip/IMG_8004.HEIC,IMG_8004.HEIC,"64 deg 9' 0.14"" N","21 deg 55' 58.55"" W",North,West,2026:04:08 19:38:14
C:/Projects/iceland_trip/photos/Iceland Trip/IMG_8005.HEIC,IMG_8005.HEIC,"64 deg 9' 0.09"" N","21 deg 55' 58.60"" W",North,West,2026:04:08 19:38:32
C:/Projects/iceland_trip/photos/Iceland Trip/IMG_8006.HEIC,IMG_8006.HEIC,"64 deg 9' 0.14"" N","21 deg 55' 58.56"" W",North,West,2026:04:08 19:39:41
C:/Projects/iceland_trip/photos/Iceland Trip/IMG_8007.HEIC,IMG_8007.HEIC,"64 deg 9' 0.12"" N","21 deg 55' 58.72"" W",North,West,2026:04:08 19:39:58
C:/Projects/iceland_trip/photos/Iceland Trip/IMG_8008.HEIC,IMG_8008.HEIC,"64 deg 8' 33.20"" N","21 deg 55' 24.14"" W",North,West,2026:04:08 20:35:26
C:/Projects/iceland_trip/photos/Iceland Trip/IMG_8028.HEIC,IMG_8028.HEIC,"64 deg 8' 43.25"" N","21 deg 55' 39.84"" W",North,West,2026:04:09 22:08:16
C:/Projects/iceland_trip/photos/Iceland Trip/IMG_8037.MOV,IMG_8037.MOV,"64 deg 8' 43.08"" N","21 deg 55' 38.28"" W",,,
C:/Projects/iceland_trip/photos/Iceland Trip/IMG_8039.MOV,IMG_8039.MOV,"64 deg 8' 43.08"" N","21 deg 55' 39.00"" W",,,
C:/Projects/iceland_trip/photos/Iceland Trip/IMG_8040.HEIC,IMG_8040.HEIC,"64 deg 8' 43.20"" N","21 deg 55' 37.99"" W",North,West,2026:04:09 23:23:14
C:/Projects/iceland_trip/photos/Iceland Trip/IMG_8043.MOV,IMG_8043.MOV,"64 deg 8' 43.08"" N","21 deg 55' 38.28"" W",,,
C:/Projects/iceland_trip/photos/Iceland Trip/IMG_8045.MOV,IMG_8045.MOV,"64 deg 8' 43.08"" N","21 deg 55' 37.92"" W",,,
C:/Projects/iceland_trip/photos/Iceland Trip/IMG_8046.MOV,IMG_8046.MOV,"64 deg 8' 43.44"" N","21 deg 55' 38.28"" W",,,
C:/Projects/iceland_trip/photos/Iceland Trip/IMG_8050.HEIC,IMG_8050.HEIC,"64 deg 8' 43.22"" N","21 deg 55' 38.29"" W",North,West,2026:04:10 01:01:18
C:/Projects/iceland_trip/photos/Iceland Trip/IMG_8053.HEIC,IMG_8053.HEIC,"64 deg 9' 0.39"" N","21 deg 56' 34.89"" W",North,West,2026:04:10 21:31:09
C:/Projects/iceland_trip/photos/Iceland Trip/IMG_8054.HEIC,IMG_8054.HEIC,"64 deg 9' 0.39"" N","21 deg 56' 34.89"" W",North,West,2026:04:10 21:31:10
C:/Projects/iceland_trip/photos/Iceland Trip/IMG_8055.HEIC,IMG_8055.HEIC,"64 deg 9' 0.42"" N","21 deg 56' 34.83"" W",North,West,2026:04:10 21:31:11
C:/Projects/iceland_trip/photos/Iceland Trip/IMG_8058.HEIC,IMG_8058.HEIC,"64 deg 9' 2.29"" N","21 deg 56' 38.87"" W",North,West,2026:04:10 22:09:35
C:/Projects/iceland_trip/photos/Iceland Trip/IMG_8059.HEIC,IMG_8059.HEIC,"64 deg 9' 2.29"" N","21 deg 56' 38.85"" W",North,West,2026:04:10 22:09:37
C:/Projects/iceland_trip/photos/Iceland Trip/IMG_8067.HEIC,IMG_8067.HEIC,"64 deg 8' 50.86"" N","21 deg 56' 19.51"" W",North,West,2026:04:11 00:48:23
C:/Projects/iceland_trip/photos/Iceland Trip/IMG_8072.HEIC,IMG_8072.HEIC,"64 deg 8' 51.41"" N","21 deg 56' 24.15"" W",North,West,2026:04:11 03:27:27
C:/Projects/iceland_trip/photos/Iceland Trip/IMG_8074.HEIC,IMG_8074.HEIC,"64 deg 8' 41.49"" N","21 deg 56' 9.24"" W",North,West,2026:04:11 04:43:29
C:/Projects/iceland_trip/photos/Iceland Trip/IMG_8076.HEIC,IMG_8076.HEIC,"64 deg 8' 41.22"" N","21 deg 56' 9.57"" W",North,West,2026:04:11 04:43:36
C:/Projects/iceland_trip/photos/Iceland Trip/IMG_8079.HEIC,IMG_8079.HEIC,"64 deg 8' 37.57"" N","21 deg 56' 12.34"" W",North,West,2026:04:11 04:45:27
C:/Projects/iceland_trip/photos/Iceland Trip/IMG_8083.HEIC,IMG_8083.HEIC,"64 deg 8' 31.94"" N","21 deg 55' 45.41"" W",North,West,2026:04:11 05:04:23
C:/Projects/iceland_trip/photos/Iceland Trip/IMG_8084.HEIC,IMG_8084.HEIC,"64 deg 8' 31.85"" N","21 deg 55' 45.41"" W",North,West,2026:04:11 05:04:29
C:/Projects/iceland_trip/photos/Iceland Trip/IMG_8085.HEIC,IMG_8085.HEIC,"64 deg 8' 30.84"" N","21 deg 55' 49.11"" W",North,West,2026:04:11 05:05:33
C:/Projects/iceland_trip/photos/Iceland Trip/IMG_8086.HEIC,IMG_8086.HEIC,"64 deg 8' 30.84"" N","21 deg 55' 49.11"" W",North,West,2026:04:11 05:05:34
C:/Projects/iceland_trip/photos/Iceland Trip/IMG_8090.HEIC,IMG_8090.HEIC,"64 deg 8' 35.89"" N","21 deg 55' 40.89"" W",North,West,2026:04:11 18:14:20
C:/Projects/iceland_trip/photos/Iceland Trip/IMG_8091.HEIC,IMG_8091.HEIC,"64 deg 8' 35.89"" N","21 deg 55' 40.85"" W",North,West,2026:04:11 18:14:24
C:/Projects/iceland_trip/photos/Iceland Trip/IMG_8092.HEIC,IMG_8092.HEIC,"64 deg 8' 35.95"" N","21 deg 55' 40.80"" W",North,West,2026:04:11 18:14:34
C:/Projects/iceland_trip/photos/Iceland Trip/IMG_8093.HEIC,IMG_8093.HEIC,"64 deg 8' 35.95"" N","21 deg 55' 40.80"" W",North,West,2026:04:11 18:14:35
C:/Projects/iceland_trip/photos/Iceland Trip/IMG_8094.HEIC,IMG_8094.HEIC,"64 deg 8' 37.15"" N","21 deg 55' 37.06"" W",North,West,2026:04:11 18:15:39
C:/Projects/iceland_trip/photos/Iceland Trip/IMG_8095.HEIC,IMG_8095.HEIC,"64 deg 8' 37.15"" N","21 deg 55' 36.93"" W",North,West,2026:04:11 18:15:44
C:/Projects/iceland_trip/photos/Iceland Trip/IMG_8096.HEIC,IMG_8096.HEIC,"64 deg 8' 36.96"" N","21 deg 55' 37.25"" W",North,West,2026:04:11 18:15:59
C:/Projects/iceland_trip/photos/Iceland Trip/IMG_8097.HEIC,IMG_8097.HEIC,"64 deg 8' 36.96"" N","21 deg 55' 37.25"" W",North,West,2026:04:11 18:16:00
C:/Projects/iceland_trip/photos/Iceland Trip/IMG_8099.HEIC,IMG_8099.HEIC,"64 deg 8' 37.90"" N","21 deg 55' 33.68"" W",North,West,2026:04:11 18:17:02
C:/Projects/iceland_trip/photos/Iceland Trip/IMG_8101.HEIC,IMG_8101.HEIC,"64 deg 8' 37.90"" N","21 deg 55' 33.57"" W",North,West,2026:04:11 18:17:06
C:/Projects/iceland_trip/photos/Iceland Trip/IMG_8102.HEIC,IMG_8102.HEIC,"64 deg 8' 41.30"" N","21 deg 55' 29.96"" W",North,West,2026:04:11 18:18:52
C:/Projects/iceland_trip/photos/Iceland Trip/IMG_8103.HEIC,IMG_8103.HEIC,"64 deg 8' 41.77"" N","21 deg 55' 29.80"" W",North,West,2026:04:11 18:19:18
C:/Projects/iceland_trip/photos/Iceland Trip/IMG_8104.HEIC,IMG_8104.HEIC,"64 deg 8' 41.77"" N","21 deg 55' 29.70"" W",North,West,2026:04:11 18:19:21
C:/Projects/iceland_trip/photos/Iceland Trip/IMG_8105.HEIC,IMG_8105.HEIC,"64 deg 8' 41.82"" N","21 deg 55' 29.83"" W",North,West,2026:04:11 18:19:35
C:/Projects/iceland_trip/photos/Iceland Trip/IMG_8106.HEIC,IMG_8106.HEIC,"64 deg 8' 41.82"" N","21 deg 55' 29.83"" W",North,West,2026:04:11 18:19:36
C:/Projects/iceland_trip/photos/Iceland Trip/IMG_8109.HEIC,IMG_8109.HEIC,"64 deg 8' 42.04"" N","21 deg 55' 32.91"" W",North,West,2026:04:11 20:37:57
C:/Projects/iceland_trip/photos/Iceland Trip/IMG_8110.HEIC,IMG_8110.HEIC,"64 deg 8' 42.24"" N","21 deg 55' 33.11"" W",North,West,2026:04:11 20:38:00
C:/Projects/iceland_trip/photos/Iceland Trip/IMG_8111.HEIC,IMG_8111.HEIC,"64 deg 8' 42.73"" N","21 deg 55' 35.98"" W",North,West,2026:04:11 20:39:45
C:/Projects/iceland_trip/photos/Iceland Trip/IMG_8112.HEIC,IMG_8112.HEIC,"64 deg 8' 42.73"" N","21 deg 55' 36.05"" W",North,West,2026:04:11 20:39:59
C:/Projects/iceland_trip/photos/Iceland Trip/IMG_8113.HEIC,IMG_8113.HEIC,"64 deg 8' 47.01"" N","21 deg 55' 56.70"" W",North,West,2026:04:11 20:45:14
C:/Projects/iceland_trip/photos/Iceland Trip/IMG_8114.HEIC,IMG_8114.HEIC,"64 deg 8' 47.07"" N","21 deg 55' 56.98"" W",North,West,2026:04:11 20:45:17
C:/Projects/iceland_trip/photos/Iceland Trip/IMG_8115.HEIC,IMG_8115.HEIC,"64 deg 8' 47.26"" N","21 deg 55' 58.71"" W",North,West,2026:04:11 20:45:44
C:/Projects/iceland_trip/photos/Iceland Trip/IMG_8116.HEIC,IMG_8116.HEIC,"64 deg 8' 46.96"" N","21 deg 55' 55.32"" W",North,West,2026:04:11 21:02:12
C:/Projects/iceland_trip/photos/Iceland Trip/IMG_8117.HEIC,IMG_8117.HEIC,"64 deg 8' 46.93"" N","21 deg 55' 55.35"" W",North,West,2026:04:11 21:02:12
C:/Projects/iceland_trip/photos/Iceland Trip/IMG_8118.HEIC,IMG_8118.HEIC,"64 deg 8' 46.93"" N","21 deg 55' 55.40"" W",North,West,2026:04:11 21:02:16
C:/Projects/iceland_trip/photos/Iceland Trip/IMG_8119.HEIC,IMG_8119.HEIC,"64 deg 8' 46.93"" N","21 deg 55' 55.40"" W",North,West,2026:04:11 21:02:17
C:/Projects/iceland_trip/photos/Iceland Trip/IMG_8120.HEIC,IMG_8120.HEIC,"64 deg 8' 46.33"" N","21 deg 55' 41.19"" W",North,West,2026:04:11 23:17:22
C:/Projects/iceland_trip/photos/Iceland Trip/IMG_8121.HEIC,IMG_8121.HEIC,"64 deg 8' 46.33"" N","21 deg 55' 41.19"" W",North,West,2026:04:11 23:18:14
C:/Projects/iceland_trip/photos/Iceland Trip/IMG_8128.HEIC,IMG_8128.HEIC,"64 deg 8' 46.33"" N","21 deg 55' 41.19"" W",North,West,2026:04:12 01:02:32
C:/Projects/iceland_trip/photos/Iceland Trip/IMG_8133.HEIC,IMG_8133.HEIC,"64 deg 8' 46.33"" N","21 deg 55' 41.19"" W",North,West,2026:04:12 01:03:16
C:/Projects/iceland_trip/photos/Iceland Trip/IMG_8146.HEIC,IMG_8146.HEIC,"64 deg 8' 50.26"" N","21 deg 56' 22.00"" W",North,West,2026:04:13 00:23:05
C:/Projects/iceland_trip/photos/Iceland Trip/IMG_8152.HEIC,IMG_8152.HEIC,"64 deg 8' 30.62"" N","21 deg 56' 54.96"" W",North,West,2026:04:13 11:02:45
C:/Projects/iceland_trip/photos/Iceland Trip/IMG_8190.HEIC,IMG_8190.HEIC,"64 deg 9' 7.12"" N","21 deg 56' 51.73"" W",North,West,2026:04:15 14:07:25
C:/Projects/iceland_trip/photos/Iceland Trip/IMG_8191.HEIC,IMG_8191.HEIC,"64 deg 9' 7.15"" N","21 deg 56' 51.67"" W",North,West,2026:04:15 14:07:25
C:/Projects/iceland_trip/photos/Iceland Trip/IMG_8192.HEIC,IMG_8192.HEIC,"64 deg 9' 8.82"" N","21 deg 56' 50.99"" W",North,West,2026:04:15 14:08:30
C:/Projects/iceland_trip/photos/Iceland Trip/IMG_8193.HEIC,IMG_8193.HEIC,"64 deg 9' 9.65"" N","21 deg 56' 52.14"" W",North,West,2026:04:15 14:08:59
C:/Projects/iceland_trip/photos/Iceland Trip/IMG_8194.HEIC,IMG_8194.HEIC,"64 deg 9' 9.62"" N","21 deg 56' 52.15"" W",North,West,2026:04:15 14:09:01
C:/Projects/iceland_trip/photos/Iceland Trip/IMG_8195.HEIC,IMG_8195.HEIC,"64 deg 9' 10.42"" N","21 deg 56' 53.34"" W",North,West,2026:04:15 14:09:34
C:/Projects/iceland_trip/photos/Iceland Trip/IMG_8196.HEIC,IMG_8196.HEIC,"64 deg 9' 11.40"" N","21 deg 56' 53.62"" W",North,West,2026:04:15 14:10:13
C:/Projects/iceland_trip/photos/Iceland Trip/IMG_8197.HEIC,IMG_8197.HEIC,"64 deg 9' 11.40"" N","21 deg 56' 53.71"" W",North,West,2026:04:15 14:10:15
C:/Projects/iceland_trip/photos/Iceland Trip/IMG_8198.HEIC,IMG_8198.HEIC,"64 deg 9' 12.09"" N","21 deg 56' 52.28"" W",North,West,2026:04:15 14:10:37
C:/Projects/iceland_trip/photos/Iceland Trip/IMG_8199.HEIC,IMG_8199.HEIC,"64 deg 9' 4.78"" N","21 deg 57' 40.69"" W",North,West,2026:04:15 14:21:06
C:/Projects/iceland_trip/photos/Iceland Trip/IMG_8200.HEIC,IMG_8200.HEIC,"64 deg 9' 4.89"" N","21 deg 57' 44.57"" W",North,West,2026:04:15 14:22:18
C:/Projects/iceland_trip/photos/Iceland Trip/IMG_8201.HEIC,IMG_8201.HEIC,"64 deg 9' 4.89"" N","21 deg 57' 44.57"" W",North,West,2026:04:15 14:22:19
C:/Projects/iceland_trip/photos/Iceland Trip/IMG_8202.HEIC,IMG_8202.HEIC,"64 deg 9' 4.29"" N","21 deg 57' 47.74"" W",North,West,2026:04:15 14:23:19
C:/Projects/iceland_trip/photos/Iceland Trip/IMG_8203.HEIC,IMG_8203.HEIC,"64 deg 9' 4.59"" N","21 deg 58' 52.84"" W",North,West,2026:04:15 14:45:37
C:/Projects/iceland_trip/photos/Iceland Trip/IMG_8204.HEIC,IMG_8204.HEIC,"64 deg 9' 4.56"" N","21 deg 58' 52.76"" W",North,West,2026:04:15 14:45:42
C:/Projects/iceland_trip/photos/Iceland Trip/IMG_8205.HEIC,IMG_8205.HEIC,"64 deg 9' 4.56"" N","21 deg 58' 52.64"" W",North,West,2026:04:15 14:45:49
C:/Projects/iceland_trip/photos/Iceland Trip/IMG_8206.HEIC,IMG_8206.HEIC,"64 deg 9' 4.56"" N","21 deg 58' 52.63"" W",North,West,2026:04:15 14:45:54
C:/Projects/iceland_trip/photos/Iceland Trip/IMG_8207.HEIC,IMG_8207.HEIC,"64 deg 9' 4.62"" N","21 deg 58' 52.68"" W",North,West,2026:04:15 14:45:58
C:/Projects/iceland_trip/photos/Iceland Trip/IMG_8208.HEIC,IMG_8208.HEIC,"64 deg 9' 4.56"" N","21 deg 58' 52.61"" W",North,West,2026:04:15 14:46:36
C:/Projects/iceland_trip/photos/Iceland Trip/IMG_8209.HEIC,IMG_8209.HEIC,"64 deg 9' 4.59"" N","21 deg 58' 52.61"" W",North,West,2026:04:15 14:46:39
C:/Projects/iceland_trip/photos/Iceland Trip/IMG_8210.HEIC,IMG_8210.HEIC,"64 deg 8' 41.80"" N","21 deg 56' 8.86"" W",North,West,2026:04:15 15:28:29
C:/Projects/iceland_trip/photos/Iceland Trip/IMG_8211.HEIC,IMG_8211.HEIC,"64 deg 8' 41.71"" N","21 deg 56' 8.89"" W",North,West,2026:04:15 15:28:33
C:/Projects/iceland_trip/photos/Iceland Trip/IMG_8212.HEIC,IMG_8212.HEIC,"64 deg 8' 23.72"" N","21 deg 56' 8.09"" W",North,West,2026:04:15 16:52:32
C:/Projects/iceland_trip/photos/Iceland Trip/IMG_8213.HEIC,IMG_8213.HEIC,"64 deg 8' 32.81"" N","21 deg 55' 42.02"" W",North,West,2026:04:15 17:23:13
C:/Projects/iceland_trip/photos/Iceland Trip/IMG_8215.HEIC,IMG_8215.HEIC,"64 deg 8' 32.81"" N","21 deg 55' 42.02"" W",North,West,2026:04:15 17:38:02
C:/Projects/iceland_trip/photos/Iceland Trip/IMG_8216.HEIC,IMG_8216.HEIC,"64 deg 8' 32.81"" N","21 deg 55' 42.02"" W",North,West,2026:04:15 17:38:04
C:/Projects/iceland_trip/photos/Iceland Trip/IMG_8217.HEIC,IMG_8217.HEIC,"64 deg 8' 32.81"" N","21 deg 55' 42.02"" W",North,West,2026:04:15 18:24:46
C:/Projects/iceland_trip/photos/Iceland Trip/IMG_8219.HEIC,IMG_8219.HEIC,"64 deg 8' 48.14"" N","21 deg 55' 50.53"" W",North,West,2026:04:15 23:34:55
C:/Projects/iceland_trip/photos/Iceland Trip/IMG_8220.HEIC,IMG_8220.HEIC,"64 deg 8' 48.11"" N","21 deg 55' 50.49"" W",North,West,2026:04:15 23:34:59
C:/Projects/iceland_trip/photos/Iceland Trip/IMG_8221.HEIC,IMG_8221.HEIC,"64 deg 8' 48.11"" N","21 deg 55' 50.47"" W",North,West,2026:04:15 23:35:00
C:/Projects/iceland_trip/photos/Iceland Trip/IMG_8224.HEIC,IMG_8224.HEIC,"64 deg 8' 52.45"" N","21 deg 56' 25.69"" W",North,West,2026:04:16 00:27:46
C:/Projects/iceland_trip/photos/Iceland Trip/IMG_8225.HEIC,IMG_8225.HEIC,"64 deg 8' 52.42"" N","21 deg 56' 25.64"" W",North,West,2026:04:16 00:27:53
C:/Projects/iceland_trip/photos/Iceland Trip/IMG_8230.HEIC,IMG_8230.HEIC,,,,,2026:04:16 22:07:56
C:/Projects/iceland_trip/photos/Iceland Trip/IMG_8233.HEIC,IMG_8233.HEIC,"64 deg 8' 34.41"" N","21 deg 56' 19.97"" W",North,West,2026:04:17 13:31:23
C:/Projects/iceland_trip/photos/Iceland Trip/IMG_8234.HEIC,IMG_8234.HEIC,"64 deg 8' 34.41"" N","21 deg 56' 19.98"" W",North,West,2026:04:17 13:31:25
C:/Projects/iceland_trip/photos/Iceland Trip/IMG_8235.HEIC,IMG_8235.HEIC,"64 deg 8' 38.09"" N","21 deg 56' 22.20"" W",North,West,2026:04:17 13:33:26
C:/Projects/iceland_trip/photos/Iceland Trip/IMG_8236.HEIC,IMG_8236.HEIC,"64 deg 8' 39.05"" N","21 deg 56' 22.04"" W",North,West,2026:04:17 13:34:41
C:/Projects/iceland_trip/photos/Iceland Trip/IMG_8237.HEIC,IMG_8237.HEIC,"64 deg 8' 38.25"" N","21 deg 56' 20.33"" W",North,West,2026:04:17 13:51:27
C:/Projects/iceland_trip/photos/Iceland Trip/IMG_8238.HEIC,IMG_8238.HEIC,"64 deg 8' 38.25"" N","21 deg 56' 20.33"" W",North,West,2026:04:17 13:51:28
C:/Projects/iceland_trip/photos/Iceland Trip/IMG_8239.HEIC,IMG_8239.HEIC,"64 deg 8' 38.25"" N","21 deg 56' 20.33"" W",North,West,2026:04:17 13:51:29
C:/Projects/iceland_trip/photos/Iceland Trip/IMG_8240.HEIC,IMG_8240.HEIC,"64 deg 8' 38.25"" N","21 deg 56' 20.32"" W",North,West,2026:04:17 13:51:32
C:/Projects/iceland_trip/photos/Iceland Trip/IMG_8241.HEIC,IMG_8241.HEIC,,,,,2026:04:17 15:15:15
C:/Projects/iceland_trip/photos/Iceland Trip/IMG_8242.HEIC,IMG_8242.HEIC,"64 deg 8' 38.83"" N","21 deg 56' 20.04"" W",North,West,2026:04:17 16:31:33
C:/Projects/iceland_trip/photos/Iceland Trip/IMG_8243.HEIC,IMG_8243.HEIC,"64 deg 8' 38.83"" N","21 deg 56' 20.04"" W",North,West,2026:04:17 16:31:46
C:/Projects/iceland_trip/photos/Iceland Trip/IMG_8244.HEIC,IMG_8244.HEIC,"64 deg 8' 38.86"" N","21 deg 56' 20.51"" W",North,West,2026:04:17 16:33:20
C:/Projects/iceland_trip/photos/Iceland Trip/IMG_8245.HEIC,IMG_8245.HEIC,"64 deg 8' 38.80"" N","21 deg 56' 20.16"" W",North,West,2026:04:17 16:33:23
C:/Projects/iceland_trip/photos/Iceland Trip/IMG_8246.HEIC,IMG_8246.HEIC,"64 deg 8' 39.19"" N","21 deg 56' 20.11"" W",North,West,2026:04:17 16:35:02
C:/Projects/iceland_trip/photos/Iceland Trip/IMG_8247.HEIC,IMG_8247.HEIC,"64 deg 8' 38.88"" N","21 deg 56' 20.01"" W",North,West,2026:04:17 16:35:18
C:/Projects/iceland_trip/photos/Iceland Trip/IMG_8248.HEIC,IMG_8248.HEIC,"64 deg 8' 38.88"" N","21 deg 56' 20.00"" W",North,West,2026:04:17 16:35:59
C:/Projects/iceland_trip/photos/Iceland Trip/IMG_8249.HEIC,IMG_8249.HEIC,"64 deg 8' 38.88"" N","21 deg 56' 20.00"" W",North,West,2026:04:17 16:36:16
C:/Projects/iceland_trip/photos/Iceland Trip/IMG_8250.HEIC,IMG_8250.HEIC,"64 deg 8' 39.21"" N","21 deg 56' 20.18"" W",North,West,2026:04:17 16:39:11
C:/Projects/iceland_trip/photos/Iceland Trip/IMG_8251.HEIC,IMG_8251.HEIC,"64 deg 8' 39.21"" N","21 deg 56' 20.19"" W",North,West,2026:04:17 16:39:12
C:/Projects/iceland_trip/photos/Iceland Trip/IMG_8252.HEIC,IMG_8252.HEIC,"64 deg 8' 39.27"" N","21 deg 56' 20.28"" W",North,West,2026:04:17 16:42:16
C:/Projects/iceland_trip/photos/Iceland Trip/IMG_8253.HEIC,IMG_8253.HEIC,"64 deg 8' 39.27"" N","21 deg 56' 20.28"" W",North,West,2026:04:17 16:42:55
C:/Projects/iceland_trip/photos/Iceland Trip/IMG_8254.HEIC,IMG_8254.HEIC,"64 deg 8' 39.27"" N","21 deg 56' 20.28"" W",North,West,2026:04:17 16:54:54
C:/Projects/iceland_trip/photos/Iceland Trip/IMG_8273.HEIC,IMG_8273.HEIC,"64 deg 8' 26.94"" N","21 deg 56' 5.54"" W",North,West,2026:04:18 23:41:36
C:/Projects/iceland_trip/photos/Iceland Trip/IMG_8274.HEIC,IMG_8274.HEIC,"64 deg 8' 27.02"" N","21 deg 56' 5.54"" W",North,West,2026:04:18 23:41:50
C:/Projects/iceland_trip/photos/Iceland Trip/IMG_8288.HEIC,IMG_8288.HEIC,"64 deg 8' 45.04"" N","21 deg 56' 25.38"" W",North,West,2026:04:19 20:18:07
C:/Projects/iceland_trip/photos/Iceland Trip/IMG_8289.HEIC,IMG_8289.HEIC,"64 deg 8' 45.04"" N","21 deg 56' 25.38"" W",North,West,2026:04:19 20:18:08
C:/Projects/iceland_trip/photos/Iceland Trip/IMG_8290.HEIC,IMG_8290.HEIC,"64 deg 8' 45.04"" N","21 deg 56' 25.38"" W",North,West,2026:04:19 20:18:08
C:/Projects/iceland_trip/photos/Iceland Trip/IMG_8291.HEIC,IMG_8291.HEIC,"64 deg 8' 45.01"" N","21 deg 56' 24.99"" W",North,West,2026:04:19 20:19:34
C:/Projects/iceland_trip/photos/Iceland Trip/IMG_8292.HEIC,IMG_8292.HEIC,"64 deg 8' 44.90"" N","21 deg 56' 25.06"" W",North,West,2026:04:19 20:19:35
C:/Projects/iceland_trip/photos/Iceland Trip/IMG_8293.HEIC,IMG_8293.HEIC,"64 deg 8' 44.84"" N","21 deg 56' 24.68"" W",North,West,2026:04:19 20:19:38
C:/Projects/iceland_trip/photos/Iceland Trip/IMG_8294.HEIC,IMG_8294.HEIC,"64 deg 8' 45.37"" N","21 deg 56' 23.51"" W",North,West,2026:04:19 21:39:52
C:/Projects/iceland_trip/photos/Iceland Trip/IMG_8295.HEIC,IMG_8295.HEIC,"64 deg 8' 45.37"" N","21 deg 56' 23.40"" W",North,West,2026:04:19 21:39:54
C:/Projects/iceland_trip/photos/Iceland Trip/IMG_8296.HEIC,IMG_8296.HEIC,"64 deg 8' 45.20"" N","21 deg 56' 23.24"" W",North,West,2026:04:19 21:39:56
C:/Projects/iceland_trip/photos/Iceland Trip/IMG_8297.HEIC,IMG_8297.HEIC,"64 deg 8' 45.50"" N","21 deg 56' 25.93"" W",North,West,2026:04:19 22:08:28
C:/Projects/iceland_trip/photos/Iceland Trip/IMG_8298.HEIC,IMG_8298.HEIC,"64 deg 8' 45.39"" N","21 deg 56' 25.57"" W",North,West,2026:04:19 22:08:33
C:/Projects/iceland_trip/photos/Iceland Trip/IMG_8300.HEIC,IMG_8300.HEIC,"64 deg 8' 32.27"" N","21 deg 57' 58.81"" W",North,West,2026:04:20 18:44:43
C:/Projects/iceland_trip/photos/Iceland Trip/IMG_8301.HEIC,IMG_8301.HEIC,"64 deg 8' 32.29"" N","21 deg 57' 58.83"" W",North,West,2026:04:20 18:44:44
C:/Projects/iceland_trip/photos/Iceland Trip/IMG_8302.HEIC,IMG_8302.HEIC,"64 deg 8' 32.21"" N","21 deg 58' 0.34"" W",North,West,2026:04:20 18:45:03
C:/Projects/iceland_trip/photos/Iceland Trip/IMG_8303.HEIC,IMG_8303.HEIC,"64 deg 8' 31.83"" N","21 deg 58' 1.59"" W",North,West,2026:04:20 18:45:21
C:/Projects/iceland_trip/photos/Iceland Trip/IMG_8304.HEIC,IMG_8304.HEIC,"64 deg 8' 30.89"" N","21 deg 58' 4.58"" W",North,West,2026:04:20 18:46:01
C:/Projects/iceland_trip/photos/Iceland Trip/IMG_8305.HEIC,IMG_8305.HEIC,"64 deg 8' 30.67"" N","21 deg 58' 4.77"" W",North,West,2026:04:20 18:46:23
C:/Projects/iceland_trip/photos/Iceland Trip/IMG_8306.HEIC,IMG_8306.HEIC,"64 deg 8' 30.67"" N","21 deg 58' 4.70"" W",North,West,2026:04:20 18:46:35
C:/Projects/iceland_trip/photos/Iceland Trip/IMG_8307.HEIC,IMG_8307.HEIC,"64 deg 8' 30.95"" N","21 deg 58' 5.38"" W",North,West,2026:04:20 18:46:49
C:/Projects/iceland_trip/photos/Iceland Trip/IMG_8308.HEIC,IMG_8308.HEIC,"64 deg 8' 30.95"" N","21 deg 58' 5.41"" W",North,West,2026:04:20 18:46:51
C:/Projects/iceland_trip/photos/Iceland Trip/IMG_8309.HEIC,IMG_8309.HEIC,"64 deg 8' 31.39"" N","21 deg 58' 7.53"" W",North,West,2026:04:20 18:47:14
C:/Projects/iceland_trip/photos/Iceland Trip/IMG_8310.HEIC,IMG_8310.HEIC,"64 deg 8' 31.44"" N","21 deg 58' 7.93"" W",North,West,2026:04:20 18:47:25
C:/Projects/iceland_trip/photos/Iceland Trip/IMG_8311.HEIC,IMG_8311.HEIC,"64 deg 8' 33.01"" N","21 deg 58' 17.29"" W",North,West,2026:04:20 18:48:55
C:/Projects/iceland_trip/photos/Iceland Trip/IMG_8312.HEIC,IMG_8312.HEIC,"64 deg 8' 33.01"" N","21 deg 58' 17.27"" W",North,West,2026:04:20 18:48:57
C:/Projects/iceland_trip/photos/Iceland Trip/IMG_8313.HEIC,IMG_8313.HEIC,"64 deg 8' 32.51"" N","21 deg 58' 17.90"" W",North,West,2026:04:20 18:49:18
C:/Projects/iceland_trip/photos/Iceland Trip/IMG_8314.HEIC,IMG_8314.HEIC,"64 deg 8' 31.19"" N","21 deg 58' 21.36"" W",North,West,2026:04:20 18:50:25
C:/Projects/iceland_trip/photos/Iceland Trip/IMG_8315.HEIC,IMG_8315.HEIC,"64 deg 8' 31.19"" N","21 deg 58' 21.34"" W",North,West,2026:04:20 18:50:27
C:/Projects/iceland_trip/photos/Iceland Trip/IMG_8316.HEIC,IMG_8316.HEIC,"64 deg 8' 31.22"" N","21 deg 58' 21.34"" W",North,West,2026:04:20 18:50:32
C:/Projects/iceland_trip/photos/Iceland Trip/IMG_8317.HEIC,IMG_8317.HEIC,"64 deg 8' 31.25"" N","21 deg 58' 21.02"" W",North,West,2026:04:20 18:50:46
C:/Projects/iceland_trip/photos/Iceland Trip/IMG_8318.HEIC,IMG_8318.HEIC,"64 deg 8' 32.65"" N","21 deg 58' 17.53"" W",North,West,2026:04:20 18:51:48
C:/Projects/iceland_trip/photos/Iceland Trip/IMG_8319.HEIC,IMG_8319.HEIC,"64 deg 8' 12.16"" N","21 deg 57' 45.37"" W",North,West,2026:04:20 19:00:51
C:/Projects/iceland_trip/photos/Iceland Trip/IMG_8320.HEIC,IMG_8320.HEIC,"64 deg 8' 12.16"" N","21 deg 57' 45.36"" W",North,West,2026:04:20 19:00:55
C:/Projects/iceland_trip/photos/Iceland Trip/IMG_8321.HEIC,IMG_8321.HEIC,"64 deg 8' 11.25"" N","21 deg 57' 45.02"" W",North,West,2026:04:20 19:01:22
C:/Projects/iceland_trip/photos/Iceland Trip/IMG_8322.HEIC,IMG_8322.HEIC,"64 deg 8' 7.68"" N","21 deg 57' 41.77"" W",North,West,2026:04:20 19:02:47
C:/Projects/iceland_trip/photos/Iceland Trip/IMG_8323.HEIC,IMG_8323.HEIC,"64 deg 8' 7.68"" N","21 deg 57' 41.77"" W",North,West,2026:04:20 19:02:48
C:/Projects/iceland_trip/photos/Iceland Trip/IMG_8324.HEIC,IMG_8324.HEIC,"64 deg 8' 6.64"" N","21 deg 57' 40.82"" W",North,West,2026:04:20 19:03:21
C:/Projects/iceland_trip/photos/Iceland Trip/IMG_8325.HEIC,IMG_8325.HEIC,"64 deg 8' 5.93"" N","21 deg 57' 40.45"" W",North,West,2026:04:20 19:03:44
C:/Projects/iceland_trip/photos/Iceland Trip/IMG_8326.HEIC,IMG_8326.HEIC,"64 deg 8' 0.18"" N","21 deg 57' 33.74"" W",North,West,2026:04:20 19:06:40
C:/Projects/iceland_trip/photos/Iceland Trip/IMG_8327.HEIC,IMG_8327.HEIC,"64 deg 8' 0.21"" N","21 deg 57' 33.79"" W",North,West,2026:04:20 19:06:51
C:/Projects/iceland_trip/photos/Iceland Trip/IMG_8328.HEIC,IMG_8328.HEIC,"64 deg 7' 57.03"" N","21 deg 57' 33.39"" W",North,West,2026:04:20 19:08:06
C:/Projects/iceland_trip/photos/Iceland Trip/IMG_8329.HEIC,IMG_8329.HEIC,"64 deg 7' 57.00"" N","21 deg 57' 33.39"" W",North,West,2026:04:20 19:08:08
C:/Projects/iceland_trip/photos/Iceland Trip/IMG_8330.HEIC,IMG_8330.HEIC,"64 deg 7' 53.18"" N","21 deg 57' 32.78"" W",North,West,2026:04:20 19:09:24
C:/Projects/iceland_trip/photos/Iceland Trip/IMG_8331.HEIC,IMG_8331.HEIC,"64 deg 7' 48.73"" N","21 deg 57' 33.08"" W",North,West,2026:04:20 19:11:01
C:/Projects/iceland_trip/photos/Iceland Trip/IMG_8332.HEIC,IMG_8332.HEIC,"64 deg 7' 46.09"" N","21 deg 57' 33.00"" W",North,West,2026:04:20 19:12:12
C:/Projects/iceland_trip/photos/Iceland Trip/IMG_8333.HEIC,IMG_8333.HEIC,"64 deg 7' 46.09"" N","21 deg 57' 32.97"" W",North,West,2026:04:20 19:12:16
C:/Projects/iceland_trip/photos/Iceland Trip/IMG_8334.HEIC,IMG_8334.HEIC,"64 deg 7' 45.93"" N","21 deg 57' 32.82"" W",North,West,2026:04:20 19:12:32
C:/Projects/iceland_trip/photos/Iceland Trip/IMG_8335.HEIC,IMG_8335.HEIC,"64 deg 7' 44.09"" N","21 deg 57' 30.48"" W",North,West,2026:04:20 19:13:20
C:/Projects/iceland_trip/photos/Iceland Trip/IMG_8336.HEIC,IMG_8336.HEIC,"64 deg 7' 42.44"" N","21 deg 57' 29.29"" W",North,West,2026:04:20 19:13:58
C:/Projects/iceland_trip/photos/Iceland Trip/IMG_8337.HEIC,IMG_8337.HEIC,"64 deg 7' 36.89"" N","21 deg 57' 8.41"" W",North,West,2026:04:20 19:17:41
C:/Projects/iceland_trip/photos/Iceland Trip/IMG_8338.HEIC,IMG_8338.HEIC,"64 deg 7' 36.89"" N","21 deg 57' 8.41"" W",North,West,2026:04:20 19:17:43
C:/Projects/iceland_trip/photos/Iceland Trip/IMG_8340.HEIC,IMG_8340.HEIC,"64 deg 7' 50.38"" N","21 deg 57' 12.96"" W",North,West,2026:04:20 19:27:41
C:/Projects/iceland_trip/photos/Iceland Trip/IMG_8341.HEIC,IMG_8341.HEIC,,,,,2026:04:20 19:29:35
C:/Projects/iceland_trip/photos/Iceland Trip/IMG_8342.HEIC,IMG_8342.HEIC,,,,,2026:04:20 19:29:38
C:/Projects/iceland_trip/photos/Iceland Trip/IMG_8344.HEIC,IMG_8344.HEIC,"64 deg 8' 53.30"" N","21 deg 56' 29.63"" W",North,West,2026:04:20 21:08:38
C:/Projects/iceland_trip/photos/Iceland Trip/IMG_8345.HEIC,IMG_8345.HEIC,"64 deg 8' 55.47"" N","21 deg 56' 30.33"" W",North,West,2026:04:20 21:09:47
C:/Projects/iceland_trip/photos/Iceland Trip/IMG_8349.HEIC,IMG_8349.HEIC,"64 deg 8' 54.40"" N","21 deg 56' 28.61"" W",North,West,2026:04:20 22:54:48
C:/Projects/iceland_trip/photos/Iceland Trip/IMG_8350.HEIC,IMG_8350.HEIC,"64 deg 8' 54.35"" N","21 deg 56' 28.71"" W",North,West,2026:04:20 22:55:15
C:/Projects/iceland_trip/photos/Iceland Trip/IMG_8351.HEIC,IMG_8351.HEIC,"64 deg 8' 54.02"" N","21 deg 56' 27.87"" W",North,West,2026:04:20 22:57:23
C:/Projects/iceland_trip/photos/Iceland Trip/IMG_8352.HEIC,IMG_8352.HEIC,"64 deg 8' 54.59"" N","21 deg 56' 24.92"" W",North,West,2026:04:20 23:05:55
C:/Projects/iceland_trip/photos/Iceland Trip/IMG_8354.HEIC,IMG_8354.HEIC,"64 deg 8' 51.08"" N","21 deg 56' 21.74"" W",North,West,2026:04:21 00:45:36
C:/Projects/iceland_trip/photos/Iceland Trip/IMG_8364.HEIC,IMG_8364.HEIC,"64 deg 8' 27.51"" N","21 deg 56' 16.52"" W",North,West,2026:04:21 07:52:39
C:/Projects/iceland_trip/photos/Iceland Trip/IMG_8368.HEIC,IMG_8368.HEIC,"64 deg 8' 51.79"" N","21 deg 56' 22.79"" W",North,West,2026:04:21 20:41:30
C:/Projects/iceland_trip/photos/Iceland Trip/IMG_8375.HEIC,IMG_8375.HEIC,"64 deg 8' 44.71"" N","21 deg 55' 34.88"" W",North,West,2026:04:23 02:07:03
C:/Projects/iceland_trip/photos/Iceland Trip/IMG_8376.HEIC,IMG_8376.HEIC,"64 deg 8' 45.04"" N","21 deg 55' 35.59"" W",North,West,2026:04:23 02:09:29
C:/Projects/iceland_trip/photos/Iceland Trip/IMG_8377.HEIC,IMG_8377.HEIC,"64 deg 8' 34.30"" N","21 deg 55' 41.77"" W",North,West,2026:04:23 05:20:31
C:/Projects/iceland_trip/photos/Iceland Trip/IMG_8378.HEIC,IMG_8378.HEIC,"64 deg 8' 34.43"" N","21 deg 55' 42.27"" W",North,West,2026:04:23 05:21:01
C:/Projects/iceland_trip/photos/Iceland Trip/IMG_8381.HEIC,IMG_8381.HEIC,"64 deg 8' 33.12"" N","21 deg 55' 40.76"" W",North,West,2026:04:23 05:22:56
C:/Projects/iceland_trip/photos/Iceland Trip/IMG_8382.HEIC,IMG_8382.HEIC,"64 deg 8' 33.14"" N","21 deg 55' 40.77"" W",North,West,2026:04:23 05:23:04
C:/Projects/iceland_trip/photos/Iceland Trip/IMG_8383.HEIC,IMG_8383.HEIC,"64 deg 8' 33.17"" N","21 deg 55' 40.78"" W",North,West,2026:04:23 05:23:13
C:/Projects/iceland_trip/photos/Iceland Trip/IMG_8384.HEIC,IMG_8384.HEIC,"64 deg 8' 32.32"" N","21 deg 55' 43.09"" W",North,West,2026:04:23 05:24:07
C:/Projects/iceland_trip/photos/Iceland Trip/IMG_8385.HEIC,IMG_8385.HEIC,"64 deg 8' 32.35"" N","21 deg 55' 42.92"" W",North,West,2026:04:23 05:24:12
C:/Projects/iceland_trip/photos/Iceland Trip/IMG_8389.HEIC,IMG_8389.HEIC,"64 deg 9' 1.21"" N","21 deg 56' 36.38"" W",North,West,2026:04:23 16:13:56
C:/Projects/iceland_trip/photos/Iceland Trip/IMG_8390.HEIC,IMG_8390.HEIC,"64 deg 9' 1.10"" N","21 deg 56' 35.28"" W",North,West,2026:04:23 16:14:02
C:/Projects/iceland_trip/photos/Iceland Trip/IMG_8391.HEIC,IMG_8391.HEIC,"64 deg 9' 0.88"" N","21 deg 56' 33.96"" W",North,West,2026:04:23 16:14:06
C:/Projects/iceland_trip/photos/Iceland Trip/IMG_8393.HEIC,IMG_8393.HEIC,"64 deg 9' 0.69"" N","21 deg 56' 33.32"" W",North,West,2026:04:23 16:18:10
C:/Projects/iceland_trip/photos/Iceland Trip/IMG_8394.HEIC,IMG_8394.HEIC,"64 deg 9' 0.69"" N","21 deg 56' 33.32"" W",North,West,2026:04:23 16:18:13
C:/Projects/iceland_trip/photos/Iceland Trip/IMG_8397.HEIC,IMG_8397.HEIC,"64 deg 9' 0.66"" N","21 deg 56' 33.20"" W",North,West,2026:04:23 16:18:24
C:/Projects/iceland_trip/photos/Iceland Trip/IMG_8398.HEIC,IMG_8398.HEIC,"64 deg 9' 1.16"" N","21 deg 56' 35.66"" W",North,West,2026:04:23 17:55:57
C:/Projects/iceland_trip/photos/Iceland Trip/IMG_8400.HEIC,IMG_8400.HEIC,"64 deg 9' 1.16"" N","21 deg 56' 35.65"" W",North,West,2026:04:23 17:55:59
C:/Projects/iceland_trip/photos/Iceland Trip/IMG_8404.HEIC,IMG_8404.HEIC,"64 deg 8' 34.24"" N","21 deg 56' 6.48"" W",North,West,2026:04:24 13:11:19
C:/Projects/iceland_trip/photos/Iceland Trip/IMG_8405.HEIC,IMG_8405.HEIC,"64 deg 8' 34.22"" N","21 deg 56' 6.48"" W",North,West,2026:04:24 13:11:21
C:/Projects/iceland_trip/photos/Iceland Trip/IMG_8406.HEIC,IMG_8406.HEIC,"64 deg 8' 34.30"" N","21 deg 56' 5.72"" W",North,West,2026:04:24 13:12:09
C:/Projects/iceland_trip/photos/Iceland Trip/IMG_8407.HEIC,IMG_8407.HEIC,"64 deg 8' 34.43"" N","21 deg 56' 6.84"" W",North,West,2026:04:24 13:12:36
C:/Projects/iceland_trip/photos/Iceland Trip/IMG_8408.HEIC,IMG_8408.HEIC,"64 deg 8' 34.85"" N","21 deg 56' 6.09"" W",North,West,2026:04:24 13:12:44
C:/Projects/iceland_trip/photos/Iceland Trip/IMG_8410.HEIC,IMG_8410.HEIC,"64 deg 8' 40.34"" N","21 deg 55' 59.34"" W",North,West,2026:04:24 13:21:40
C:/Projects/iceland_trip/photos/Iceland Trip/IMG_8412.HEIC,IMG_8412.HEIC,"64 deg 8' 40.31"" N","21 deg 55' 58.15"" W",North,West,2026:04:24 13:47:10
C:/Projects/iceland_trip/photos/Iceland Trip/IMG_8414.HEIC,IMG_8414.HEIC,"64 deg 8' 49.57"" N","21 deg 55' 55.75"" W",North,West,2026:04:24 13:55:39
C:/Projects/iceland_trip/photos/Iceland Trip/IMG_8415.HEIC,IMG_8415.HEIC,"64 deg 8' 50.72"" N","21 deg 55' 55.52"" W",North,West,2026:04:24 13:59:57
C:/Projects/iceland_trip/photos/Iceland Trip/IMG_8416.HEIC,IMG_8416.HEIC,"64 deg 8' 50.78"" N","21 deg 55' 55.57"" W",North,West,2026:04:24 14:00:22
C:/Projects/iceland_trip/photos/Iceland Trip/IMG_8417.HEIC,IMG_8417.HEIC,"64 deg 8' 50.78"" N","21 deg 55' 55.22"" W",North,West,2026:04:24 14:01:00
C:/Projects/iceland_trip/photos/Iceland Trip/IMG_8418.HEIC,IMG_8418.HEIC,"64 deg 8' 50.80"" N","21 deg 55' 55.42"" W",North,West,2026:04:24 14:01:29
C:/Projects/iceland_trip/photos/Iceland Trip/IMG_8419.HEIC,IMG_8419.HEIC,"64 deg 8' 49.35"" N","21 deg 55' 54.24"" W",North,West,2026:04:24 14:02:40
C:/Projects/iceland_trip/photos/Iceland Trip/IMG_8420.HEIC,IMG_8420.HEIC,"64 deg 8' 49.13"" N","21 deg 55' 53.60"" W",North,West,2026:04:24 14:03:12
C:/Projects/iceland_trip/photos/Iceland Trip/IMG_8421.HEIC,IMG_8421.HEIC,"64 deg 8' 50.39"" N","21 deg 55' 54.67"" W",North,West,2026:04:24 14:03:35
C:/Projects/iceland_trip/photos/Iceland Trip/IMG_8422.HEIC,IMG_8422.HEIC,"64 deg 8' 50.86"" N","21 deg 55' 55.44"" W",North,West,2026:04:24 14:04:00
C:/Projects/iceland_trip/photos/Iceland Trip/IMG_8423.HEIC,IMG_8423.HEIC,"64 deg 8' 50.97"" N","21 deg 55' 56.33"" W",North,West,2026:04:24 14:04:54
C:/Projects/iceland_trip/photos/Iceland Trip/IMG_8424.HEIC,IMG_8424.HEIC,"64 deg 8' 50.80"" N","21 deg 55' 55.46"" W",North,West,2026:04:24 14:05:16
C:/Projects/iceland_trip/photos/Iceland Trip/IMG_8425.HEIC,IMG_8425.HEIC,"64 deg 8' 50.80"" N","21 deg 55' 55.46"" W",North,West,2026:04:24 14:05:30
C:/Projects/iceland_trip/photos/Iceland Trip/IMG_8426.HEIC,IMG_8426.HEIC,"64 deg 8' 50.80"" N","21 deg 55' 55.45"" W",North,West,2026:04:24 14:05:58
C:/Projects/iceland_trip/photos/Iceland Trip/IMG_8427.HEIC,IMG_8427.HEIC,"64 deg 8' 50.80"" N","21 deg 55' 55.45"" W",North,West,2026:04:24 14:06:02
C:/Projects/iceland_trip/photos/Iceland Trip/IMG_8428.HEIC,IMG_8428.HEIC,"64 deg 8' 50.47"" N","21 deg 55' 54.95"" W",North,West,2026:04:24 14:06:35
C:/Projects/iceland_trip/photos/Iceland Trip/IMG_8429.HEIC,IMG_8429.HEIC,"64 deg 8' 50.80"" N","21 deg 55' 55.45"" W",North,West,2026:04:24 14:07:33
C:/Projects/iceland_trip/photos/Iceland Trip/IMG_8430.HEIC,IMG_8430.HEIC,"64 deg 8' 49.24"" N","21 deg 55' 54.33"" W",North,West,2026:04:24 14:07:59
C:/Projects/iceland_trip/photos/Iceland Trip/IMG_8431.HEIC,IMG_8431.HEIC,"64 deg 8' 50.67"" N","21 deg 55' 55.31"" W",North,West,2026:04:24 14:09:18
C:/Projects/iceland_trip/photos/Iceland Trip/IMG_8432.HEIC,IMG_8432.HEIC,"64 deg 8' 50.86"" N","21 deg 55' 55.48"" W",North,West,2026:04:24 14:10:26
C:/Projects/iceland_trip/photos/Iceland Trip/IMG_8433.HEIC,IMG_8433.HEIC,"64 deg 8' 50.86"" N","21 deg 55' 55.48"" W",North,West,2026:04:24 14:10:46
C:/Projects/iceland_trip/photos/Iceland Trip/IMG_8434.HEIC,IMG_8434.HEIC,"64 deg 8' 50.86"" N","21 deg 55' 55.48"" W",North,West,2026:04:24 14:11:17
C:/Projects/iceland_trip/photos/Iceland Trip/IMG_8435.HEIC,IMG_8435.HEIC,"64 deg 8' 50.17"" N","21 deg 55' 56.77"" W",North,West,2026:04:24 14:11:41
C:/Projects/iceland_trip/photos/Iceland Trip/IMG_8436.HEIC,IMG_8436.HEIC,"64 deg 8' 50.17"" N","21 deg 55' 56.77"" W",North,West,2026:04:24 14:12:00
C:/Projects/iceland_trip/photos/Iceland Trip/IMG_8437.HEIC,IMG_8437.HEIC,"64 deg 8' 50.91"" N","21 deg 55' 55.11"" W",North,West,2026:04:24 14:12:48
C:/Projects/iceland_trip/photos/Iceland Trip/IMG_8438.HEIC,IMG_8438.HEIC,"64 deg 8' 49.10"" N","21 deg 55' 53.33"" W",North,West,2026:04:24 14:14:08
C:/Projects/iceland_trip/photos/Iceland Trip/IMG_8439.HEIC,IMG_8439.HEIC,"64 deg 8' 49.10"" N","21 deg 55' 53.33"" W",North,West,2026:04:24 14:14:12
C:/Projects/iceland_trip/photos/Iceland Trip/IMG_8440.HEIC,IMG_8440.HEIC,"64 deg 8' 49.05"" N","21 deg 55' 53.25"" W",North,West,2026:04:24 14:14:14
C:/Projects/iceland_trip/photos/Iceland Trip/IMG_8441.HEIC,IMG_8441.HEIC,"64 deg 8' 49.16"" N","21 deg 55' 53.70"" W",North,West,2026:04:24 14:14:27
C:/Projects/iceland_trip/photos/Iceland Trip/IMG_8442.HEIC,IMG_8442.HEIC,"64 deg 8' 49.38"" N","21 deg 55' 54.19"" W",North,West,2026:04:24 14:14:40
C:/Projects/iceland_trip/photos/Iceland Trip/IMG_8443.HEIC,IMG_8443.HEIC,"64 deg 8' 49.43"" N","21 deg 55' 54.65"" W",North,West,2026:04:24 14:15:54
C:/Projects/iceland_trip/photos/Iceland Trip/IMG_8444.HEIC,IMG_8444.HEIC,"64 deg 8' 49.38"" N","21 deg 55' 54.67"" W",North,West,2026:04:24 14:16:51
C:/Projects/iceland_trip/photos/Iceland Trip/IMG_8445.HEIC,IMG_8445.HEIC,"64 deg 8' 49.38"" N","21 deg 55' 54.64"" W",North,West,2026:04:24 14:16:54
C:/Projects/iceland_trip/photos/Iceland Trip/IMG_8446.HEIC,IMG_8446.HEIC,"64 deg 8' 49.38"" N","21 deg 55' 54.64"" W",North,West,2026:04:24 14:16:56
C:/Projects/iceland_trip/photos/Iceland Trip/IMG_8447.HEIC,IMG_8447.HEIC,"64 deg 8' 49.40"" N","21 deg 55' 54.51"" W",North,West,2026:04:24 14:17:14
C:/Projects/iceland_trip/photos/Iceland Trip/IMG_8448.HEIC,IMG_8448.HEIC,"64 deg 8' 49.51"" N","21 deg 55' 54.68"" W",North,West,2026:04:24 14:17:25
C:/Projects/iceland_trip/photos/Iceland Trip/IMG_8449.HEIC,IMG_8449.HEIC,"64 deg 8' 49.32"" N","21 deg 55' 54.82"" W",North,West,2026:04:24 14:18:14
C:/Projects/iceland_trip/photos/Iceland Trip/IMG_8450.HEIC,IMG_8450.HEIC,"64 deg 8' 49.32"" N","21 deg 55' 54.70"" W",North,West,2026:04:24 14:18:16
C:/Projects/iceland_trip/photos/Iceland Trip/IMG_8451.HEIC,IMG_8451.HEIC,"64 deg 8' 50.50"" N","21 deg 55' 55.27"" W",North,West,2026:04:24 14:19:12
C:/Projects/iceland_trip/photos/Iceland Trip/IMG_8452.HEIC,IMG_8452.HEIC,"64 deg 8' 50.50"" N","21 deg 55' 55.30"" W",North,West,2026:04:24 14:19:21
C:/Projects/iceland_trip/photos/Iceland Trip/IMG_8453.HEIC,IMG_8453.HEIC,"64 deg 8' 50.89"" N","21 deg 55' 55.12"" W",North,West,2026:04:24 14:21:17
C:/Projects/iceland_trip/photos/Iceland Trip/IMG_8454.HEIC,IMG_8454.HEIC,"64 deg 8' 50.61"" N","21 deg 55' 55.99"" W",North,West,2026:04:24 14:21:27
C:/Projects/iceland_trip/photos/Iceland Trip/IMG_8455.HEIC,IMG_8455.HEIC,"64 deg 8' 50.61"" N","21 deg 55' 56.02"" W",North,West,2026:04:24 14:21:31
C:/Projects/iceland_trip/photos/Iceland Trip/IMG_8456.HEIC,IMG_8456.HEIC,"64 deg 8' 50.91"" N","21 deg 55' 54.79"" W",North,West,2026:04:24 14:24:25
C:/Projects/iceland_trip/photos/Iceland Trip/IMG_8457.HEIC,IMG_8457.HEIC,"64 deg 8' 50.94"" N","21 deg 55' 55.30"" W",North,West,2026:04:24 14:25:29
C:/Projects/iceland_trip/photos/Iceland Trip/IMG_8458.HEIC,IMG_8458.HEIC,"64 deg 8' 50.94"" N","21 deg 55' 55.30"" W",North,West,2026:04:24 14:25:30
C:/Projects/iceland_trip/photos/Iceland Trip/IMG_8459.HEIC,IMG_8459.HEIC,"64 deg 8' 51.33"" N","21 deg 55' 55.24"" W",North,West,2026:04:24 14:25:45
C:/Projects/iceland_trip/photos/Iceland Trip/IMG_8460.HEIC,IMG_8460.HEIC,"64 deg 8' 51.24"" N","21 deg 55' 55.21"" W",North,West,2026:04:24 14:25:48
C:/Projects/iceland_trip/photos/Iceland Trip/IMG_8461.HEIC,IMG_8461.HEIC,"64 deg 8' 51.33"" N","21 deg 55' 55.42"" W",North,West,2026:04:24 14:26:13
C:/Projects/iceland_trip/photos/Iceland Trip/IMG_8462.HEIC,IMG_8462.HEIC,"64 deg 8' 51.33"" N","21 deg 55' 55.42"" W",North,West,2026:04:24 14:26:16
C:/Projects/iceland_trip/photos/Iceland Trip/IMG_8463.HEIC,IMG_8463.HEIC,"64 deg 8' 49.21"" N","21 deg 55' 54.58"" W",North,West,2026:04:24 14:26:52
C:/Projects/iceland_trip/photos/Iceland Trip/IMG_8464.HEIC,IMG_8464.HEIC,"64 deg 8' 49.38"" N","21 deg 55' 54.75"" W",North,West,2026:04:24 14:27:15
C:/Projects/iceland_trip/photos/Iceland Trip/IMG_8465.HEIC,IMG_8465.HEIC,"64 deg 8' 49.18"" N","21 deg 55' 54.45"" W",North,West,2026:04:24 14:27:19
C:/Projects/iceland_trip/photos/Iceland Trip/IMG_8466.HEIC,IMG_8466.HEIC,"64 deg 8' 49.32"" N","21 deg 55' 54.68"" W",North,West,2026:04:24 14:27:27
C:/Projects/iceland_trip/photos/Iceland Trip/IMG_8467.HEIC,IMG_8467.HEIC,"64 deg 8' 49.38"" N","21 deg 55' 54.76"" W",North,West,2026:04:24 14:27:48
C:/Projects/iceland_trip/photos/Iceland Trip/IMG_8468.HEIC,IMG_8468.HEIC,"64 deg 8' 49.38"" N","21 deg 55' 54.76"" W",North,West,2026:04:24 14:28:05
C:/Projects/iceland_trip/photos/Iceland Trip/IMG_8469.HEIC,IMG_8469.HEIC,"64 deg 8' 48.96"" N","21 deg 55' 54.42"" W",North,West,2026:04:24 14:28:10
C:/Projects/iceland_trip/photos/Iceland Trip/IMG_8470.HEIC,IMG_8470.HEIC,"64 deg 8' 48.96"" N","21 deg 55' 54.42"" W",North,West,2026:04:24 14:28:20
C:/Projects/iceland_trip/photos/Iceland Trip/IMG_8471.HEIC,IMG_8471.HEIC,"64 deg 8' 49.49"" N","21 deg 55' 54.17"" W",North,West,2026:04:24 14:28:37
C:/Projects/iceland_trip/photos/Iceland Trip/IMG_8472.HEIC,IMG_8472.HEIC,"64 deg 8' 49.49"" N","21 deg 55' 54.17"" W",North,West,2026:04:24 14:28:48
C:/Projects/iceland_trip/photos/Iceland Trip/IMG_8473.HEIC,IMG_8473.HEIC,"64 deg 8' 49.49"" N","21 deg 55' 54.17"" W",North,West,2026:04:24 14:28:53
C:/Projects/iceland_trip/photos/Iceland Trip/IMG_8474.HEIC,IMG_8474.HEIC,"64 deg 8' 49.49"" N","21 deg 55' 54.17"" W",North,West,2026:04:24 14:29:02
C:/Projects/iceland_trip/photos/Iceland Trip/IMG_8475.HEIC,IMG_8475.HEIC,"64 deg 8' 49.49"" N","21 deg 55' 54.17"" W",North,West,2026:04:24 14:29:08
C:/Projects/iceland_trip/photos/Iceland Trip/IMG_8476.HEIC,IMG_8476.HEIC,"64 deg 8' 49.49"" N","21 deg 55' 54.17"" W",North,West,2026:04:24 14:29:26
C:/Projects/iceland_trip/photos/Iceland Trip/IMG_8477.HEIC,IMG_8477.HEIC,"64 deg 8' 50.80"" N","21 deg 55' 55.28"" W",North,West,2026:04:24 14:30:18
C:/Projects/iceland_trip/photos/Iceland Trip/IMG_8479.HEIC,IMG_8479.HEIC,"64 deg 8' 49.24"" N","21 deg 55' 56.32"" W",North,West,2026:04:24 14:55:56
C:/Projects/iceland_trip/photos/Iceland Trip/IMG_8480.HEIC,IMG_8480.HEIC,"64 deg 8' 45.26"" N","21 deg 55' 44.44"" W",North,West,2026:04:24 14:59:08
C:/Projects/iceland_trip/photos/Iceland Trip/IMG_8481.HEIC,IMG_8481.HEIC,"64 deg 8' 43.14"" N","21 deg 55' 38.68"" W",North,West,2026:04:24 15:02:11
C:/Projects/iceland_trip/photos/Iceland Trip/IMG_8483.HEIC,IMG_8483.HEIC,"64 deg 8' 41.47"" N","21 deg 55' 29.76"" W",North,West,2026:04:24 15:11:47
C:/Projects/iceland_trip/photos/Iceland Trip/IMG_8484.HEIC,IMG_8484.HEIC,"64 deg 8' 41.63"" N","21 deg 55' 29.65"" W",North,West,2026:04:24 16:48:30
C:/Projects/iceland_trip/photos/Iceland Trip/IMG_8485.HEIC,IMG_8485.HEIC,"64 deg 8' 41.63"" N","21 deg 55' 29.65"" W",North,West,2026:04:24 16:50:26
C:/Projects/iceland_trip/photos/Iceland Trip/IMG_8486.HEIC,IMG_8486.HEIC,"64 deg 8' 41.63"" N","21 deg 55' 29.66"" W",North,West,2026:04:24 16:51:44
C:/Projects/iceland_trip/photos/Iceland Trip/IMG_8487.HEIC,IMG_8487.HEIC,"64 deg 8' 42.26"" N","21 deg 55' 33.73"" W",North,West,2026:04:24 17:01:05
C:/Projects/iceland_trip/photos/Iceland Trip/IMG_8488.HEIC,IMG_8488.HEIC,"64 deg 8' 42.07"" N","21 deg 55' 33.54"" W",North,West,2026:04:24 17:01:09
C:/Projects/iceland_trip/photos/Iceland Trip/IMG_8489.HEIC,IMG_8489.HEIC,"64 deg 8' 42.07"" N","21 deg 55' 33.52"" W",North,West,2026:04:24 17:03:34
C:/Projects/iceland_trip/photos/Iceland Trip/IMG_8490.HEIC,IMG_8490.HEIC,"64 deg 8' 42.07"" N","21 deg 55' 33.63"" W",North,West,2026:04:24 17:03:45
C:/Projects/iceland_trip/photos/Iceland Trip/IMG_8491.HEIC,IMG_8491.HEIC,"64 deg 8' 42.13"" N","21 deg 55' 33.64"" W",North,West,2026:04:24 17:03:50
C:/Projects/iceland_trip/photos/Iceland Trip/IMG_8492.HEIC,IMG_8492.HEIC,"64 deg 8' 42.13"" N","21 deg 55' 33.67"" W",North,West,2026:04:24 17:03:52
C:/Projects/iceland_trip/photos/Iceland Trip/IMG_8493.HEIC,IMG_8493.HEIC,"64 deg 8' 42.13"" N","21 deg 55' 33.69"" W",North,West,2026:04:24 17:03:52
C:/Projects/iceland_trip/photos/Iceland Trip/IMG_8494.HEIC,IMG_8494.HEIC,"64 deg 8' 42.13"" N","21 deg 55' 33.69"" W",North,West,2026:04:24 17:03:53
C:/Projects/iceland_trip/photos/Iceland Trip/IMG_8513.HEIC,IMG_8513.HEIC,"64 deg 8' 44.24"" N","21 deg 55' 45.68"" W",North,West,2026:04:25 02:58:48
C:/Projects/iceland_trip/photos/Iceland Trip/IMG_8514.HEIC,IMG_8514.HEIC,"64 deg 8' 43.97"" N","21 deg 55' 45.76"" W",North,West,2026:04:25 03:00:40
C:/Projects/iceland_trip/photos/Iceland Trip/IMG_8518.HEIC,IMG_8518.HEIC,"64 deg 8' 44.21"" N","21 deg 55' 45.69"" W",North,West,2026:04:25 03:00:48
C:/Projects/iceland_trip/photos/Iceland Trip/IMG_8519.HEIC,IMG_8519.HEIC,"64 deg 8' 44.68"" N","21 deg 55' 46.42"" W",North,West,2026:04:25 04:30:57
C:/Projects/iceland_trip/photos/Iceland Trip/IMG_8521.HEIC,IMG_8521.HEIC,"64 deg 8' 43.94"" N","21 deg 55' 42.53"" W",North,West,2026:04:25 04:50:31
C:/Projects/iceland_trip/photos/Iceland Trip/IMG_8522.HEIC,IMG_8522.HEIC,"64 deg 8' 37.07"" N","21 deg 55' 58.49"" W",North,West,2026:04:25 05:03:29
C:/Projects/iceland_trip/photos/Iceland Trip/IMG_8523.HEIC,IMG_8523.HEIC,"64 deg 8' 25.84"" N","21 deg 56' 8.18"" W",North,West,2026:04:25 10:27:31
C:/Projects/iceland_trip/photos/Iceland Trip/IMG_8527.HEIC,IMG_8527.HEIC,"64 deg 8' 34.65"" N","21 deg 56' 6.37"" W",North,West,2026:04:25 18:11:46
C:/Projects/iceland_trip/photos/Iceland Trip/IMG_8528.HEIC,IMG_8528.HEIC,"64 deg 8' 34.63"" N","21 deg 56' 6.37"" W",North,West,2026:04:25 18:14:21
C:/Projects/iceland_trip/photos/Iceland Trip/IMG_8534.HEIC,IMG_8534.HEIC,"64 deg 8' 51.08"" N","21 deg 56' 20.87"" W",North,West,2026:04:26 00:55:13
C:/Projects/iceland_trip/photos/Iceland Trip/IMG_8535.HEIC,IMG_8535.HEIC,"64 deg 8' 51.27"" N","21 deg 56' 20.66"" W",North,West,2026:04:26 00:56:46
C:/Projects/iceland_trip/photos/Iceland Trip/IMG_8537.HEIC,IMG_8537.HEIC,"64 deg 8' 33.34"" N","21 deg 55' 40.83"" W",North,West,2026:04:26 04:44:18
C:/Projects/iceland_trip/photos/Iceland Trip/IMG_8538.HEIC,IMG_8538.HEIC,"64 deg 8' 33.28"" N","21 deg 55' 41.16"" W",North,West,2026:04:26 04:44:23
C:/Projects/iceland_trip/photos/Iceland Trip/IMG_8539.HEIC,IMG_8539.HEIC,"64 deg 8' 33.28"" N","21 deg 55' 41.18"" W",North,West,2026:04:26 04:44:24
C:/Projects/iceland_trip/photos/Iceland Trip/IMG_8546.HEIC,IMG_8546.HEIC,"64 deg 8' 45.06"" N","21 deg 56' 25.55"" W",North,West,2026:04:26 20:24:41
C:/Projects/iceland_trip/photos/Iceland Trip/IMG_8549.HEIC,IMG_8549.HEIC,"64 deg 8' 44.57"" N","21 deg 56' 24.73"" W",North,West,2026:04:26 21:27:30
C:/Projects/iceland_trip/photos/Iceland Trip/IMG_8550.HEIC,IMG_8550.HEIC,"64 deg 8' 44.57"" N","21 deg 56' 24.73"" W",North,West,2026:04:26 21:27:31
C:/Projects/iceland_trip/photos/Iceland Trip/IMG_8551.HEIC,IMG_8551.HEIC,"64 deg 8' 44.57"" N","21 deg 56' 24.73"" W",North,West,2026:04:26 21:27:32
C:/Projects/iceland_trip/photos/Iceland Trip/IMG_8553.HEIC,IMG_8553.HEIC,"64 deg 8' 27.79"" N","21 deg 56' 59.73"" W",North,West,2026:04:26 22:49:15
C:/Projects/iceland_trip/photos/Iceland Trip/IMG_8554.HEIC,IMG_8554.HEIC,"64 deg 8' 27.82"" N","21 deg 56' 59.84"" W",North,West,2026:04:26 22:49:46
C:/Projects/iceland_trip/photos/Iceland Trip/IMG_8559.HEIC,IMG_8559.HEIC,"64 deg 8' 28.23"" N","21 deg 56' 59.30"" W",North,West,2026:04:26 22:50:08
C:/Projects/iceland_trip/photos/Iceland Trip/IMG_8560.HEIC,IMG_8560.HEIC,"64 deg 8' 28.83"" N","21 deg 56' 58.62"" W",North,West,2026:04:26 22:50:26
C:/Projects/iceland_trip/photos/Iceland Trip/IMG_8562.HEIC,IMG_8562.HEIC,"64 deg 8' 28.91"" N","21 deg 56' 58.57"" W",North,West,2026:04:26 22:50:36
C:/Projects/iceland_trip/photos/Iceland Trip/IMG_8563.HEIC,IMG_8563.HEIC,"64 deg 8' 29.27"" N","21 deg 56' 58.24"" W",North,West,2026:04:26 22:50:48
C:/Projects/iceland_trip/photos/Iceland Trip/IMG_8564.HEIC,IMG_8564.HEIC,"64 deg 8' 40.86"" N","21 deg 55' 31.06"" W",North,West,2026:04:26 23:36:01
C:/Projects/iceland_trip/photos/Iceland Trip/IMG_8565.HEIC,IMG_8565.HEIC,"64 deg 8' 40.83"" N","21 deg 55' 31.35"" W",North,West,2026:04:26 23:36:13
C:/Projects/iceland_trip/photos/Iceland Trip/IMG_8566.HEIC,IMG_8566.HEIC,"64 deg 8' 40.45"" N","21 deg 55' 31.45"" W",North,West,2026:04:26 23:36:38
C:/Projects/iceland_trip/photos/Iceland Trip/IMG_8569.HEIC,IMG_8569.HEIC,"64 deg 8' 32.32"" N","21 deg 55' 39.54"" W",North,West,2026:04:26 23:40:50
C:/Projects/iceland_trip/photos/Iceland Trip/IMG_8571.HEIC,IMG_8571.HEIC,"64 deg 8' 31.74"" N","21 deg 55' 40.14"" W",North,West,2026:04:26 23:41:41
C:/Projects/iceland_trip/photos/Iceland Trip/IMG_8573.HEIC,IMG_8573.HEIC,"64 deg 8' 31.74"" N","21 deg 55' 40.21"" W",North,West,2026:04:26 23:41:52
C:/Projects/iceland_trip/photos/Iceland Trip/IMG_8575.HEIC,IMG_8575.HEIC,"64 deg 8' 31.77"" N","21 deg 55' 40.17"" W",North,West,2026:04:26 23:42:04
C:/Projects/iceland_trip/photos/Iceland Trip/IMG_8576.HEIC,IMG_8576.HEIC,"64 deg 8' 31.25"" N","21 deg 55' 39.60"" W",North,West,2026:04:26 23:42:23
C:/Projects/iceland_trip/photos/Iceland Trip/IMG_8583.HEIC,IMG_8583.HEIC,"64 deg 8' 29.02"" N","21 deg 55' 35.98"" W",North,West,2026:04:26 23:44:04
C:/Projects/iceland_trip/photos/Iceland Trip/IMG_8585.HEIC,IMG_8585.HEIC,"64 deg 8' 32.05"" N","21 deg 55' 44.61"" W",North,West,2026:04:27 00:08:29
C:/Projects/iceland_trip/photos/Iceland Trip/IMG_8586.HEIC,IMG_8586.HEIC,"64 deg 8' 33.80"" N","21 deg 55' 35.97"" W",North,West,2026:04:27 00:10:20
C:/Projects/iceland_trip/photos/Iceland Trip/IMG_8589.HEIC,IMG_8589.HEIC,"64 deg 8' 33.31"" N","21 deg 55' 34.68"" W",North,West,2026:04:27 00:10:48
C:/Projects/iceland_trip/photos/Iceland Trip/IMG_8591.HEIC,IMG_8591.HEIC,"64 deg 8' 31.99"" N","21 deg 55' 32.59"" W",North,West,2026:04:27 00:11:32
C:/Projects/iceland_trip/photos/Iceland Trip/IMG_8594.HEIC,IMG_8594.HEIC,"64 deg 8' 29.85"" N","21 deg 55' 33.33"" W",North,West,2026:04:27 00:13:02
C:/Projects/iceland_trip/photos/Iceland Trip/IMG_8597.HEIC,IMG_8597.HEIC,"64 deg 8' 29.46"" N","21 deg 55' 37.85"" W",North,West,2026:04:27 00:13:53
C:/Projects/iceland_trip/photos/Iceland Trip/IMG_8604.HEIC,IMG_8604.HEIC,"64 deg 8' 16.50"" N","21 deg 56' 30.72"" W",North,West,2026:04:27 08:08:11
C:/Projects/iceland_trip/photos/Iceland Trip/IMG_8605.HEIC,IMG_8605.HEIC,"64 deg 8' 16.50"" N","21 deg 56' 30.72"" W",North,West,2026:04:27 08:08:14
C:/Projects/iceland_trip/photos/Iceland Trip/IMG_8606.HEIC,IMG_8606.HEIC,"64 deg 8' 16.50"" N","21 deg 56' 30.72"" W",North,West,2026:04:27 08:08:15
C:/Projects/iceland_trip/photos/Iceland Trip/IMG_8607.HEIC,IMG_8607.HEIC,"64 deg 8' 14.58"" N","21 deg 56' 34.67"" W",North,West,2026:04:27 08:09:21
C:/Projects/iceland_trip/photos/Iceland Trip/IMG_8608.HEIC,IMG_8608.HEIC,"64 deg 8' 14.60"" N","21 deg 56' 34.67"" W",North,West,2026:04:27 08:09:23
C:/Projects/iceland_trip/photos/Iceland Trip/IMG_8609.HEIC,IMG_8609.HEIC,"64 deg 8' 14.25"" N","21 deg 56' 35.05"" W",North,West,2026:04:27 08:09:35
C:/Projects/iceland_trip/photos/Iceland Trip/IMG_8610.HEIC,IMG_8610.HEIC,"64 deg 8' 13.59"" N","21 deg 56' 38.57"" W",North,West,2026:04:27 08:10:33
C:/Projects/iceland_trip/photos/Iceland Trip/IMG_8611.HEIC,IMG_8611.HEIC,"64 deg 8' 13.59"" N","21 deg 56' 38.55"" W",North,West,2026:04:27 08:10:35
C:/Projects/iceland_trip/photos/Iceland Trip/IMG_8615.HEIC,IMG_8615.HEIC,"64 deg 8' 10.62"" N","21 deg 56' 46.74"" W",North,West,2026:04:27 08:45:29
C:/Projects/iceland_trip/photos/Iceland Trip/IMG_8617.HEIC,IMG_8617.HEIC,"64 deg 8' 20.81"" N","21 deg 56' 52.75"" W",North,West,2026:04:27 09:43:02
C:/Projects/iceland_trip/photos/Iceland Trip/IMG_8618.HEIC,IMG_8618.HEIC,"64 deg 8' 25.34"" N","21 deg 56' 56.04"" W",North,West,2026:04:27 09:45:26
C:/Projects/iceland_trip/photos/Iceland Trip/IMG_8619.HEIC,IMG_8619.HEIC,"64 deg 8' 25.29"" N","21 deg 56' 55.48"" W",North,West,2026:04:27 09:45:43
C:/Projects/iceland_trip/photos/Iceland Trip/IMG_8620.HEIC,IMG_8620.HEIC,"64 deg 8' 25.29"" N","21 deg 56' 55.48"" W",North,West,2026:04:27 09:45:44
C:/Projects/iceland_trip/photos/Iceland Trip/IMG_8621.HEIC,IMG_8621.HEIC,"64 deg 8' 25.21"" N","21 deg 56' 54.84"" W",North,West,2026:04:27 09:46:02
C:/Projects/iceland_trip/photos/Iceland Trip/IMG_8622.HEIC,IMG_8622.HEIC,"64 deg 8' 24.44"" N","21 deg 56' 51.54"" W",North,West,2026:04:27 09:46:58
C:/Projects/iceland_trip/photos/Iceland Trip/IMG_8623.HEIC,IMG_8623.HEIC,"64 deg 8' 24.44"" N","21 deg 56' 51.55"" W",North,West,2026:04:27 09:47:02
C:/Projects/iceland_trip/photos/Iceland Trip/IMG_8624.HEIC,IMG_8624.HEIC,"64 deg 8' 24.44"" N","21 deg 56' 51.52"" W",North,West,2026:04:27 09:47:07
C:/Projects/iceland_trip/photos/Iceland Trip/IMG_8625.HEIC,IMG_8625.HEIC,"64 deg 8' 24.14"" N","21 deg 56' 51.05"" W",North,West,2026:04:27 09:47:32
C:/Projects/iceland_trip/photos/Iceland Trip/IMG_8626.HEIC,IMG_8626.HEIC,"64 deg 8' 24.16"" N","21 deg 56' 50.70"" W",North,West,2026:04:27 09:47:42
C:/Projects/iceland_trip/photos/Iceland Trip/IMG_8627.HEIC,IMG_8627.HEIC,"64 deg 8' 24.22"" N","21 deg 56' 51.34"" W",North,West,2026:04:27 09:47:59
C:/Projects/iceland_trip/photos/Iceland Trip/IMG_8628.PNG,IMG_8628.PNG,,,,,2026:04:27 10:21:55
C:/Projects/iceland_trip/photos/Iceland Trip/IMG_8632.HEIC,IMG_8632.HEIC,"64 deg 8' 26.00"" N","21 deg 56' 58.66"" W",North,West,2026:04:27 11:46:07
C:/Projects/iceland_trip/photos/Iceland Trip/IMG_8639.HEIC,IMG_8639.HEIC,"64 deg 8' 24.63"" N","21 deg 53' 57.56"" W",North,West,2026:04:27 20:13:32
C:/Projects/iceland_trip/photos/Iceland Trip/IMG_8640.HEIC,IMG_8640.HEIC,"64 deg 8' 24.63"" N","21 deg 53' 57.69"" W",North,West,2026:04:27 20:15:13
C:/Projects/iceland_trip/photos/Iceland Trip/IMG_8641.HEIC,IMG_8641.HEIC,"64 deg 8' 24.93"" N","21 deg 53' 56.67"" W",North,West,2026:04:27 20:27:24
C:/Projects/iceland_trip/photos/Iceland Trip/IMG_8642.HEIC,IMG_8642.HEIC,"64 deg 8' 24.79"" N","21 deg 53' 56.98"" W",North,West,2026:04:27 20:30:57
C:/Projects/iceland_trip/photos/Iceland Trip/IMG_8643.HEIC,IMG_8643.HEIC,"64 deg 8' 24.85"" N","21 deg 53' 58.54"" W",North,West,2026:04:27 20:32:40
C:/Projects/iceland_trip/photos/Iceland Trip/IMG_8644.HEIC,IMG_8644.HEIC,"64 deg 8' 23.86"" N","21 deg 53' 57.99"" W",North,West,2026:04:27 20:33:18
C:/Projects/iceland_trip/photos/Iceland Trip/IMG_8652.HEIC,IMG_8652.HEIC,"64 deg 7' 50.57"" N","21 deg 55' 11.33"" W",North,West,2026:04:28 13:39:29
C:/Projects/iceland_trip/photos/Iceland Trip/IMG_8653.HEIC,IMG_8653.HEIC,"64 deg 7' 50.57"" N","21 deg 55' 11.34"" W",North,West,2026:04:28 13:40:00
C:/Projects/iceland_trip/photos/Iceland Trip/IMG_8654.HEIC,IMG_8654.HEIC,"64 deg 7' 50.57"" N","21 deg 55' 11.34"" W",North,West,2026:04:28 13:40:04
C:/Projects/iceland_trip/photos/Iceland Trip/IMG_8655.HEIC,IMG_8655.HEIC,"64 deg 7' 50.57"" N","21 deg 55' 11.33"" W",North,West,2026:04:28 13:40:40
C:/Projects/iceland_trip/photos/Iceland Trip/IMG_8656.HEIC,IMG_8656.HEIC,"64 deg 7' 50.54"" N","21 deg 55' 11.33"" W",North,West,2026:04:28 13:40:42
C:/Projects/iceland_trip/photos/Iceland Trip/IMG_8657.HEIC,IMG_8657.HEIC,"64 deg 7' 50.54"" N","21 deg 55' 11.33"" W",North,West,2026:04:28 13:40:48
C:/Projects/iceland_trip/photos/Iceland Trip/IMG_8658.HEIC,IMG_8658.HEIC,"64 deg 7' 50.54"" N","21 deg 55' 11.33"" W",North,West,2026:04:28 13:40:50
C:/Projects/iceland_trip/photos/Iceland Trip/IMG_8659.HEIC,IMG_8659.HEIC,"64 deg 7' 50.52"" N","21 deg 55' 11.32"" W",North,West,2026:04:28 13:40:59
C:/Projects/iceland_trip/photos/Iceland Trip/IMG_8660.HEIC,IMG_8660.HEIC,"64 deg 7' 50.52"" N","21 deg 55' 11.32"" W",North,West,2026:04:28 13:41:02
C:/Projects/iceland_trip/photos/Iceland Trip/IMG_8661.HEIC,IMG_8661.HEIC,"64 deg 7' 50.38"" N","21 deg 55' 11.28"" W",North,West,2026:04:28 13:41:14
C:/Projects/iceland_trip/photos/Iceland Trip/IMG_8662.HEIC,IMG_8662.HEIC,"64 deg 7' 50.41"" N","21 deg 55' 11.29"" W",North,West,2026:04:28 13:41:23
C:/Projects/iceland_trip/photos/Iceland Trip/IMG_8665.HEIC,IMG_8665.HEIC,"64 deg 7' 44.86"" N","21 deg 55' 6.91"" W",North,West,2026:04:28 16:27:54
C:/Projects/iceland_trip/photos/Iceland Trip/IMG_8667.HEIC,IMG_8667.HEIC,"64 deg 7' 44.86"" N","21 deg 55' 6.91"" W",North,West,2026:04:28 17:05:16
C:/Projects/iceland_trip/photos/Iceland Trip/IMG_8668.HEIC,IMG_8668.HEIC,"64 deg 7' 44.86"" N","21 deg 55' 6.91"" W",North,West,2026:04:28 20:01:20
C:/Projects/iceland_trip/photos/Iceland Trip/IMG_8669.HEIC,IMG_8669.HEIC,"64 deg 7' 44.86"" N","21 deg 55' 6.91"" W",North,West,2026:04:28 20:01:27
C:/Projects/iceland_trip/photos/Iceland Trip/IMG_8670.HEIC,IMG_8670.HEIC,"64 deg 7' 44.86"" N","21 deg 55' 6.91"" W",North,West,2026:04:28 20:02:17
C:/Projects/iceland_trip/photos/Iceland Trip/IMG_8672.HEIC,IMG_8672.HEIC,"64 deg 7' 44.97"" N","21 deg 55' 6.95"" W",North,West,2026:04:28 20:03:28
C:/Projects/iceland_trip/photos/Iceland Trip/IMG_8673.HEIC,IMG_8673.HEIC,"64 deg 7' 44.64"" N","21 deg 55' 8.50"" W",North,West,2026:04:28 20:05:21
C:/Projects/iceland_trip/photos/Iceland Trip/IMG_8674.HEIC,IMG_8674.HEIC,"64 deg 7' 44.56"" N","21 deg 55' 8.96"" W",North,West,2026:04:28 20:05:29
C:/Projects/iceland_trip/photos/Iceland Trip/IMG_8675.HEIC,IMG_8675.HEIC,"64 deg 7' 44.56"" N","21 deg 55' 8.84"" W",North,West,2026:04:28 20:05:31
C:/Projects/iceland_trip/photos/Iceland Trip/IMG_8676.HEIC,IMG_8676.HEIC,"64 deg 7' 44.56"" N","21 deg 55' 8.88"" W",North,West,2026:04:28 20:05:35
C:/Projects/iceland_trip/photos/Iceland Trip/IMG_8677.HEIC,IMG_8677.HEIC,"64 deg 7' 45.99"" N","21 deg 55' 8.83"" W",North,West,2026:04:28 20:06:19
C:/Projects/iceland_trip/photos/Iceland Trip/IMG_8678.HEIC,IMG_8678.HEIC,"64 deg 7' 45.96"" N","21 deg 55' 8.83"" W",North,West,2026:04:28 20:06:21
C:/Projects/iceland_trip/photos/Iceland Trip/IMG_8679.HEIC,IMG_8679.HEIC,"64 deg 7' 45.99"" N","21 deg 55' 8.83"" W",North,West,2026:04:28 20:06:23
C:/Projects/iceland_trip/photos/Iceland Trip/IMG_8680.HEIC,IMG_8680.HEIC,"64 deg 7' 46.01"" N","21 deg 55' 8.81"" W",North,West,2026:04:28 20:06:27
C:/Projects/iceland_trip/photos/Iceland Trip/IMG_8682.HEIC,IMG_8682.HEIC,"64 deg 7' 46.01"" N","21 deg 55' 8.81"" W",North,West,2026:04:28 20:06:30
C:/Projects/iceland_trip/photos/Iceland Trip/IMG_8690.HEIC,IMG_8690.HEIC,"64 deg 8' 32.92"" N","21 deg 55' 1.29"" W",North,West,2026:04:29 10:21:04
C:/Projects/iceland_trip/photos/Iceland Trip/IMG_8692.HEIC,IMG_8692.HEIC,"64 deg 8' 32.73"" N","21 deg 55' 0.48"" W",North,West,2026:04:29 12:04:00
C:/Projects/iceland_trip/photos/Iceland Trip/IMG_8698.HEIC,IMG_8698.HEIC,"64 deg 8' 33.42"" N","21 deg 54' 50.63"" W",North,West,2026:04:29 14:25:48
C:/Projects/iceland_trip/photos/Iceland Trip/IMG_8699.HEIC,IMG_8699.HEIC,"64 deg 8' 33.39"" N","21 deg 54' 50.20"" W",North,West,2026:04:29 15:43:45
C:/Projects/iceland_trip/photos/Iceland Trip/IMG_8701.HEIC,IMG_8701.HEIC,"64 deg 8' 59.98"" N","21 deg 55' 58.06"" W",North,West,2026:04:29 20:03:23
C:/Projects/iceland_trip/photos/Iceland Trip/IMG_8702.HEIC,IMG_8702.HEIC,"64 deg 9' 2.04"" N","21 deg 55' 57.86"" W",North,West,2026:04:29 20:36:20
C:/Projects/iceland_trip/photos/Iceland Trip/IMG_8703.HEIC,IMG_8703.HEIC,"64 deg 9' 1.65"" N","21 deg 55' 57.20"" W",North,West,2026:04:29 20:36:34
C:/Projects/iceland_trip/photos/Iceland Trip/IMG_8705.HEIC,IMG_8705.HEIC,"64 deg 9' 1.19"" N","21 deg 55' 58.05"" W",North,West,2026:04:29 21:21:02
C:/Projects/iceland_trip/photos/Iceland Trip/IMG_8706.HEIC,IMG_8706.HEIC,"64 deg 9' 1.19"" N","21 deg 55' 58.05"" W",North,West,2026:04:29 21:21:03
C:/Projects/iceland_trip/photos/Iceland Trip/IMG_8707.HEIC,IMG_8707.HEIC,"64 deg 9' 1.19"" N","21 deg 55' 58.05"" W",North,West,2026:04:29 21:21:04
C:/Projects/iceland_trip/photos/Iceland Trip/IMG_8711.HEIC,IMG_8711.HEIC,"64 deg 8' 34.79"" N","21 deg 54' 31.47"" W",North,West,2026:04:30 12:08:18
C:/Projects/iceland_trip/photos/Iceland Trip/IMG_8716.HEIC,IMG_8716.HEIC,"64 deg 7' 37.33"" N","21 deg 51' 14.89"" W",North,West,2026:04:30 12:50:55
C:/Projects/iceland_trip/photos/Iceland Trip/IMG_8717.HEIC,IMG_8717.HEIC,"64 deg 8' 35.09"" N","21 deg 54' 52.60"" W",North,West,2026:04:30 18:29:29
C:/Projects/iceland_trip/photos/Iceland Trip/IMG_8724.HEIC,IMG_8724.HEIC,"64 deg 8' 42.87"" N","21 deg 55' 38.98"" W",North,West,2026:04:30 22:59:08
C:/Projects/iceland_trip/photos/Iceland Trip/IMG_8739.HEIC,IMG_8739.HEIC,"64 deg 8' 52.45"" N","21 deg 56' 25.62"" W",North,West,2026:05:02 00:29:50
C:/Projects/iceland_trip/photos/Iceland Trip/IMG_8741.HEIC,IMG_8741.HEIC,"64 deg 8' 43.72"" N","21 deg 56' 22.29"" W",North,West,2026:05:02 03:13:39
C:/Projects/iceland_trip/photos/Iceland Trip/IMG_8742.HEIC,IMG_8742.HEIC,"64 deg 8' 42.95"" N","21 deg 56' 22.35"" W",North,West,2026:05:02 03:14:12
C:/Projects/iceland_trip/photos/Iceland Trip/IMG_8744.HEIC,IMG_8744.HEIC,"64 deg 8' 38.47"" N","21 deg 56' 24.14"" W",North,West,2026:05:02 03:16:20
C:/Projects/iceland_trip/photos/Iceland Trip/IMG_8746.HEIC,IMG_8746.HEIC,"64 deg 8' 34.16"" N","21 deg 56' 26.73"" W",North,West,2026:05:02 03:18:26
C:/Projects/iceland_trip/photos/Iceland Trip/IMG_8747.HEIC,IMG_8747.HEIC,"64 deg 8' 34.16"" N","21 deg 56' 26.71"" W",North,West,2026:05:02 03:18:33
C:/Projects/iceland_trip/photos/Iceland Trip/IMG_8766.HEIC,IMG_8766.HEIC,"64 deg 8' 52.15"" N","21 deg 56' 23.48"" W",North,West,2026:05:03 04:13:23
C:/Projects/iceland_trip/photos/Iceland Trip/IMG_8781.HEIC,IMG_8781.HEIC,"64 deg 8' 24.44"" N","21 deg 56' 10.53"" W",North,West,2026:05:03 15:50:48
C:/Projects/iceland_trip/photos/Iceland Trip/IMG_8783.HEIC,IMG_8783.HEIC,"64 deg 8' 32.48"" N","21 deg 55' 43.94"" W",North,West,2026:05:03 16:28:29
C:/Projects/iceland_trip/photos/Iceland Trip/IMG_8787.HEIC,IMG_8787.HEIC,"64 deg 8' 32.51"" N","21 deg 55' 43.04"" W",North,West,2026:05:03 18:08:25
C:/Projects/iceland_trip/photos/Iceland Trip/IMG_8790.HEIC,IMG_8790.HEIC,"64 deg 8' 23.70"" N","21 deg 56' 8.10"" W",North,West,2026:05:03 20:59:30
C:/Projects/iceland_trip/photos/Iceland Trip/IMG_8791.HEIC,IMG_8791.HEIC,"64 deg 14' 0.87"" N","21 deg 49' 1.97"" W",North,West,2026:05:03 21:40:28
C:/Projects/iceland_trip/photos/Iceland Trip/IMG_8792.HEIC,IMG_8792.HEIC,"64 deg 14' 0.89"" N","21 deg 49' 1.98"" W",North,West,2026:05:03 21:40:29
C:/Projects/iceland_trip/photos/Iceland Trip/IMG_8793.HEIC,IMG_8793.HEIC,"64 deg 14' 0.89"" N","21 deg 49' 1.98"" W",North,West,2026:05:03 21:40:31
C:/Projects/iceland_trip/photos/Iceland Trip/IMG_8794.HEIC,IMG_8794.HEIC,"64 deg 14' 0.87"" N","21 deg 49' 1.95"" W",North,West,2026:05:03 21:40:34
C:/Projects/iceland_trip/photos/Iceland Trip/IMG_8795.HEIC,IMG_8795.HEIC,"64 deg 13' 56.75"" N","21 deg 48' 54.17"" W",North,West,2026:05:03 21:41:43
C:/Projects/iceland_trip/photos/Iceland Trip/IMG_8796.HEIC,IMG_8796.HEIC,"64 deg 13' 56.75"" N","21 deg 48' 54.17"" W",North,West,2026:05:03 21:41:46
C:/Projects/iceland_trip/photos/Iceland Trip/IMG_8797.HEIC,IMG_8797.HEIC,"64 deg 13' 56.75"" N","21 deg 48' 54.15"" W",North,West,2026:05:03 21:41:47
C:/Projects/iceland_trip/photos/Iceland Trip/IMG_8798.HEIC,IMG_8798.HEIC,"64 deg 13' 56.75"" N","21 deg 48' 54.15"" W",North,West,2026:05:03 21:41:49
C:/Projects/iceland_trip/photos/Iceland Trip/IMG_8799.HEIC,IMG_8799.HEIC,"64 deg 13' 56.72"" N","21 deg 48' 54.15"" W",North,West,2026:05:03 21:41:52
C:/Projects/iceland_trip/photos/Iceland Trip/IMG_8800.HEIC,IMG_8800.HEIC,"64 deg 13' 56.72"" N","21 deg 48' 54.15"" W",North,West,2026:05:03 21:41:55
C:/Projects/iceland_trip/photos/Iceland Trip/IMG_8801.HEIC,IMG_8801.HEIC,"64 deg 13' 56.83"" N","21 deg 48' 54.14"" W",North,West,2026:05:03 21:42:01
C:/Projects/iceland_trip/photos/Iceland Trip/IMG_8802.HEIC,IMG_8802.HEIC,"64 deg 23' 28.69"" N","21 deg 25' 40.09"" W",North,West,2026:05:03 22:19:24
C:/Projects/iceland_trip/photos/Iceland Trip/IMG_8803.HEIC,IMG_8803.HEIC,"64 deg 23' 28.67"" N","21 deg 25' 40.10"" W",North,West,2026:05:03 22:19:27
C:/Projects/iceland_trip/photos/Iceland Trip/IMG_8804.HEIC,IMG_8804.HEIC,"64 deg 23' 28.69"" N","21 deg 25' 40.11"" W",North,West,2026:05:03 22:19:29
C:/Projects/iceland_trip/photos/Iceland Trip/IMG_8805.HEIC,IMG_8805.HEIC,"64 deg 23' 28.72"" N","21 deg 25' 40.15"" W",North,West,2026:05:03 22:19:32
C:/Projects/iceland_trip/photos/Iceland Trip/IMG_8806.HEIC,IMG_8806.HEIC,"64 deg 23' 28.78"" N","21 deg 25' 40.00"" W",North,West,2026:05:03 22:19:42
C:/Projects/iceland_trip/photos/Iceland Trip/IMG_8807.HEIC,IMG_8807.HEIC,"64 deg 23' 28.80"" N","21 deg 25' 39.93"" W",North,West,2026:05:03 22:19:45
C:/Projects/iceland_trip/photos/Iceland Trip/IMG_8808.HEIC,IMG_8808.HEIC,"64 deg 23' 28.80"" N","21 deg 25' 39.95"" W",North,West,2026:05:03 22:19:48
C:/Projects/iceland_trip/photos/Iceland Trip/IMG_8809.HEIC,IMG_8809.HEIC,"64 deg 23' 28.78"" N","21 deg 25' 39.96"" W",North,West,2026:05:03 22:19:49
C:/Projects/iceland_trip/photos/Iceland Trip/IMG_8810.HEIC,IMG_8810.HEIC,"64 deg 23' 28.78"" N","21 deg 25' 40.00"" W",North,West,2026:05:03 22:19:52
C:/Projects/iceland_trip/photos/Iceland Trip/IMG_8811.HEIC,IMG_8811.HEIC,"64 deg 26' 52.00"" N","21 deg 32' 4.53"" W",North,West,2026:05:03 22:33:45
C:/Projects/iceland_trip/photos/Iceland Trip/IMG_8812.HEIC,IMG_8812.HEIC,"64 deg 26' 52.00"" N","21 deg 32' 4.53"" W",North,West,2026:05:03 22:33:47
C:/Projects/iceland_trip/photos/Iceland Trip/IMG_8813.HEIC,IMG_8813.HEIC,"64 deg 26' 52.02"" N","21 deg 32' 4.54"" W",North,West,2026:05:03 22:33:51
C:/Projects/iceland_trip/photos/Iceland Trip/IMG_8814.HEIC,IMG_8814.HEIC,"64 deg 26' 52.16"" N","21 deg 32' 4.54"" W",North,West,2026:05:03 22:33:59
C:/Projects/iceland_trip/photos/Iceland Trip/IMG_8815.HEIC,IMG_8815.HEIC,"64 deg 26' 52.13"" N","21 deg 32' 4.54"" W",North,West,2026:05:03 22:34:00
C:/Projects/iceland_trip/photos/Iceland Trip/IMG_8816.HEIC,IMG_8816.HEIC,"64 deg 26' 52.13"" N","21 deg 32' 4.52"" W",North,West,2026:05:03 22:34:04
C:/Projects/iceland_trip/photos/Iceland Trip/IMG_8817.HEIC,IMG_8817.HEIC,"64 deg 26' 52.11"" N","21 deg 32' 4.66"" W",North,West,2026:05:03 22:34:10
C:/Projects/iceland_trip/photos/Iceland Trip/IMG_8818.HEIC,IMG_8818.HEIC,"64 deg 26' 52.02"" N","21 deg 32' 4.54"" W",North,West,2026:05:03 22:34:18
C:/Projects/iceland_trip/photos/Iceland Trip/IMG_8819.HEIC,IMG_8819.HEIC,"64 deg 37' 39.09"" N","21 deg 37' 27.21"" W",North,West,2026:05:03 23:07:57
C:/Projects/iceland_trip/photos/Iceland Trip/IMG_8820.HEIC,IMG_8820.HEIC,"64 deg 37' 39.15"" N","21 deg 37' 27.22"" W",North,West,2026:05:03 23:08:03
C:/Projects/iceland_trip/photos/Iceland Trip/IMG_8821.HEIC,IMG_8821.HEIC,"64 deg 37' 39.15"" N","21 deg 37' 27.18"" W",North,West,2026:05:03 23:08:09
C:/Projects/iceland_trip/photos/Iceland Trip/IMG_8822.HEIC,IMG_8822.HEIC,"64 deg 37' 39.01"" N","21 deg 37' 27.10"" W",North,West,2026:05:03 23:09:10
C:/Projects/iceland_trip/photos/Iceland Trip/IMG_8823.HEIC,IMG_8823.HEIC,"64 deg 37' 39.04"" N","21 deg 37' 27.10"" W",North,West,2026:05:03 23:09:11
C:/Projects/iceland_trip/photos/Iceland Trip/IMG_8830.HEIC,IMG_8830.HEIC,"64 deg 37' 39.78"" N","21 deg 37' 28.02"" W",North,West,2026:05:04 06:11:14
C:/Projects/iceland_trip/photos/Iceland Trip/IMG_8831.HEIC,IMG_8831.HEIC,"64 deg 37' 39.81"" N","21 deg 37' 28.15"" W",North,West,2026:05:04 06:11:19
C:/Projects/iceland_trip/photos/Iceland Trip/IMG_8832.HEIC,IMG_8832.HEIC,"64 deg 37' 39.56"" N","21 deg 37' 28.04"" W",North,West,2026:05:04 06:11:40
C:/Projects/iceland_trip/photos/Iceland Trip/IMG_8833.HEIC,IMG_8833.HEIC,"64 deg 37' 39.09"" N","21 deg 37' 27.92"" W",North,West,2026:05:04 06:12:05
C:/Projects/iceland_trip/photos/Iceland Trip/IMG_8834.HEIC,IMG_8834.HEIC,"64 deg 37' 40.57"" N","21 deg 37' 30.32"" W",North,West,2026:05:04 06:15:01
C:/Projects/iceland_trip/photos/Iceland Trip/IMG_8835.HEIC,IMG_8835.HEIC,"64 deg 37' 40.57"" N","21 deg 37' 30.30"" W",North,West,2026:05:04 06:15:05
C:/Projects/iceland_trip/photos/Iceland Trip/IMG_8840.HEIC,IMG_8840.HEIC,"64 deg 8' 25.51"" N","21 deg 52' 14.69"" W",North,West,2026:05:04 13:20:53
C:/Projects/iceland_trip/photos/Iceland Trip/IMG_8841.HEIC,IMG_8841.HEIC,"64 deg 8' 25.51"" N","21 deg 52' 14.69"" W",North,West,2026:05:04 13:20:54
C:/Projects/iceland_trip/photos/Iceland Trip/IMG_8844.HEIC,IMG_8844.HEIC,"64 deg 8' 25.78"" N","21 deg 52' 12.06"" W",North,West,2026:05:04 13:33:27
C:/Projects/iceland_trip/photos/Iceland Trip/IMG_8846.HEIC,IMG_8846.HEIC,"64 deg 36' 57.40"" N","21 deg 33' 44.41"" W",North,West,2026:05:04 16:58:04
C:/Projects/iceland_trip/photos/Iceland Trip/IMG_8847.HEIC,IMG_8847.HEIC,"64 deg 36' 57.40"" N","21 deg 33' 44.40"" W",North,West,2026:05:04 16:58:06
C:/Projects/iceland_trip/photos/Iceland Trip/IMG_8848.HEIC,IMG_8848.HEIC,"64 deg 36' 57.40"" N","21 deg 33' 44.44"" W",North,West,2026:05:04 16:58:08
C:/Projects/iceland_trip/photos/Iceland Trip/IMG_8849.HEIC,IMG_8849.HEIC,"64 deg 36' 57.37"" N","21 deg 33' 44.50"" W",North,West,2026:05:04 16:58:10
C:/Projects/iceland_trip/photos/Iceland Trip/IMG_8850.HEIC,IMG_8850.HEIC,"64 deg 36' 57.34"" N","21 deg 33' 44.48"" W",North,West,2026:05:04 16:58:12
C:/Projects/iceland_trip/photos/Iceland Trip/IMG_8851.HEIC,IMG_8851.HEIC,"64 deg 36' 57.43"" N","21 deg 33' 44.54"" W",North,West,2026:05:04 16:58:21
C:/Projects/iceland_trip/photos/Iceland Trip/IMG_8852.HEIC,IMG_8852.HEIC,"64 deg 37' 38.90"" N","21 deg 37' 29.24"" W",North,West,2026:05:04 22:25:03
C:/Projects/iceland_trip/photos/Iceland Trip/IMG_8857.HEIC,IMG_8857.HEIC,"64 deg 37' 38.95"" N","21 deg 37' 26.83"" W",North,West,2026:05:06 05:19:09
C:/Projects/iceland_trip/photos/Iceland Trip/IMG_8858.HEIC,IMG_8858.HEIC,"64 deg 37' 38.90"" N","21 deg 37' 26.66"" W",North,West,2026:05:06 05:19:13
C:/Projects/iceland_trip/photos/Iceland Trip/IMG_8859.HEIC,IMG_8859.HEIC,"64 deg 37' 38.87"" N","21 deg 37' 26.72"" W",North,West,2026:05:06 05:19:18
C:/Projects/iceland_trip/photos/Iceland Trip/IMG_8860.HEIC,IMG_8860.HEIC,"64 deg 37' 38.87"" N","21 deg 37' 26.72"" W",North,West,2026:05:06 05:19:19
C:/Projects/iceland_trip/photos/Iceland Trip/IMG_8861.HEIC,IMG_8861.HEIC,"64 deg 37' 38.93"" N","21 deg 37' 26.79"" W",North,West,2026:05:06 05:19:23
C:/Projects/iceland_trip/photos/Iceland Trip/IMG_8862.HEIC,IMG_8862.HEIC,"64 deg 36' 30.87"" N","21 deg 32' 56.26"" W",North,West,2026:05:06 05:33:39
C:/Projects/iceland_trip/photos/Iceland Trip/IMG_8863.HEIC,IMG_8863.HEIC,"64 deg 36' 30.87"" N","21 deg 32' 56.28"" W",North,West,2026:05:06 05:33:48
C:/Projects/iceland_trip/photos/Iceland Trip/IMG_8864.HEIC,IMG_8864.HEIC,"64 deg 36' 30.92"" N","21 deg 32' 56.32"" W",North,West,2026:05:06 05:33:53
C:/Projects/iceland_trip/photos/Iceland Trip/IMG_8865.HEIC,IMG_8865.HEIC,"64 deg 36' 32.93"" N","21 deg 32' 57.53"" W",North,West,2026:05:06 05:34:44
C:/Projects/iceland_trip/photos/Iceland Trip/IMG_8874.HEIC,IMG_8874.HEIC,"65 deg 30' 34.28"" N","19 deg 41' 24.79"" W",North,West,2026:05:06 09:32:02
C:/Projects/iceland_trip/photos/Iceland Trip/IMG_8875.HEIC,IMG_8875.HEIC,"65 deg 30' 34.28"" N","19 deg 41' 24.78"" W",North,West,2026:05:06 09:32:04
C:/Projects/iceland_trip/photos/Iceland Trip/IMG_8876.HEIC,IMG_8876.HEIC,"65 deg 30' 34.25"" N","19 deg 41' 24.76"" W",North,West,2026:05:06 09:32:06
C:/Projects/iceland_trip/photos/Iceland Trip/IMG_8877.HEIC,IMG_8877.HEIC,"65 deg 30' 34.25"" N","19 deg 41' 24.78"" W",North,West,2026:05:06 09:32:09
C:/Projects/iceland_trip/photos/Iceland Trip/IMG_8878.HEIC,IMG_8878.HEIC,"65 deg 30' 34.25"" N","19 deg 41' 24.78"" W",North,West,2026:05:06 09:32:11
C:/Projects/iceland_trip/photos/Iceland Trip/IMG_8879.HEIC,IMG_8879.HEIC,"65 deg 30' 34.22"" N","19 deg 41' 24.79"" W",North,West,2026:05:06 09:32:16
C:/Projects/iceland_trip/photos/Iceland Trip/IMG_8880.HEIC,IMG_8880.HEIC,"65 deg 30' 34.22"" N","19 deg 41' 24.80"" W",North,West,2026:05:06 09:32:19
C:/Projects/iceland_trip/photos/Iceland Trip/IMG_8881.HEIC,IMG_8881.HEIC,"65 deg 30' 34.22"" N","19 deg 41' 24.81"" W",North,West,2026:05:06 09:32:20
C:/Projects/iceland_trip/photos/Iceland Trip/IMG_8882.HEIC,IMG_8882.HEIC,"65 deg 30' 34.22"" N","19 deg 41' 24.85"" W",North,West,2026:05:06 09:32:27
C:/Projects/iceland_trip/photos/Iceland Trip/IMG_8883.HEIC,IMG_8883.HEIC,"65 deg 30' 34.22"" N","19 deg 41' 24.85"" W",North,West,2026:05:06 09:32:28
C:/Projects/iceland_trip/photos/Iceland Trip/IMG_8884.HEIC,IMG_8884.HEIC,"65 deg 30' 34.22"" N","19 deg 41' 24.87"" W",North,West,2026:05:06 09:32:29
C:/Projects/iceland_trip/photos/Iceland Trip/IMG_8885.HEIC,IMG_8885.HEIC,"65 deg 30' 34.28"" N","19 deg 41' 24.65"" W",North,West,2026:05:06 09:33:40
C:/Projects/iceland_trip/photos/Iceland Trip/IMG_8886.HEIC,IMG_8886.HEIC,"65 deg 30' 34.28"" N","19 deg 41' 24.64"" W",North,West,2026:05:06 09:33:41
C:/Projects/iceland_trip/photos/Iceland Trip/IMG_8890.HEIC,IMG_8890.HEIC,"65 deg 40' 51.54"" N","18 deg 5' 22.70"" W",North,West,2026:05:06 12:10:41
C:/Projects/iceland_trip/photos/Iceland Trip/IMG_8891.HEIC,IMG_8891.HEIC,"65 deg 40' 51.57"" N","18 deg 5' 22.62"" W",North,West,2026:05:06 12:10:42
C:/Projects/iceland_trip/photos/Iceland Trip/IMG_8892.HEIC,IMG_8892.HEIC,"65 deg 39' 19.62"" N","18 deg 1' 30.72"" W",North,West,2026:05:06 21:31:23
C:/Projects/iceland_trip/photos/Iceland Trip/IMG_8893.HEIC,IMG_8893.HEIC,"65 deg 39' 19.67"" N","18 deg 1' 30.64"" W",North,West,2026:05:06 21:31:24
C:/Projects/iceland_trip/photos/Iceland Trip/IMG_8894.HEIC,IMG_8894.HEIC,"65 deg 39' 19.62"" N","18 deg 1' 29.46"" W",North,West,2026:05:06 21:32:23
C:/Projects/iceland_trip/photos/Iceland Trip/IMG_8895.HEIC,IMG_8895.HEIC,"65 deg 39' 19.64"" N","18 deg 1' 29.57"" W",North,West,2026:05:06 21:32:59
C:/Projects/iceland_trip/photos/Iceland Trip/IMG_8896.HEIC,IMG_8896.HEIC,"65 deg 39' 19.67"" N","18 deg 1' 29.56"" W",North,West,2026:05:06 21:33:04
C:/Projects/iceland_trip/photos/Iceland Trip/IMG_8898.HEIC,IMG_8898.HEIC,"65 deg 39' 19.56"" N","18 deg 1' 29.46"" W",North,West,2026:05:06 21:34:27
C:/Projects/iceland_trip/photos/Iceland Trip/IMG_8899.HEIC,IMG_8899.HEIC,"65 deg 39' 19.53"" N","18 deg 1' 29.61"" W",North,West,2026:05:06 21:34:32
C:/Projects/iceland_trip/photos/Iceland Trip/IMG_8900.HEIC,IMG_8900.HEIC,"65 deg 39' 19.62"" N","18 deg 1' 29.78"" W",North,West,2026:05:07 07:51:28
C:/Projects/iceland_trip/photos/Iceland Trip/IMG_8901.HEIC,IMG_8901.HEIC,"65 deg 39' 19.64"" N","18 deg 1' 29.75"" W",North,West,2026:05:07 07:51:32
C:/Projects/iceland_trip/photos/Iceland Trip/IMG_8902.HEIC,IMG_8902.HEIC,"65 deg 39' 19.64"" N","18 deg 1' 29.73"" W",North,West,2026:05:07 07:51:35
C:/Projects/iceland_trip/photos/Iceland Trip/IMG_8903.HEIC,IMG_8903.HEIC,"65 deg 40' 48.33"" N","18 deg 5' 32.01"" W",North,West,2026:05:07 08:35:57
C:/Projects/iceland_trip/photos/Iceland Trip/IMG_8904.HEIC,IMG_8904.HEIC,"65 deg 40' 48.33"" N","18 deg 5' 32.08"" W",North,West,2026:05:07 08:35:59
C:/Projects/iceland_trip/photos/Iceland Trip/IMG_8905.HEIC,IMG_8905.HEIC,"65 deg 40' 48.30"" N","18 deg 5' 32.09"" W",North,West,2026:05:07 08:36:02
C:/Projects/iceland_trip/photos/Iceland Trip/IMG_8906.HEIC,IMG_8906.HEIC,"65 deg 40' 48.30"" N","18 deg 5' 31.77"" W",North,West,2026:05:07 08:36:08
C:/Projects/iceland_trip/photos/Iceland Trip/IMG_8907.HEIC,IMG_8907.HEIC,"65 deg 40' 48.63"" N","18 deg 5' 30.64"" W",North,West,2026:05:07 08:36:22
C:/Projects/iceland_trip/photos/Iceland Trip/IMG_8908.HEIC,IMG_8908.HEIC,"65 deg 40' 48.83"" N","18 deg 5' 30.15"" W",North,West,2026:05:07 08:36:46
C:/Projects/iceland_trip/photos/Iceland Trip/IMG_8909.HEIC,IMG_8909.HEIC,"65 deg 40' 49.29"" N","18 deg 5' 28.88"" W",North,West,2026:05:07 08:37:05
C:/Projects/iceland_trip/photos/Iceland Trip/IMG_8917.HEIC,IMG_8917.HEIC,"65 deg 35' 43.98"" N","17 deg 11' 16.41"" W",North,West,2026:05:07 20:22:50
C:/Projects/iceland_trip/photos/Iceland Trip/IMG_8918.HEIC,IMG_8918.HEIC,"65 deg 35' 43.93"" N","17 deg 11' 15.19"" W",North,West,2026:05:07 20:22:51
C:/Projects/iceland_trip/photos/Iceland Trip/IMG_8919.HEIC,IMG_8919.HEIC,"65 deg 38' 24.85"" N","16 deg 54' 27.75"" W",North,West,2026:05:07 20:53:25
C:/Projects/iceland_trip/photos/Iceland Trip/IMG_8920.HEIC,IMG_8920.HEIC,"65 deg 38' 20.23"" N","16 deg 53' 21.41"" W",North,West,2026:05:07 20:54:21
C:/Projects/iceland_trip/photos/Iceland Trip/IMG_8921.HEIC,IMG_8921.HEIC,"65 deg 38' 22.05"" N","16 deg 52' 21.86"" W",North,West,2026:05:07 20:54:59
C:/Projects/iceland_trip/photos/Iceland Trip/IMG_8922.HEIC,IMG_8922.HEIC,"65 deg 38' 22.02"" N","16 deg 52' 20.24"" W",North,West,2026:05:07 20:55:00
C:/Projects/iceland_trip/photos/Iceland Trip/IMG_8923.HEIC,IMG_8923.HEIC,"65 deg 38' 22.51"" N","16 deg 51' 42.42"" W",North,West,2026:05:07 20:55:24
C:/Projects/iceland_trip/photos/Iceland Trip/IMG_8924.HEIC,IMG_8924.HEIC,"65 deg 38' 22.38"" N","16 deg 50' 39.83"" W",North,West,2026:05:07 20:56:22
C:/Projects/iceland_trip/photos/Iceland Trip/IMG_8925.HEIC,IMG_8925.HEIC,"65 deg 38' 28.53"" N","16 deg 50' 36.19"" W",North,West,2026:05:07 20:56:51
C:/Projects/iceland_trip/photos/Iceland Trip/IMG_8926.HEIC,IMG_8926.HEIC,"65 deg 38' 31.44"" N","16 deg 50' 37.48"" W",North,West,2026:05:07 20:57:15
C:/Projects/iceland_trip/photos/Iceland Trip/IMG_8927.HEIC,IMG_8927.HEIC,"65 deg 38' 31.47"" N","16 deg 50' 37.51"" W",North,West,2026:05:07 20:57:16
C:/Projects/iceland_trip/photos/Iceland Trip/IMG_8928.HEIC,IMG_8928.HEIC,"65 deg 38' 32.57"" N","16 deg 50' 39.68"" W",North,West,2026:05:07 20:57:31
C:/Projects/iceland_trip/photos/Iceland Trip/IMG_8929.HEIC,IMG_8929.HEIC,"65 deg 38' 32.59"" N","16 deg 50' 39.78"" W",North,West,2026:05:07 20:57:32
C:/Projects/iceland_trip/photos/Iceland Trip/IMG_8930.HEIC,IMG_8930.HEIC,"65 deg 38' 32.65"" N","16 deg 50' 39.85"" W",North,West,2026:05:07 20:57:35
C:/Projects/iceland_trip/photos/Iceland Trip/IMG_8931.HEIC,IMG_8931.HEIC,"65 deg 38' 33.75"" N","16 deg 50' 42.55"" W",North,West,2026:05:07 20:57:47
C:/Projects/iceland_trip/photos/Iceland Trip/IMG_8932.HEIC,IMG_8932.HEIC,"65 deg 38' 34.43"" N","16 deg 50' 43.63"" W",North,West,2026:05:07 20:57:52
C:/Projects/iceland_trip/photos/Iceland Trip/IMG_8933.HEIC,IMG_8933.HEIC,"65 deg 38' 34.60"" N","16 deg 50' 43.98"" W",North,West,2026:05:07 20:57:53
C:/Projects/iceland_trip/photos/Iceland Trip/IMG_8934.HEIC,IMG_8934.HEIC,"65 deg 38' 35.62"" N","16 deg 50' 44.53"" W",North,West,2026:05:07 20:57:58
C:/Projects/iceland_trip/photos/Iceland Trip/IMG_8935.HEIC,IMG_8935.HEIC,"65 deg 38' 36.44"" N","16 deg 50' 45.86"" W",North,West,2026:05:07 20:58:11
C:/Projects/iceland_trip/photos/Iceland Trip/IMG_8936.HEIC,IMG_8936.HEIC,"65 deg 38' 36.60"" N","16 deg 50' 46.70"" W",North,West,2026:05:07 20:58:32
C:/Projects/iceland_trip/photos/Iceland Trip/IMG_8937.HEIC,IMG_8937.HEIC,"65 deg 38' 36.58"" N","16 deg 50' 46.63"" W",North,West,2026:05:07 20:58:34
C:/Projects/iceland_trip/photos/Iceland Trip/IMG_8939.HEIC,IMG_8939.HEIC,"65 deg 38' 36.58"" N","16 deg 50' 46.54"" W",North,West,2026:05:07 20:58:36
C:/Projects/iceland_trip/photos/Iceland Trip/IMG_8940.HEIC,IMG_8940.HEIC,"65 deg 38' 36.47"" N","16 deg 50' 46.16"" W",North,West,2026:05:07 20:58:45
C:/Projects/iceland_trip/photos/Iceland Trip/IMG_8941.HEIC,IMG_8941.HEIC,"65 deg 38' 36.41"" N","16 deg 50' 45.90"" W",North,West,2026:05:07 20:58:58
C:/Projects/iceland_trip/photos/Iceland Trip/IMG_8942.HEIC,IMG_8942.HEIC,"65 deg 38' 36.06"" N","16 deg 50' 46.32"" W",North,West,2026:05:07 20:59:05
C:/Projects/iceland_trip/photos/Iceland Trip/IMG_8943.HEIC,IMG_8943.HEIC,"65 deg 38' 36.06"" N","16 deg 50' 46.27"" W",North,West,2026:05:07 20:59:06
C:/Projects/iceland_trip/photos/Iceland Trip/IMG_8944.HEIC,IMG_8944.HEIC,"65 deg 38' 36.00"" N","16 deg 50' 46.51"" W",North,West,2026:05:07 20:59:35
C:/Projects/iceland_trip/photos/Iceland Trip/IMG_8945.HEIC,IMG_8945.HEIC,"65 deg 38' 35.81"" N","16 deg 50' 46.76"" W",North,West,2026:05:07 20:59:52
C:/Projects/iceland_trip/photos/Iceland Trip/IMG_8946.HEIC,IMG_8946.HEIC,"65 deg 38' 35.70"" N","16 deg 50' 46.71"" W",North,West,2026:05:07 21:00:01
C:/Projects/iceland_trip/photos/Iceland Trip/IMG_8947.HEIC,IMG_8947.HEIC,"65 deg 38' 35.67"" N","16 deg 50' 46.74"" W",North,West,2026:05:07 21:00:08
C:/Projects/iceland_trip/photos/Iceland Trip/IMG_8948.HEIC,IMG_8948.HEIC,"65 deg 38' 35.67"" N","16 deg 50' 46.75"" W",North,West,2026:05:07 21:00:09
C:/Projects/iceland_trip/photos/Iceland Trip/IMG_8949.HEIC,IMG_8949.HEIC,"65 deg 38' 35.70"" N","16 deg 50' 46.76"" W",North,West,2026:05:07 21:00:12
C:/Projects/iceland_trip/photos/Iceland Trip/IMG_8950.HEIC,IMG_8950.HEIC,"65 deg 38' 35.70"" N","16 deg 50' 46.76"" W",North,West,2026:05:07 21:00:13
C:/Projects/iceland_trip/photos/Iceland Trip/IMG_8951.HEIC,IMG_8951.HEIC,"65 deg 38' 35.64"" N","16 deg 50' 47.58"" W",North,West,2026:05:07 21:00:44
C:/Projects/iceland_trip/photos/Iceland Trip/IMG_8952.HEIC,IMG_8952.HEIC,"65 deg 38' 35.97"" N","16 deg 50' 46.74"" W",North,West,2026:05:07 21:01:21
C:/Projects/iceland_trip/photos/Iceland Trip/IMG_8953.HEIC,IMG_8953.HEIC,"65 deg 38' 29.46"" N","16 deg 50' 36.29"" W",North,West,2026:05:07 21:02:56
C:/Projects/iceland_trip/photos/Iceland Trip/IMG_8954.HEIC,IMG_8954.HEIC,"65 deg 38' 28.61"" N","16 deg 50' 35.98"" W",North,West,2026:05:07 21:03:02
C:/Projects/iceland_trip/photos/Iceland Trip/IMG_8955.HEIC,IMG_8955.HEIC,"65 deg 38' 28.47"" N","16 deg 50' 35.98"" W",North,West,2026:05:07 21:03:04
C:/Projects/iceland_trip/photos/Iceland Trip/IMG_8956.HEIC,IMG_8956.HEIC,"65 deg 38' 26.80"" N","16 deg 50' 36.07"" W",North,West,2026:05:07 21:03:13
C:/Projects/iceland_trip/photos/Iceland Trip/IMG_8957.HEIC,IMG_8957.HEIC,"65 deg 38' 24.77"" N","16 deg 50' 17.17"" W",North,West,2026:05:07 21:04:31
C:/Projects/iceland_trip/photos/Iceland Trip/IMG_8958.HEIC,IMG_8958.HEIC,"65 deg 38' 25.04"" N","16 deg 50' 16.61"" W",North,West,2026:05:07 21:04:31
C:/Projects/iceland_trip/photos/Iceland Trip/IMG_8959.HEIC,IMG_8959.HEIC,"65 deg 38' 31.25"" N","16 deg 50' 8.23"" W",North,West,2026:05:07 21:04:50
C:/Projects/iceland_trip/photos/Iceland Trip/IMG_8960.HEIC,IMG_8960.HEIC,"65 deg 38' 35.01"" N","16 deg 49' 54.06"" W",North,West,2026:05:07 21:05:04
C:/Projects/iceland_trip/photos/Iceland Trip/IMG_8961.HEIC,IMG_8961.HEIC,"65 deg 38' 40.78"" N","16 deg 48' 48.95"" W",North,West,2026:05:07 21:06:20
C:/Projects/iceland_trip/photos/Iceland Trip/IMG_8962.HEIC,IMG_8962.HEIC,"65 deg 38' 40.31"" N","16 deg 48' 48.56"" W",North,West,2026:05:07 21:06:21
C:/Projects/iceland_trip/photos/Iceland Trip/IMG_8963.HEIC,IMG_8963.HEIC,"65 deg 39' 31.56"" N","16 deg 47' 44.33"" W",North,West,2026:05:07 21:08:40
C:/Projects/iceland_trip/photos/Iceland Trip/IMG_8964.HEIC,IMG_8964.HEIC,"65 deg 39' 32.17"" N","16 deg 47' 44.95"" W",North,West,2026:05:07 21:08:41
C:/Projects/iceland_trip/photos/Iceland Trip/IMG_8965.HEIC,IMG_8965.HEIC,"65 deg 39' 38.70"" N","16 deg 47' 49.79"" W",North,West,2026:05:07 21:08:52
C:/Projects/iceland_trip/photos/Iceland Trip/IMG_8966.HEIC,IMG_8966.HEIC,"65 deg 39' 57.35"" N","16 deg 47' 24.32"" W",North,West,2026:05:07 21:09:32
C:/Projects/iceland_trip/photos/Iceland Trip/IMG_8967.HEIC,IMG_8967.HEIC,"65 deg 40' 0.29"" N","16 deg 47' 22.09"" W",North,West,2026:05:07 21:09:37
C:/Projects/iceland_trip/photos/Iceland Trip/IMG_8968.HEIC,IMG_8968.HEIC,"65 deg 40' 22.02"" N","16 deg 47' 5.58"" W",North,West,2026:05:07 21:10:10
C:/Projects/iceland_trip/photos/Iceland Trip/IMG_8969.HEIC,IMG_8969.HEIC,"65 deg 40' 22.68"" N","16 deg 47' 5.10"" W",North,West,2026:05:07 21:10:11
C:/Projects/iceland_trip/photos/Iceland Trip/IMG_8970.HEIC,IMG_8970.HEIC,"65 deg 40' 45.09"" N","16 deg 46' 41.75"" W",North,West,2026:05:07 21:10:47
C:/Projects/iceland_trip/photos/Iceland Trip/IMG_8971.HEIC,IMG_8971.HEIC,"65 deg 40' 52.73"" N","16 deg 46' 30.38"" W",North,West,2026:05:07 21:11:37
C:/Projects/iceland_trip/photos/Iceland Trip/IMG_8972.HEIC,IMG_8972.HEIC,"65 deg 40' 52.75"" N","16 deg 46' 30.39"" W",North,West,2026:05:07 21:11:39
C:/Projects/iceland_trip/photos/Iceland Trip/IMG_8973.HEIC,IMG_8973.HEIC,"65 deg 40' 52.75"" N","16 deg 46' 30.40"" W",North,West,2026:05:07 21:11:40
C:/Projects/iceland_trip/photos/Iceland Trip/IMG_8974.HEIC,IMG_8974.HEIC,"65 deg 40' 52.37"" N","16 deg 46' 30.77"" W",North,West,2026:05:07 21:11:59
C:/Projects/iceland_trip/photos/Iceland Trip/IMG_8975.HEIC,IMG_8975.HEIC,"65 deg 41' 39.06"" N","16 deg 46' 25.63"" W",North,West,2026:05:07 21:13:37
C:/Projects/iceland_trip/photos/Iceland Trip/IMG_8976.HEIC,IMG_8976.HEIC,"65 deg 41' 44.44"" N","16 deg 46' 25.84"" W",North,West,2026:05:07 21:13:46
C:/Projects/iceland_trip/photos/Iceland Trip/IMG_8977.HEIC,IMG_8977.HEIC,"65 deg 41' 45.02"" N","16 deg 46' 25.82"" W",North,West,2026:05:07 21:13:47
C:/Projects/iceland_trip/photos/Iceland Trip/IMG_8978.HEIC,IMG_8978.HEIC,"65 deg 42' 7.90"" N","16 deg 46' 25.65"" W",North,West,2026:05:07 21:15:06
C:/Projects/iceland_trip/photos/Iceland Trip/IMG_8979.HEIC,IMG_8979.HEIC,"65 deg 42' 8.39"" N","16 deg 46' 25.63"" W",North,West,2026:05:07 21:15:09
C:/Projects/iceland_trip/photos/Iceland Trip/IMG_8980.HEIC,IMG_8980.HEIC,"65 deg 42' 9.44"" N","16 deg 46' 29.44"" W",North,West,2026:05:07 21:15:26
C:/Projects/iceland_trip/photos/Iceland Trip/IMG_8981.HEIC,IMG_8981.HEIC,"65 deg 42' 9.60"" N","16 deg 46' 30.93"" W",North,West,2026:05:07 21:16:05
C:/Projects/iceland_trip/photos/Iceland Trip/IMG_8982.HEIC,IMG_8982.HEIC,"65 deg 42' 9.60"" N","16 deg 46' 30.91"" W",North,West,2026:05:07 21:16:07
C:/Projects/iceland_trip/photos/Iceland Trip/IMG_8983.HEIC,IMG_8983.HEIC,"65 deg 42' 9.60"" N","16 deg 46' 30.93"" W",North,West,2026:05:07 21:16:08
C:/Projects/iceland_trip/photos/Iceland Trip/IMG_8984.HEIC,IMG_8984.HEIC,"65 deg 42' 9.60"" N","16 deg 46' 30.90"" W",North,West,2026:05:07 21:16:09
C:/Projects/iceland_trip/photos/Iceland Trip/IMG_8985.HEIC,IMG_8985.HEIC,"65 deg 42' 9.60"" N","16 deg 46' 30.73"" W",North,West,2026:05:07 21:16:14
C:/Projects/iceland_trip/photos/Iceland Trip/IMG_8986.HEIC,IMG_8986.HEIC,"65 deg 42' 9.57"" N","16 deg 46' 29.83"" W",North,West,2026:05:07 21:16:47
C:/Projects/iceland_trip/photos/Iceland Trip/IMG_8987.HEIC,IMG_8987.HEIC,"65 deg 42' 9.88"" N","16 deg 46' 27.86"" W",North,West,2026:05:07 21:18:20
C:/Projects/iceland_trip/photos/Iceland Trip/IMG_8988.HEIC,IMG_8988.HEIC,"65 deg 42' 10.04"" N","16 deg 46' 28.95"" W",North,West,2026:05:07 21:21:45
C:/Projects/iceland_trip/photos/Iceland Trip/IMG_8989.HEIC,IMG_8989.HEIC,"65 deg 42' 9.85"" N","16 deg 46' 27.77"" W",North,West,2026:05:07 21:22:26
C:/Projects/iceland_trip/photos/Iceland Trip/IMG_8990.HEIC,IMG_8990.HEIC,"65 deg 42' 9.79"" N","16 deg 46' 27.68"" W",North,West,2026:05:07 21:22:34
C:/Projects/iceland_trip/photos/Iceland Trip/IMG_8991.HEIC,IMG_8991.HEIC,"65 deg 42' 9.82"" N","16 deg 46' 27.65"" W",North,West,2026:05:07 21:22:45
C:/Projects/iceland_trip/photos/Iceland Trip/IMG_8992.HEIC,IMG_8992.HEIC,"65 deg 42' 9.82"" N","16 deg 46' 27.74"" W",North,West,2026:05:07 21:22:57
C:/Projects/iceland_trip/photos/Iceland Trip/IMG_8993.HEIC,IMG_8993.HEIC,"65 deg 42' 9.99"" N","16 deg 46' 28.52"" W",North,West,2026:05:07 21:23:24
C:/Projects/iceland_trip/photos/Iceland Trip/IMG_8994.HEIC,IMG_8994.HEIC,"65 deg 42' 10.10"" N","16 deg 46' 28.87"" W",North,West,2026:05:07 21:23:55
C:/Projects/iceland_trip/photos/Iceland Trip/IMG_8995.HEIC,IMG_8995.HEIC,"65 deg 42' 10.10"" N","16 deg 46' 28.87"" W",North,West,2026:05:07 21:24:13
C:/Projects/iceland_trip/photos/Iceland Trip/IMG_8996.HEIC,IMG_8996.HEIC,"65 deg 42' 10.12"" N","16 deg 46' 28.91"" W",North,West,2026:05:07 21:25:04
C:/Projects/iceland_trip/photos/Iceland Trip/IMG_8997.HEIC,IMG_8997.HEIC,"65 deg 42' 10.07"" N","16 deg 46' 28.90"" W",North,West,2026:05:07 21:25:09
C:/Projects/iceland_trip/photos/Iceland Trip/IMG_8998.HEIC,IMG_8998.HEIC,"65 deg 42' 10.07"" N","16 deg 46' 28.89"" W",North,West,2026:05:07 21:25:31
C:/Projects/iceland_trip/photos/Iceland Trip/IMG_8999.HEIC,IMG_8999.HEIC,"65 deg 42' 10.12"" N","16 deg 46' 28.92"" W",North,West,2026:05:07 21:26:44
C:/Projects/iceland_trip/photos/Iceland Trip/IMG_9001.HEIC,IMG_9001.HEIC,"65 deg 42' 10.21"" N","16 deg 46' 28.80"" W",North,West,2026:05:07 21:27:01
C:/Projects/iceland_trip/photos/Iceland Trip/IMG_9002.HEIC,IMG_9002.HEIC,"65 deg 42' 10.45"" N","16 deg 46' 28.83"" W",North,West,2026:05:07 21:27:47
C:/Projects/iceland_trip/photos/Iceland Trip/IMG_9003.HEIC,IMG_9003.HEIC,"65 deg 42' 10.26"" N","16 deg 46' 28.87"" W",North,West,2026:05:07 21:27:51
C:/Projects/iceland_trip/photos/Iceland Trip/IMG_9004.HEIC,IMG_9004.HEIC,"65 deg 42' 10.43"" N","16 deg 46' 28.88"" W",North,West,2026:05:07 21:28:13
C:/Projects/iceland_trip/photos/Iceland Trip/IMG_9005.HEIC,IMG_9005.HEIC,"65 deg 42' 10.43"" N","16 deg 46' 28.88"" W",North,West,2026:05:07 21:28:15
C:/Projects/iceland_trip/photos/Iceland Trip/IMG_9006.HEIC,IMG_9006.HEIC,"65 deg 42' 10.37"" N","16 deg 46' 28.82"" W",North,West,2026:05:07 21:28:45
C:/Projects/iceland_trip/photos/Iceland Trip/IMG_9007.HEIC,IMG_9007.HEIC,"65 deg 42' 10.23"" N","16 deg 46' 28.89"" W",North,West,2026:05:07 21:29:02
C:/Projects/iceland_trip/photos/Iceland Trip/IMG_9008.HEIC,IMG_9008.HEIC,"65 deg 42' 10.43"" N","16 deg 46' 28.87"" W",North,West,2026:05:07 21:29:57
C:/Projects/iceland_trip/photos/Iceland Trip/IMG_9009.HEIC,IMG_9009.HEIC,"65 deg 42' 10.40"" N","16 deg 46' 28.81"" W",North,West,2026:05:07 21:30:19
C:/Projects/iceland_trip/photos/Iceland Trip/IMG_9010.HEIC,IMG_9010.HEIC,"65 deg 42' 10.40"" N","16 deg 46' 28.81"" W",North,West,2026:05:07 21:30:20
C:/Projects/iceland_trip/photos/Iceland Trip/IMG_9011.HEIC,IMG_9011.HEIC,"65 deg 42' 10.12"" N","16 deg 46' 28.98"" W",North,West,2026:05:07 21:30:56
C:/Projects/iceland_trip/photos/Iceland Trip/IMG_9012.HEIC,IMG_9012.HEIC,"65 deg 42' 10.12"" N","16 deg 46' 29.05"" W",North,West,2026:05:07 21:31:00
C:/Projects/iceland_trip/photos/Iceland Trip/IMG_9013.HEIC,IMG_9013.HEIC,"65 deg 42' 10.12"" N","16 deg 46' 29.08"" W",North,West,2026:05:07 21:31:01
C:/Projects/iceland_trip/photos/Iceland Trip/IMG_9014.HEIC,IMG_9014.HEIC,"65 deg 42' 10.12"" N","16 deg 46' 29.11"" W",North,West,2026:05:07 21:31:03
C:/Projects/iceland_trip/photos/Iceland Trip/IMG_9015.HEIC,IMG_9015.HEIC,"65 deg 42' 10.48"" N","16 deg 46' 28.87"" W",North,West,2026:05:07 21:31:53
C:/Projects/iceland_trip/photos/Iceland Trip/IMG_9016.HEIC,IMG_9016.HEIC,"65 deg 42' 10.32"" N","16 deg 46' 28.83"" W",North,West,2026:05:07 21:38:07
C:/Projects/iceland_trip/photos/Iceland Trip/IMG_9017.HEIC,IMG_9017.HEIC,"65 deg 42' 10.43"" N","16 deg 46' 28.80"" W",North,West,2026:05:07 21:38:10
C:/Projects/iceland_trip/photos/Iceland Trip/IMG_9018.HEIC,IMG_9018.HEIC,"65 deg 42' 10.43"" N","16 deg 46' 28.80"" W",North,West,2026:05:07 21:38:11
C:/Projects/iceland_trip/photos/Iceland Trip/IMG_9019.HEIC,IMG_9019.HEIC,"65 deg 42' 10.65"" N","16 deg 46' 28.12"" W",North,West,2026:05:07 21:38:56
C:/Projects/iceland_trip/photos/Iceland Trip/IMG_9020.HEIC,IMG_9020.HEIC,"65 deg 42' 10.84"" N","16 deg 46' 28.08"" W",North,West,2026:05:07 21:39:49
C:/Projects/iceland_trip/photos/Iceland Trip/IMG_9021.HEIC,IMG_9021.HEIC,"65 deg 42' 10.81"" N","16 deg 46' 27.97"" W",North,West,2026:05:07 21:39:54
C:/Projects/iceland_trip/photos/Iceland Trip/IMG_9022.HEIC,IMG_9022.HEIC,"65 deg 42' 10.81"" N","16 deg 46' 27.97"" W",North,West,2026:05:07 21:39:54
C:/Projects/iceland_trip/photos/Iceland Trip/IMG_9023.HEIC,IMG_9023.HEIC,"65 deg 42' 10.78"" N","16 deg 46' 28.06"" W",North,West,2026:05:07 21:42:53
C:/Projects/iceland_trip/photos/Iceland Trip/IMG_9024.HEIC,IMG_9024.HEIC,"65 deg 42' 10.81"" N","16 deg 46' 27.98"" W",North,West,2026:05:07 21:43:13
C:/Projects/iceland_trip/photos/Iceland Trip/IMG_9025.HEIC,IMG_9025.HEIC,"65 deg 42' 10.81"" N","16 deg 46' 27.98"" W",North,West,2026:05:07 21:43:13
C:/Projects/iceland_trip/photos/Iceland Trip/IMG_9026.HEIC,IMG_9026.HEIC,"65 deg 42' 10.81"" N","16 deg 46' 28.18"" W",North,West,2026:05:07 21:43:40
C:/Projects/iceland_trip/photos/Iceland Trip/IMG_9027.HEIC,IMG_9027.HEIC,"65 deg 42' 10.76"" N","16 deg 46' 28.01"" W",North,West,2026:05:07 21:45:11
C:/Projects/iceland_trip/photos/Iceland Trip/IMG_9028.HEIC,IMG_9028.HEIC,"65 deg 42' 10.73"" N","16 deg 46' 28.14"" W",North,West,2026:05:07 21:45:20
C:/Projects/iceland_trip/photos/Iceland Trip/IMG_9029.HEIC,IMG_9029.HEIC,"65 deg 42' 10.78"" N","16 deg 46' 28.04"" W",North,West,2026:05:07 21:45:39
C:/Projects/iceland_trip/photos/Iceland Trip/IMG_9030.HEIC,IMG_9030.HEIC,"65 deg 42' 10.76"" N","16 deg 46' 28.08"" W",North,West,2026:05:07 21:46:39
C:/Projects/iceland_trip/photos/Iceland Trip/IMG_9031.HEIC,IMG_9031.HEIC,"65 deg 42' 10.10"" N","16 deg 46' 28.75"" W",North,West,2026:05:07 21:51:38
C:/Projects/iceland_trip/photos/Iceland Trip/IMG_9032.HEIC,IMG_9032.HEIC,"65 deg 42' 10.10"" N","16 deg 46' 28.75"" W",North,West,2026:05:07 21:51:38
C:/Projects/iceland_trip/photos/Iceland Trip/IMG_9033.HEIC,IMG_9033.HEIC,"65 deg 42' 10.10"" N","16 deg 46' 28.89"" W",North,West,2026:05:07 21:51:39
C:/Projects/iceland_trip/photos/Iceland Trip/IMG_9034.HEIC,IMG_9034.HEIC,"65 deg 42' 10.12"" N","16 deg 46' 30.07"" W",North,West,2026:05:07 21:51:51
C:/Projects/iceland_trip/photos/Iceland Trip/IMG_9035.HEIC,IMG_9035.HEIC,"65 deg 42' 15.31"" N","16 deg 46' 16.97"" W",North,West,2026:05:07 21:54:17
C:/Projects/iceland_trip/photos/Iceland Trip/IMG_9036.HEIC,IMG_9036.HEIC,"65 deg 42' 20.48"" N","16 deg 46' 19.05"" W",North,West,2026:05:07 21:54:46
C:/Projects/iceland_trip/photos/Iceland Trip/IMG_9037.HEIC,IMG_9037.HEIC,"65 deg 42' 20.81"" N","16 deg 46' 19.07"" W",North,West,2026:05:07 21:54:46
C:/Projects/iceland_trip/photos/Iceland Trip/IMG_9038.HEIC,IMG_9038.HEIC,"65 deg 42' 21.14"" N","16 deg 46' 19.04"" W",North,West,2026:05:07 21:54:48
C:/Projects/iceland_trip/photos/Iceland Trip/IMG_9039.HEIC,IMG_9039.HEIC,"65 deg 42' 25.12"" N","16 deg 46' 12.96"" W",North,West,2026:05:07 21:55:17
C:/Projects/iceland_trip/photos/Iceland Trip/IMG_9040.HEIC,IMG_9040.HEIC,"65 deg 42' 25.09"" N","16 deg 46' 12.79"" W",North,West,2026:05:07 21:55:18
C:/Projects/iceland_trip/photos/Iceland Trip/IMG_9041.HEIC,IMG_9041.HEIC,"65 deg 42' 30.45"" N","16 deg 45' 53.82"" W",North,West,2026:05:07 21:56:45
C:/Projects/iceland_trip/photos/Iceland Trip/IMG_9042.HEIC,IMG_9042.HEIC,"65 deg 42' 30.59"" N","16 deg 45' 53.66"" W",North,West,2026:05:07 21:56:55
C:/Projects/iceland_trip/photos/Iceland Trip/IMG_9043.HEIC,IMG_9043.HEIC,"65 deg 42' 30.59"" N","16 deg 45' 53.74"" W",North,West,2026:05:07 21:56:58
C:/Projects/iceland_trip/photos/Iceland Trip/IMG_9044.HEIC,IMG_9044.HEIC,"65 deg 42' 30.56"" N","16 deg 45' 53.63"" W",North,West,2026:05:07 21:57:13
C:/Projects/iceland_trip/photos/Iceland Trip/IMG_9045.HEIC,IMG_9045.HEIC,"65 deg 42' 30.59"" N","16 deg 45' 53.60"" W",North,West,2026:05:07 21:57:18
C:/Projects/iceland_trip/photos/Iceland Trip/IMG_9046.HEIC,IMG_9046.HEIC,"65 deg 42' 30.59"" N","16 deg 45' 53.56"" W",North,West,2026:05:07 21:57:30
C:/Projects/iceland_trip/photos/Iceland Trip/IMG_9047.HEIC,IMG_9047.HEIC,"65 deg 42' 30.61"" N","16 deg 45' 53.63"" W",North,West,2026:05:07 21:58:01
C:/Projects/iceland_trip/photos/Iceland Trip/IMG_9048.HEIC,IMG_9048.HEIC,"65 deg 42' 30.61"" N","16 deg 45' 53.65"" W",North,West,2026:05:07 21:58:01
C:/Projects/iceland_trip/photos/Iceland Trip/IMG_9049.HEIC,IMG_9049.HEIC,"65 deg 42' 30.59"" N","16 deg 45' 53.90"" W",North,West,2026:05:07 21:58:07
C:/Projects/iceland_trip/photos/Iceland Trip/IMG_9050.HEIC,IMG_9050.HEIC,"65 deg 42' 30.61"" N","16 deg 45' 53.96"" W",North,West,2026:05:07 21:58:09
C:/Projects/iceland_trip/photos/Iceland Trip/IMG_9051.HEIC,IMG_9051.HEIC,"65 deg 42' 30.61"" N","16 deg 45' 53.93"" W",North,West,2026:05:07 21:58:09
C:/Projects/iceland_trip/photos/Iceland Trip/IMG_9052.HEIC,IMG_9052.HEIC,"65 deg 41' 14.48"" N","16 deg 46' 17.69"" W",North,West,2026:05:07 22:06:07
C:/Projects/iceland_trip/photos/Iceland Trip/IMG_9053.HEIC,IMG_9053.HEIC,"65 deg 41' 13.85"" N","16 deg 46' 17.61"" W",North,West,2026:05:07 22:06:08
C:/Projects/iceland_trip/photos/Iceland Trip/IMG_9054.HEIC,IMG_9054.HEIC,"65 deg 41' 13.19"" N","16 deg 46' 17.54"" W",North,West,2026:05:07 22:06:10
C:/Projects/iceland_trip/photos/Iceland Trip/IMG_9055.HEIC,IMG_9055.HEIC,"65 deg 41' 10.55"" N","16 deg 46' 17.38"" W",North,West,2026:05:07 22:06:14
C:/Projects/iceland_trip/photos/Iceland Trip/IMG_9056.HEIC,IMG_9056.HEIC,"65 deg 40' 59.18"" N","16 deg 46' 24.22"" W",North,West,2026:05:07 22:06:30
C:/Projects/iceland_trip/photos/Iceland Trip/IMG_9057.HEIC,IMG_9057.HEIC,"65 deg 40' 59.18"" N","16 deg 46' 24.22"" W",North,West,2026:05:07 22:06:31
C:/Projects/iceland_trip/photos/Iceland Trip/IMG_9058.HEIC,IMG_9058.HEIC,"65 deg 40' 57.97"" N","16 deg 46' 25.78"" W",North,West,2026:05:07 22:06:32
C:/Projects/iceland_trip/photos/Iceland Trip/IMG_9059.HEIC,IMG_9059.HEIC,"65 deg 39' 30.16"" N","16 deg 47' 43.47"" W",North,West,2026:05:07 22:09:09
C:/Projects/iceland_trip/photos/Iceland Trip/IMG_9060.HEIC,IMG_9060.HEIC,"65 deg 39' 29.04"" N","16 deg 47' 42.52"" W",North,West,2026:05:07 22:09:12
C:/Projects/iceland_trip/photos/Iceland Trip/IMG_9061.HEIC,IMG_9061.HEIC,"65 deg 39' 15.94"" N","16 deg 47' 32.49"" W",North,West,2026:05:07 22:09:33
C:/Projects/iceland_trip/photos/Iceland Trip/IMG_9062.HEIC,IMG_9062.HEIC,"65 deg 38' 39.54"" N","16 deg 48' 16.96"" W",North,West,2026:05:07 22:11:03
C:/Projects/iceland_trip/photos/Iceland Trip/IMG_9063.HEIC,IMG_9063.HEIC,"65 deg 38' 39.21"" N","16 deg 48' 19.50"" W",North,West,2026:05:07 22:11:04
C:/Projects/iceland_trip/photos/Iceland Trip/IMG_9064.HEIC,IMG_9064.HEIC,"65 deg 38' 39.02"" N","16 deg 48' 20.78"" W",North,West,2026:05:07 22:11:05
C:/Projects/iceland_trip/photos/Iceland Trip/IMG_9065.HEIC,IMG_9065.HEIC,"65 deg 38' 38.72"" N","16 deg 48' 45.81"" W",North,West,2026:05:07 22:11:29
C:/Projects/iceland_trip/photos/Iceland Trip/IMG_9066.HEIC,IMG_9066.HEIC,"65 deg 38' 39.71"" N","16 deg 48' 47.60"" W",North,West,2026:05:07 22:11:32
C:/Projects/iceland_trip/photos/Iceland Trip/IMG_9067.HEIC,IMG_9067.HEIC,"65 deg 38' 40.07"" N","16 deg 48' 48.09"" W",North,West,2026:05:07 22:11:33
C:/Projects/iceland_trip/photos/Iceland Trip/IMG_9068.HEIC,IMG_9068.HEIC,"65 deg 38' 40.45"" N","16 deg 48' 48.44"" W",North,West,2026:05:07 22:11:34
C:/Projects/iceland_trip/photos/Iceland Trip/IMG_9069.HEIC,IMG_9069.HEIC,"65 deg 38' 46.16"" N","16 deg 48' 59.70"" W",North,West,2026:05:07 22:11:54
C:/Projects/iceland_trip/photos/Iceland Trip/IMG_9070.HEIC,IMG_9070.HEIC,"65 deg 38' 46.00"" N","16 deg 49' 45.88"" W",North,West,2026:05:07 22:12:44
C:/Projects/iceland_trip/photos/Iceland Trip/IMG_9071.HEIC,IMG_9071.HEIC,"65 deg 38' 45.48"" N","16 deg 49' 46.26"" W",North,West,2026:05:07 22:12:45
C:/Projects/iceland_trip/photos/Iceland Trip/IMG_9072.HEIC,IMG_9072.HEIC,"65 deg 38' 45.48"" N","16 deg 49' 46.26"" W",North,West,2026:05:07 22:12:46
C:/Projects/iceland_trip/photos/Iceland Trip/IMG_9073.HEIC,IMG_9073.HEIC,"65 deg 38' 32.35"" N","16 deg 50' 6.38"" W",North,West,2026:05:07 22:13:19
C:/Projects/iceland_trip/photos/Iceland Trip/IMG_9074.HEIC,IMG_9074.HEIC,"65 deg 38' 32.16"" N","16 deg 50' 6.99"" W",North,West,2026:05:07 22:13:19
C:/Projects/iceland_trip/photos/Iceland Trip/IMG_9075.HEIC,IMG_9075.HEIC,"65 deg 38' 31.36"" N","16 deg 50' 8.87"" W",North,West,2026:05:07 22:13:26
C:/Projects/iceland_trip/photos/Iceland Trip/IMG_9076.HEIC,IMG_9076.HEIC,"65 deg 38' 31.33"" N","16 deg 50' 8.96"" W",North,West,2026:05:07 22:13:32
C:/Projects/iceland_trip/photos/Iceland Trip/IMG_9077.HEIC,IMG_9077.HEIC,"65 deg 38' 31.33"" N","16 deg 50' 8.96"" W",North,West,2026:05:07 22:13:34
C:/Projects/iceland_trip/photos/Iceland Trip/IMG_9078.HEIC,IMG_9078.HEIC,"65 deg 38' 21.44"" N","16 deg 50' 39.11"" W",North,West,2026:05:07 22:14:17
C:/Projects/iceland_trip/photos/Iceland Trip/IMG_9079.HEIC,IMG_9079.HEIC,"65 deg 38' 21.44"" N","16 deg 50' 40.60"" W",North,West,2026:05:07 22:14:18
C:/Projects/iceland_trip/photos/Iceland Trip/IMG_9080.HEIC,IMG_9080.HEIC,"65 deg 38' 21.50"" N","16 deg 50' 43.54"" W",North,West,2026:05:07 22:14:20
C:/Projects/iceland_trip/photos/Iceland Trip/IMG_9081.HEIC,IMG_9081.HEIC,"65 deg 38' 21.64"" N","16 deg 50' 46.33"" W",North,West,2026:05:07 22:14:22
C:/Projects/iceland_trip/photos/Iceland Trip/IMG_9082.HEIC,IMG_9082.HEIC,"65 deg 38' 21.72"" N","16 deg 50' 47.71"" W",North,West,2026:05:07 22:14:23
C:/Projects/iceland_trip/photos/Iceland Trip/IMG_9083.HEIC,IMG_9083.HEIC,"65 deg 38' 22.21"" N","16 deg 50' 57.02"" W",North,West,2026:05:07 22:14:29
C:/Projects/iceland_trip/photos/Iceland Trip/IMG_9084.HEIC,IMG_9084.HEIC,"65 deg 38' 22.27"" N","16 deg 50' 58.35"" W",North,West,2026:05:07 22:14:30
C:/Projects/iceland_trip/photos/Iceland Trip/IMG_9085.HEIC,IMG_9085.HEIC,"65 deg 38' 22.29"" N","16 deg 50' 59.63"" W",North,West,2026:05:07 22:14:31
C:/Projects/iceland_trip/photos/Iceland Trip/IMG_9093.HEIC,IMG_9093.HEIC,"64 deg 46' 17.18"" N","21 deg 31' 52.25"" W",North,West,2026:05:08 17:19:14
C:/Projects/iceland_trip/photos/Iceland Trip/IMG_9094.HEIC,IMG_9094.HEIC,"64 deg 46' 17.21"" N","21 deg 31' 52.29"" W",North,West,2026:05:08 17:19:18
C:/Projects/iceland_trip/photos/Iceland Trip/IMG_9095.HEIC,IMG_9095.HEIC,"64 deg 46' 17.37"" N","21 deg 31' 53.84"" W",North,West,2026:05:08 17:19:46
C:/Projects/iceland_trip/photos/Iceland Trip/IMG_9096.HEIC,IMG_9096.HEIC,"64 deg 46' 17.29"" N","21 deg 31' 54.49"" W",North,West,2026:05:08 17:19:59
C:/Projects/iceland_trip/photos/Iceland Trip/IMG_9097.HEIC,IMG_9097.HEIC,"64 deg 46' 17.29"" N","21 deg 31' 56.28"" W",North,West,2026:05:08 17:20:27
C:/Projects/iceland_trip/photos/Iceland Trip/IMG_9098.HEIC,IMG_9098.HEIC,"64 deg 46' 17.26"" N","21 deg 31' 56.26"" W",North,West,2026:05:08 17:20:30
C:/Projects/iceland_trip/photos/Iceland Trip/IMG_9099.HEIC,IMG_9099.HEIC,"64 deg 46' 17.51"" N","21 deg 31' 56.44"" W",North,West,2026:05:08 17:20:41
C:/Projects/iceland_trip/photos/Iceland Trip/IMG_9100.HEIC,IMG_9100.HEIC,"64 deg 46' 17.92"" N","21 deg 31' 57.82"" W",North,West,2026:05:08 17:21:07
C:/Projects/iceland_trip/photos/Iceland Trip/IMG_9101.HEIC,IMG_9101.HEIC,"64 deg 46' 17.92"" N","21 deg 31' 57.81"" W",North,West,2026:05:08 17:21:11
C:/Projects/iceland_trip/photos/Iceland Trip/IMG_9102.HEIC,IMG_9102.HEIC,"64 deg 46' 18.39"" N","21 deg 31' 59.54"" W",North,West,2026:05:08 17:22:07
C:/Projects/iceland_trip/photos/Iceland Trip/IMG_9103.HEIC,IMG_9103.HEIC,"64 deg 46' 18.36"" N","21 deg 31' 59.56"" W",North,West,2026:05:08 17:22:11
C:/Projects/iceland_trip/photos/Iceland Trip/IMG_9104.HEIC,IMG_9104.HEIC,"64 deg 46' 18.72"" N","21 deg 32' 0.24"" W",North,West,2026:05:08 17:22:42
C:/Projects/iceland_trip/photos/Iceland Trip/IMG_9105.HEIC,IMG_9105.HEIC,"64 deg 46' 18.77"" N","21 deg 32' 0.44"" W",North,West,2026:05:08 17:22:48
C:/Projects/iceland_trip/photos/Iceland Trip/IMG_9106.HEIC,IMG_9106.HEIC,"64 deg 46' 18.77"" N","21 deg 32' 0.36"" W",North,West,2026:05:08 17:22:54
C:/Projects/iceland_trip/photos/Iceland Trip/IMG_9107.HEIC,IMG_9107.HEIC,"64 deg 46' 18.74"" N","21 deg 32' 0.36"" W",North,West,2026:05:08 17:22:55
C:/Projects/iceland_trip/photos/Iceland Trip/IMG_9108.HEIC,IMG_9108.HEIC,"64 deg 46' 18.74"" N","21 deg 32' 0.33"" W",North,West,2026:05:08 17:22:59
C:/Projects/iceland_trip/photos/Iceland Trip/IMG_9109.HEIC,IMG_9109.HEIC,"64 deg 46' 18.74"" N","21 deg 32' 0.32"" W",North,West,2026:05:08 17:23:00
C:/Projects/iceland_trip/photos/Iceland Trip/IMG_9110.HEIC,IMG_9110.HEIC,"64 deg 46' 18.72"" N","21 deg 32' 0.34"" W",North,West,2026:05:08 17:23:07
C:/Projects/iceland_trip/photos/Iceland Trip/IMG_9111.HEIC,IMG_9111.HEIC,"64 deg 46' 18.61"" N","21 deg 32' 1.78"" W",North,West,2026:05:08 17:23:28
C:/Projects/iceland_trip/photos/Iceland Trip/IMG_9112.HEIC,IMG_9112.HEIC,"64 deg 46' 18.58"" N","21 deg 32' 2.20"" W",North,West,2026:05:08 17:23:37
C:/Projects/iceland_trip/photos/Iceland Trip/IMG_9113.HEIC,IMG_9113.HEIC,"64 deg 46' 18.55"" N","21 deg 32' 2.22"" W",North,West,2026:05:08 17:23:38
C:/Projects/iceland_trip/photos/Iceland Trip/IMG_9114.HEIC,IMG_9114.HEIC,"64 deg 46' 18.44"" N","21 deg 32' 2.65"" W",North,West,2026:05:08 17:23:46
C:/Projects/iceland_trip/photos/Iceland Trip/IMG_9115.HEIC,IMG_9115.HEIC,"64 deg 46' 18.36"" N","21 deg 32' 2.90"" W",North,West,2026:05:08 17:23:54
C:/Projects/iceland_trip/photos/Iceland Trip/IMG_9116.HEIC,IMG_9116.HEIC,"64 deg 46' 18.17"" N","21 deg 32' 3.51"" W",North,West,2026:05:08 17:24:10
C:/Projects/iceland_trip/photos/Iceland Trip/IMG_9117.HEIC,IMG_9117.HEIC,"64 deg 46' 18.17"" N","21 deg 32' 3.51"" W",North,West,2026:05:08 17:24:11
C:/Projects/iceland_trip/photos/Iceland Trip/IMG_9118.HEIC,IMG_9118.HEIC,"64 deg 46' 18.17"" N","21 deg 32' 3.50"" W",North,West,2026:05:08 17:24:13
C:/Projects/iceland_trip/photos/Iceland Trip/IMG_9119.HEIC,IMG_9119.HEIC,"64 deg 46' 18.00"" N","21 deg 32' 4.14"" W",North,West,2026:05:08 17:24:23
C:/Projects/iceland_trip/photos/Iceland Trip/IMG_9120.HEIC,IMG_9120.HEIC,"64 deg 46' 18.00"" N","21 deg 32' 4.08"" W",North,West,2026:05:08 17:24:26
C:/Projects/iceland_trip/photos/Iceland Trip/IMG_9121.HEIC,IMG_9121.HEIC,"64 deg 46' 17.67"" N","21 deg 32' 6.56"" W",North,West,2026:05:08 17:25:00
C:/Projects/iceland_trip/photos/Iceland Trip/IMG_9122.HEIC,IMG_9122.HEIC,"64 deg 46' 17.70"" N","21 deg 32' 6.53"" W",North,West,2026:05:08 17:25:02
C:/Projects/iceland_trip/photos/Iceland Trip/IMG_9123.HEIC,IMG_9123.HEIC,"64 deg 46' 17.67"" N","21 deg 32' 6.49"" W",North,West,2026:05:08 17:25:02
C:/Projects/iceland_trip/photos/Iceland Trip/IMG_9124.HEIC,IMG_9124.HEIC,"64 deg 46' 17.67"" N","21 deg 32' 6.49"" W",North,West,2026:05:08 17:25:03
C:/Projects/iceland_trip/photos/Iceland Trip/IMG_9125.HEIC,IMG_9125.HEIC,"64 deg 46' 17.67"" N","21 deg 32' 6.49"" W",North,West,2026:05:08 17:25:04
C:/Projects/iceland_trip/photos/Iceland Trip/IMG_9126.HEIC,IMG_9126.HEIC,"64 deg 46' 17.67"" N","21 deg 32' 6.49"" W",North,West,2026:05:08 17:25:05
C:/Projects/iceland_trip/photos/Iceland Trip/IMG_9127.HEIC,IMG_9127.HEIC,"64 deg 46' 17.67"" N","21 deg 32' 6.49"" W",North,West,2026:05:08 17:25:05
C:/Projects/iceland_trip/photos/Iceland Trip/IMG_9128.HEIC,IMG_9128.HEIC,"64 deg 46' 17.67"" N","21 deg 32' 6.49"" W",North,West,2026:05:08 17:25:06
C:/Projects/iceland_trip/photos/Iceland Trip/IMG_9129.HEIC,IMG_9129.HEIC,"64 deg 46' 17.67"" N","21 deg 32' 6.48"" W",North,West,2026:05:08 17:25:07
C:/Projects/iceland_trip/photos/Iceland Trip/IMG_9130.HEIC,IMG_9130.HEIC,"64 deg 46' 17.67"" N","21 deg 32' 6.47"" W",North,West,2026:05:08 17:25:07
C:/Projects/iceland_trip/photos/Iceland Trip/IMG_9131.HEIC,IMG_9131.HEIC,"64 deg 46' 18.17"" N","21 deg 32' 10.35"" W",North,West,2026:05:08 17:26:05
C:/Projects/iceland_trip/photos/Iceland Trip/IMG_9132.HEIC,IMG_9132.HEIC,"64 deg 46' 18.58"" N","21 deg 32' 11.14"" W",North,West,2026:05:08 17:26:25
C:/Projects/iceland_trip/photos/Iceland Trip/IMG_9133.HEIC,IMG_9133.HEIC,"64 deg 46' 18.58"" N","21 deg 32' 11.14"" W",North,West,2026:05:08 17:26:26
C:/Projects/iceland_trip/photos/Iceland Trip/IMG_9134.HEIC,IMG_9134.HEIC,"64 deg 46' 18.58"" N","21 deg 32' 11.14"" W",North,West,2026:05:08 17:26:27
C:/Projects/iceland_trip/photos/Iceland Trip/IMG_9135.HEIC,IMG_9135.HEIC,"64 deg 46' 18.58"" N","21 deg 32' 11.14"" W",North,West,2026:05:08 17:26:28
C:/Projects/iceland_trip/photos/Iceland Trip/IMG_9136.HEIC,IMG_9136.HEIC,"64 deg 46' 18.55"" N","21 deg 32' 11.16"" W",North,West,2026:05:08 17:26:39
C:/Projects/iceland_trip/photos/Iceland Trip/IMG_9137.HEIC,IMG_9137.HEIC,"64 deg 46' 18.52"" N","21 deg 32' 11.09"" W",North,West,2026:05:08 17:26:41
C:/Projects/iceland_trip/photos/Iceland Trip/IMG_9138.HEIC,IMG_9138.HEIC,"64 deg 46' 18.58"" N","21 deg 32' 11.19"" W",North,West,2026:05:08 17:26:54
C:/Projects/iceland_trip/photos/Iceland Trip/IMG_9139.HEIC,IMG_9139.HEIC,"64 deg 46' 17.98"" N","21 deg 32' 12.65"" W",North,West,2026:05:08 17:27:55
C:/Projects/iceland_trip/photos/Iceland Trip/IMG_9140.HEIC,IMG_9140.HEIC,"64 deg 46' 17.98"" N","21 deg 32' 12.64"" W",North,West,2026:05:08 17:27:56
C:/Projects/iceland_trip/photos/Iceland Trip/IMG_9141.HEIC,IMG_9141.HEIC,"64 deg 46' 17.95"" N","21 deg 32' 12.64"" W",North,West,2026:05:08 17:27:57
C:/Projects/iceland_trip/photos/Iceland Trip/IMG_9142.HEIC,IMG_9142.HEIC,"64 deg 46' 17.95"" N","21 deg 32' 12.64"" W",North,West,2026:05:08 17:27:58
C:/Projects/iceland_trip/photos/Iceland Trip/IMG_9143.HEIC,IMG_9143.HEIC,"64 deg 46' 17.51"" N","21 deg 32' 14.25"" W",North,West,2026:05:08 17:28:38
C:/Projects/iceland_trip/photos/Iceland Trip/IMG_9144.HEIC,IMG_9144.HEIC,"64 deg 46' 17.48"" N","21 deg 32' 14.28"" W",North,West,2026:05:08 17:28:39
C:/Projects/iceland_trip/photos/Iceland Trip/IMG_9145.HEIC,IMG_9145.HEIC,"64 deg 46' 17.48"" N","21 deg 32' 14.28"" W",North,West,2026:05:08 17:28:41
C:/Projects/iceland_trip/photos/Iceland Trip/IMG_9146.HEIC,IMG_9146.HEIC,"64 deg 46' 17.48"" N","21 deg 32' 14.19"" W",North,West,2026:05:08 17:28:44
C:/Projects/iceland_trip/photos/Iceland Trip/IMG_9147.HEIC,IMG_9147.HEIC,"64 deg 46' 17.48"" N","21 deg 32' 14.21"" W",North,West,2026:05:08 17:28:45
C:/Projects/iceland_trip/photos/Iceland Trip/IMG_9148.HEIC,IMG_9148.HEIC,"64 deg 46' 17.18"" N","21 deg 32' 16.01"" W",North,West,2026:05:08 17:29:22
C:/Projects/iceland_trip/photos/Iceland Trip/IMG_9149.HEIC,IMG_9149.HEIC,"64 deg 46' 17.18"" N","21 deg 32' 15.98"" W",North,West,2026:05:08 17:29:25
C:/Projects/iceland_trip/photos/Iceland Trip/IMG_9150.HEIC,IMG_9150.HEIC,"64 deg 46' 17.18"" N","21 deg 32' 15.96"" W",North,West,2026:05:08 17:29:27
C:/Projects/iceland_trip/photos/Iceland Trip/IMG_9151.HEIC,IMG_9151.HEIC,"64 deg 46' 17.07"" N","21 deg 32' 15.97"" W",North,West,2026:05:08 17:29:43
C:/Projects/iceland_trip/photos/Iceland Trip/IMG_9152.HEIC,IMG_9152.HEIC,"64 deg 46' 16.66"" N","21 deg 32' 15.55"" W",North,West,2026:05:08 17:30:35
C:/Projects/iceland_trip/photos/Iceland Trip/IMG_9153.HEIC,IMG_9153.HEIC,"64 deg 46' 16.66"" N","21 deg 32' 15.54"" W",North,West,2026:05:08 17:30:35
C:/Projects/iceland_trip/photos/Iceland Trip/IMG_9154.HEIC,IMG_9154.HEIC,"64 deg 46' 15.37"" N","21 deg 32' 15.05"" W",North,West,2026:05:08 17:31:38
C:/Projects/iceland_trip/photos/Iceland Trip/IMG_9155.HEIC,IMG_9155.HEIC,"64 deg 46' 15.37"" N","21 deg 32' 15.02"" W",North,West,2026:05:08 17:31:39
C:/Projects/iceland_trip/photos/Iceland Trip/IMG_9156.HEIC,IMG_9156.HEIC,"64 deg 46' 15.15"" N","21 deg 32' 15.69"" W",North,West,2026:05:08 17:31:59
C:/Projects/iceland_trip/photos/Iceland Trip/IMG_9157.HEIC,IMG_9157.HEIC,"64 deg 46' 15.15"" N","21 deg 32' 15.61"" W",North,West,2026:05:08 17:32:01
C:/Projects/iceland_trip/photos/Iceland Trip/IMG_9158.HEIC,IMG_9158.HEIC,"64 deg 46' 15.15"" N","21 deg 32' 15.61"" W",North,West,2026:05:08 17:32:02
C:/Projects/iceland_trip/photos/Iceland Trip/IMG_9159.HEIC,IMG_9159.HEIC,"64 deg 46' 15.17"" N","21 deg 32' 15.61"" W",North,West,2026:05:08 17:32:04
C:/Projects/iceland_trip/photos/Iceland Trip/IMG_9160.HEIC,IMG_9160.HEIC,"64 deg 46' 15.17"" N","21 deg 32' 15.50"" W",North,West,2026:05:08 17:32:11
C:/Projects/iceland_trip/photos/Iceland Trip/IMG_9161.HEIC,IMG_9161.HEIC,"64 deg 46' 15.70"" N","21 deg 32' 14.20"" W",North,West,2026:05:08 17:32:43
C:/Projects/iceland_trip/photos/Iceland Trip/IMG_9162.HEIC,IMG_9162.HEIC,"64 deg 46' 15.70"" N","21 deg 32' 14.20"" W",North,West,2026:05:08 17:32:43
C:/Projects/iceland_trip/photos/Iceland Trip/IMG_9163.HEIC,IMG_9163.HEIC,"64 deg 46' 15.70"" N","21 deg 32' 14.20"" W",North,West,2026:05:08 17:32:44
C:/Projects/iceland_trip/photos/Iceland Trip/IMG_9164.HEIC,IMG_9164.HEIC,"64 deg 46' 15.81"" N","21 deg 32' 13.99"" W",North,West,2026:05:08 17:32:53
C:/Projects/iceland_trip/photos/Iceland Trip/IMG_9165.HEIC,IMG_9165.HEIC,"64 deg 46' 15.89"" N","21 deg 32' 13.82"" W",North,West,2026:05:08 17:33:06
C:/Projects/iceland_trip/photos/Iceland Trip/IMG_9166.HEIC,IMG_9166.HEIC,"64 deg 46' 15.92"" N","21 deg 32' 13.79"" W",North,West,2026:05:08 17:33:09
C:/Projects/iceland_trip/photos/Iceland Trip/IMG_9167.HEIC,IMG_9167.HEIC,"64 deg 46' 16.00"" N","21 deg 32' 13.59"" W",North,West,2026:05:08 17:33:21
C:/Projects/iceland_trip/photos/Iceland Trip/IMG_9168.HEIC,IMG_9168.HEIC,"64 deg 46' 16.00"" N","21 deg 32' 13.59"" W",North,West,2026:05:08 17:33:23
C:/Projects/iceland_trip/photos/Iceland Trip/IMG_9169.HEIC,IMG_9169.HEIC,"64 deg 46' 16.00"" N","21 deg 32' 13.61"" W",North,West,2026:05:08 17:33:24
C:/Projects/iceland_trip/photos/Iceland Trip/IMG_9170.HEIC,IMG_9170.HEIC,"64 deg 46' 15.97"" N","21 deg 32' 13.59"" W",North,West,2026:05:08 17:33:25
C:/Projects/iceland_trip/photos/Iceland Trip/IMG_9171.HEIC,IMG_9171.HEIC,"64 deg 46' 15.97"" N","21 deg 32' 13.60"" W",North,West,2026:05:08 17:33:26
C:/Projects/iceland_trip/photos/Iceland Trip/IMG_9172.HEIC,IMG_9172.HEIC,"64 deg 46' 15.97"" N","21 deg 32' 13.63"" W",North,West,2026:05:08 17:33:40
C:/Projects/iceland_trip/photos/Iceland Trip/IMG_9173.HEIC,IMG_9173.HEIC,"64 deg 46' 15.86"" N","21 deg 32' 13.88"" W",North,West,2026:05:08 17:33:54
C:/Projects/iceland_trip/photos/Iceland Trip/IMG_9174.HEIC,IMG_9174.HEIC,"64 deg 46' 15.67"" N","21 deg 32' 14.36"" W",North,West,2026:05:08 17:34:20
C:/Projects/iceland_trip/photos/Iceland Trip/IMG_9175.HEIC,IMG_9175.HEIC,"64 deg 46' 15.83"" N","21 deg 32' 14.99"" W",North,West,2026:05:08 17:34:58
C:/Projects/iceland_trip/photos/Iceland Trip/IMG_9177.HEIC,IMG_9177.HEIC,"64 deg 46' 17.76"" N","21 deg 32' 5.49"" W",North,West,2026:05:08 17:40:17
C:/Projects/iceland_trip/photos/Iceland Trip/IMG_9178.HEIC,IMG_9178.HEIC,"64 deg 46' 18.66"" N","21 deg 32' 0.10"" W",North,West,2026:05:08 17:41:38
C:/Projects/iceland_trip/photos/Iceland Trip/IMG_9179.HEIC,IMG_9179.HEIC,"64 deg 46' 18.66"" N","21 deg 32' 0.10"" W",North,West,2026:05:08 17:41:39
C:/Projects/iceland_trip/photos/Iceland Trip/IMG_9180.HEIC,IMG_9180.HEIC,"64 deg 46' 18.66"" N","21 deg 32' 0.14"" W",North,West,2026:05:08 17:41:40
C:/Projects/iceland_trip/photos/Iceland Trip/IMG_9181.HEIC,IMG_9181.HEIC,"64 deg 46' 18.66"" N","21 deg 32' 0.16"" W",North,West,2026:05:08 17:41:42
C:/Projects/iceland_trip/photos/Iceland Trip/IMG_9182.HEIC,IMG_9182.HEIC,"63 deg 52' 48.87"" N","20 deg 47' 11.18"" W",North,West,2026:05:08 20:59:08
C:/Projects/iceland_trip/photos/Iceland Trip/IMG_9184.HEIC,IMG_9184.HEIC,"63 deg 52' 49.10"" N","20 deg 47' 10.81"" W",North,West,2026:05:09 09:39:36
C:/Projects/iceland_trip/photos/Iceland Trip/IMG_9185.HEIC,IMG_9185.HEIC,"63 deg 52' 49.10"" N","20 deg 47' 10.81"" W",North,West,2026:05:09 09:39:48
C:/Projects/iceland_trip/photos/Iceland Trip/IMG_9186.HEIC,IMG_9186.HEIC,"63 deg 52' 49.25"" N","20 deg 47' 10.87"" W",North,West,2026:05:09 09:39:53
C:/Projects/iceland_trip/photos/Iceland Trip/IMG_9188.HEIC,IMG_9188.HEIC,"63 deg 56' 13.72"" N","20 deg 59' 42.11"" W",North,West,2026:05:09 13:36:21
C:/Projects/iceland_trip/photos/Iceland Trip/IMG_9189.HEIC,IMG_9189.HEIC,"63 deg 56' 13.76"" N","20 deg 59' 43.05"" W",North,West,2026:05:09 13:37:18
C:/Projects/iceland_trip/photos/Iceland Trip/IMG_9190.HEIC,IMG_9190.HEIC,"63 deg 59' 47.23"" N","21 deg 11' 7.54"" W",North,West,2026:05:09 16:39:31
C:/Projects/iceland_trip/photos/Iceland Trip/IMG_9191.HEIC,IMG_9191.HEIC,"63 deg 59' 47.27"" N","21 deg 11' 7.47"" W",North,West,2026:05:09 16:39:34
C:/Projects/iceland_trip/photos/Iceland Trip/IMG_9192.HEIC,IMG_9192.HEIC,"63 deg 59' 47.27"" N","21 deg 11' 7.48"" W",North,West,2026:05:09 16:39:38
C:/Projects/iceland_trip/photos/Iceland Trip/IMG_9193.HEIC,IMG_9193.HEIC,"63 deg 59' 47.28"" N","21 deg 11' 7.45"" W",North,West,2026:05:09 16:40:27
C:/Projects/iceland_trip/photos/Iceland Trip/IMG_9194.HEIC,IMG_9194.HEIC,"63 deg 59' 47.38"" N","21 deg 11' 7.34"" W",North,West,2026:05:09 16:40:38
C:/Projects/iceland_trip/photos/Iceland Trip/IMG_9195.HEIC,IMG_9195.HEIC,"63 deg 59' 47.34"" N","21 deg 11' 7.39"" W",North,West,2026:05:09 16:40:44
C:/Projects/iceland_trip/photos/Iceland Trip/IMG_9196.HEIC,IMG_9196.HEIC,"63 deg 59' 47.63"" N","21 deg 11' 7.01"" W",North,West,2026:05:09 16:41:08
C:/Projects/iceland_trip/photos/Iceland Trip/IMG_9197.HEIC,IMG_9197.HEIC,"63 deg 59' 47.82"" N","21 deg 11' 6.75"" W",North,West,2026:05:09 16:41:24
C:/Projects/iceland_trip/photos/Iceland Trip/IMG_9198.HEIC,IMG_9198.HEIC,"63 deg 59' 47.81"" N","21 deg 11' 6.77"" W",North,West,2026:05:09 16:41:27
C:/Projects/iceland_trip/photos/Iceland Trip/IMG_9199.HEIC,IMG_9199.HEIC,"63 deg 59' 47.32"" N","21 deg 11' 5.14"" W",North,West,2026:05:09 16:41:39
C:/Projects/iceland_trip/photos/Iceland Trip/IMG_9200.HEIC,IMG_9200.HEIC,"63 deg 59' 47.34"" N","21 deg 11' 5.06"" W",North,West,2026:05:09 16:41:47
C:/Projects/iceland_trip/photos/Iceland Trip/IMG_9201.HEIC,IMG_9201.HEIC,"63 deg 59' 47.38"" N","21 deg 11' 5.72"" W",North,West,2026:05:09 16:41:54
C:/Projects/iceland_trip/photos/Iceland Trip/IMG_9202.HEIC,IMG_9202.HEIC,"63 deg 59' 47.32"" N","21 deg 11' 5.64"" W",North,West,2026:05:09 16:42:06
C:/Projects/iceland_trip/photos/Iceland Trip/IMG_9203.HEIC,IMG_9203.HEIC,"63 deg 59' 47.15"" N","21 deg 11' 6.20"" W",North,West,2026:05:09 16:42:16
C:/Projects/iceland_trip/photos/Iceland Trip/IMG_9204.HEIC,IMG_9204.HEIC,"63 deg 59' 47.68"" N","21 deg 11' 6.30"" W",North,West,2026:05:09 16:43:37
C:/Projects/iceland_trip/photos/Iceland Trip/IMG_9205.HEIC,IMG_9205.HEIC,"63 deg 59' 47.76"" N","21 deg 11' 6.14"" W",North,West,2026:05:09 16:43:49
C:/Projects/iceland_trip/photos/Iceland Trip/IMG_9206.HEIC,IMG_9206.HEIC,"63 deg 59' 47.60"" N","21 deg 11' 6.23"" W",North,West,2026:05:09 16:44:04
C:/Projects/iceland_trip/photos/Iceland Trip/IMG_9207.HEIC,IMG_9207.HEIC,"63 deg 59' 46.31"" N","21 deg 11' 7.11"" W",North,West,2026:05:09 17:11:11
C:/Projects/iceland_trip/photos/Iceland Trip/IMG_9208.HEIC,IMG_9208.HEIC,"63 deg 59' 46.06"" N","21 deg 11' 6.55"" W",North,West,2026:05:09 17:11:26
C:/Projects/iceland_trip/photos/Iceland Trip/IMG_9209.HEIC,IMG_9209.HEIC,"63 deg 36' 57.69"" N","19 deg 59' 31.39"" W",North,West,2026:05:09 18:34:30
C:/Projects/iceland_trip/photos/Iceland Trip/IMG_9210.HEIC,IMG_9210.HEIC,"63 deg 36' 57.77"" N","19 deg 59' 31.23"" W",North,West,2026:05:09 18:34:33
C:/Projects/iceland_trip/photos/Iceland Trip/IMG_9211.HEIC,IMG_9211.HEIC,"63 deg 36' 57.63"" N","19 deg 59' 30.06"" W",North,West,2026:05:09 18:34:48
C:/Projects/iceland_trip/photos/Iceland Trip/IMG_9212.HEIC,IMG_9212.HEIC,"63 deg 36' 57.62"" N","19 deg 59' 28.86"" W",North,West,2026:05:09 18:35:02
C:/Projects/iceland_trip/photos/Iceland Trip/IMG_9213.HEIC,IMG_9213.HEIC,"63 deg 36' 57.08"" N","19 deg 59' 25.53"" W",North,West,2026:05:09 18:35:47
C:/Projects/iceland_trip/photos/Iceland Trip/IMG_9214.HEIC,IMG_9214.HEIC,"63 deg 36' 56.75"" N","19 deg 59' 24.78"" W",North,West,2026:05:09 18:36:06
C:/Projects/iceland_trip/photos/Iceland Trip/IMG_9215.HEIC,IMG_9215.HEIC,"63 deg 36' 56.74"" N","19 deg 59' 24.78"" W",North,West,2026:05:09 18:36:08
C:/Projects/iceland_trip/photos/Iceland Trip/IMG_9216.HEIC,IMG_9216.HEIC,"63 deg 36' 56.73"" N","19 deg 59' 24.78"" W",North,West,2026:05:09 18:36:13
C:/Projects/iceland_trip/photos/Iceland Trip/IMG_9217.HEIC,IMG_9217.HEIC,"63 deg 36' 56.73"" N","19 deg 59' 24.73"" W",North,West,2026:05:09 18:36:17
C:/Projects/iceland_trip/photos/Iceland Trip/IMG_9218.HEIC,IMG_9218.HEIC,"63 deg 36' 56.71"" N","19 deg 59' 24.72"" W",North,West,2026:05:09 18:36:19
C:/Projects/iceland_trip/photos/Iceland Trip/IMG_9219.HEIC,IMG_9219.HEIC,"63 deg 36' 56.34"" N","19 deg 59' 23.89"" W",North,West,2026:05:09 18:36:34
C:/Projects/iceland_trip/photos/Iceland Trip/IMG_9220.HEIC,IMG_9220.HEIC,"63 deg 36' 56.34"" N","19 deg 59' 23.85"" W",North,West,2026:05:09 18:36:35
C:/Projects/iceland_trip/photos/Iceland Trip/IMG_9221.HEIC,IMG_9221.HEIC,"63 deg 36' 56.27"" N","19 deg 59' 23.66"" W",North,West,2026:05:09 18:36:38
C:/Projects/iceland_trip/photos/Iceland Trip/IMG_9222.HEIC,IMG_9222.HEIC,"63 deg 36' 55.76"" N","19 deg 59' 22.66"" W",North,West,2026:05:09 18:36:55
C:/Projects/iceland_trip/photos/Iceland Trip/IMG_9223.HEIC,IMG_9223.HEIC,"63 deg 36' 55.37"" N","19 deg 59' 21.56"" W",North,West,2026:05:09 18:37:18
C:/Projects/iceland_trip/photos/Iceland Trip/IMG_9224.HEIC,IMG_9224.HEIC,"63 deg 36' 55.39"" N","19 deg 59' 21.58"" W",North,West,2026:05:09 18:37:20
C:/Projects/iceland_trip/photos/Iceland Trip/IMG_9225.HEIC,IMG_9225.HEIC,"63 deg 36' 55.39"" N","19 deg 59' 21.49"" W",North,West,2026:05:09 18:37:22
C:/Projects/iceland_trip/photos/Iceland Trip/IMG_9226.HEIC,IMG_9226.HEIC,"63 deg 36' 55.23"" N","19 deg 59' 21.00"" W",North,West,2026:05:09 18:37:32
C:/Projects/iceland_trip/photos/Iceland Trip/IMG_9227.HEIC,IMG_9227.HEIC,"63 deg 36' 54.49"" N","19 deg 59' 19.62"" W",North,West,2026:05:09 18:39:05
C:/Projects/iceland_trip/photos/Iceland Trip/IMG_9228.HEIC,IMG_9228.HEIC,"63 deg 36' 54.50"" N","19 deg 59' 19.60"" W",North,West,2026:05:09 18:39:06
C:/Projects/iceland_trip/photos/Iceland Trip/IMG_9229.HEIC,IMG_9229.HEIC,"63 deg 36' 54.53"" N","19 deg 59' 19.60"" W",North,West,2026:05:09 18:39:08
C:/Projects/iceland_trip/photos/Iceland Trip/IMG_9230.HEIC,IMG_9230.HEIC,"63 deg 36' 54.49"" N","19 deg 59' 19.54"" W",North,West,2026:05:09 18:39:10
C:/Projects/iceland_trip/photos/Iceland Trip/IMG_9231.HEIC,IMG_9231.HEIC,"63 deg 36' 54.54"" N","19 deg 59' 19.58"" W",North,West,2026:05:09 18:39:11
C:/Projects/iceland_trip/photos/Iceland Trip/IMG_9232.HEIC,IMG_9232.HEIC,"63 deg 36' 54.56"" N","19 deg 59' 19.63"" W",North,West,2026:05:09 18:39:15
C:/Projects/iceland_trip/photos/Iceland Trip/IMG_9233.HEIC,IMG_9233.HEIC,"63 deg 36' 54.49"" N","19 deg 59' 19.54"" W",North,West,2026:05:09 18:39:59
C:/Projects/iceland_trip/photos/Iceland Trip/IMG_9234.HEIC,IMG_9234.HEIC,"63 deg 36' 54.49"" N","19 deg 59' 19.73"" W",North,West,2026:05:09 18:40:01
C:/Projects/iceland_trip/photos/Iceland Trip/IMG_9235.HEIC,IMG_9235.HEIC,"63 deg 36' 54.51"" N","19 deg 59' 19.61"" W",North,West,2026:05:09 18:40:03
C:/Projects/iceland_trip/photos/Iceland Trip/IMG_9236.HEIC,IMG_9236.HEIC,"63 deg 36' 54.51"" N","19 deg 59' 19.54"" W",North,West,2026:05:09 18:40:05
C:/Projects/iceland_trip/photos/Iceland Trip/IMG_9237.HEIC,IMG_9237.HEIC,"63 deg 36' 54.53"" N","19 deg 59' 19.51"" W",North,West,2026:05:09 18:40:06
C:/Projects/iceland_trip/photos/Iceland Trip/IMG_9238.HEIC,IMG_9238.HEIC,"63 deg 36' 54.67"" N","19 deg 59' 19.35"" W",North,West,2026:05:09 18:40:28
C:/Projects/iceland_trip/photos/Iceland Trip/IMG_9239.HEIC,IMG_9239.HEIC,"63 deg 36' 54.65"" N","19 deg 59' 19.33"" W",North,West,2026:05:09 18:40:29
C:/Projects/iceland_trip/photos/Iceland Trip/IMG_9240.HEIC,IMG_9240.HEIC,"63 deg 36' 54.65"" N","19 deg 59' 19.33"" W",North,West,2026:05:09 18:40:30
C:/Projects/iceland_trip/photos/Iceland Trip/IMG_9241.HEIC,IMG_9241.HEIC,"63 deg 36' 54.75"" N","19 deg 59' 19.54"" W",North,West,2026:05:09 18:40:32
C:/Projects/iceland_trip/photos/Iceland Trip/IMG_9242.HEIC,IMG_9242.HEIC,"63 deg 36' 54.78"" N","19 deg 59' 19.65"" W",North,West,2026:05:09 18:40:32
C:/Projects/iceland_trip/photos/Iceland Trip/IMG_9243.HEIC,IMG_9243.HEIC,"63 deg 36' 55.02"" N","19 deg 59' 18.42"" W",North,West,2026:05:09 18:41:05
C:/Projects/iceland_trip/photos/Iceland Trip/IMG_9244.HEIC,IMG_9244.HEIC,"63 deg 36' 55.41"" N","19 deg 59' 19.50"" W",North,West,2026:05:09 18:41:19
C:/Projects/iceland_trip/photos/Iceland Trip/IMG_9245.HEIC,IMG_9245.HEIC,"63 deg 36' 55.38"" N","19 deg 59' 19.49"" W",North,West,2026:05:09 18:41:23
C:/Projects/iceland_trip/photos/Iceland Trip/IMG_9246.HEIC,IMG_9246.HEIC,"63 deg 36' 55.50"" N","19 deg 59' 19.74"" W",North,West,2026:05:09 18:41:26
C:/Projects/iceland_trip/photos/Iceland Trip/IMG_9247.HEIC,IMG_9247.HEIC,"63 deg 36' 55.45"" N","19 deg 59' 19.68"" W",North,West,2026:05:09 18:41:29
C:/Projects/iceland_trip/photos/Iceland Trip/IMG_9248.HEIC,IMG_9248.HEIC,"63 deg 36' 55.45"" N","19 deg 59' 19.69"" W",North,West,2026:05:09 18:41:31
C:/Projects/iceland_trip/photos/Iceland Trip/IMG_9249.HEIC,IMG_9249.HEIC,"63 deg 36' 55.74"" N","19 deg 59' 20.09"" W",North,West,2026:05:09 18:42:02
C:/Projects/iceland_trip/photos/Iceland Trip/IMG_9250.HEIC,IMG_9250.HEIC,"63 deg 36' 55.76"" N","19 deg 59' 20.24"" W",North,West,2026:05:09 18:42:04
C:/Projects/iceland_trip/photos/Iceland Trip/IMG_9251.HEIC,IMG_9251.HEIC,"63 deg 36' 55.79"" N","19 deg 59' 20.46"" W",North,West,2026:05:09 18:42:07
C:/Projects/iceland_trip/photos/Iceland Trip/IMG_9252.HEIC,IMG_9252.HEIC,"63 deg 36' 55.79"" N","19 deg 59' 20.46"" W",North,West,2026:05:09 18:42:09
C:/Projects/iceland_trip/photos/Iceland Trip/IMG_9253.HEIC,IMG_9253.HEIC,"63 deg 36' 55.63"" N","19 deg 59' 17.61"" W",North,West,2026:05:09 18:42:36
C:/Projects/iceland_trip/photos/Iceland Trip/IMG_9254.HEIC,IMG_9254.HEIC,"63 deg 36' 55.56"" N","19 deg 59' 17.38"" W",North,West,2026:05:09 18:42:37
C:/Projects/iceland_trip/photos/Iceland Trip/IMG_9255.HEIC,IMG_9255.HEIC,"63 deg 36' 55.56"" N","19 deg 59' 17.39"" W",North,West,2026:05:09 18:42:38
C:/Projects/iceland_trip/photos/Iceland Trip/IMG_9256.HEIC,IMG_9256.HEIC,"63 deg 36' 55.50"" N","19 deg 59' 17.28"" W",North,West,2026:05:09 18:42:39
C:/Projects/iceland_trip/photos/Iceland Trip/IMG_9257.HEIC,IMG_9257.HEIC,"63 deg 36' 55.50"" N","19 deg 59' 17.33"" W",North,West,2026:05:09 18:42:40
C:/Projects/iceland_trip/photos/Iceland Trip/IMG_9258.HEIC,IMG_9258.HEIC,"63 deg 36' 55.52"" N","19 deg 59' 17.27"" W",North,West,2026:05:09 18:42:42
C:/Projects/iceland_trip/photos/Iceland Trip/IMG_9259.HEIC,IMG_9259.HEIC,"63 deg 36' 55.91"" N","19 deg 59' 16.60"" W",North,West,2026:05:09 18:43:02
C:/Projects/iceland_trip/photos/Iceland Trip/IMG_9260.HEIC,IMG_9260.HEIC,"63 deg 36' 55.93"" N","19 deg 59' 16.47"" W",North,West,2026:05:09 18:43:03
C:/Projects/iceland_trip/photos/Iceland Trip/IMG_9261.HEIC,IMG_9261.HEIC,"63 deg 36' 55.86"" N","19 deg 59' 16.20"" W",North,West,2026:05:09 18:43:20
C:/Projects/iceland_trip/photos/Iceland Trip/IMG_9262.HEIC,IMG_9262.HEIC,"63 deg 36' 55.86"" N","19 deg 59' 16.21"" W",North,West,2026:05:09 18:43:20
C:/Projects/iceland_trip/photos/Iceland Trip/IMG_9263.HEIC,IMG_9263.HEIC,"63 deg 36' 55.86"" N","19 deg 59' 16.19"" W",North,West,2026:05:09 18:43:22
C:/Projects/iceland_trip/photos/Iceland Trip/IMG_9264.HEIC,IMG_9264.HEIC,"63 deg 36' 55.86"" N","19 deg 59' 16.24"" W",North,West,2026:05:09 18:43:23
C:/Projects/iceland_trip/photos/Iceland Trip/IMG_9265.HEIC,IMG_9265.HEIC,"63 deg 36' 55.86"" N","19 deg 59' 16.25"" W",North,West,2026:05:09 18:43:24
C:/Projects/iceland_trip/photos/Iceland Trip/IMG_9266.HEIC,IMG_9266.HEIC,"63 deg 36' 55.86"" N","19 deg 59' 16.25"" W",North,West,2026:05:09 18:43:24
C:/Projects/iceland_trip/photos/Iceland Trip/IMG_9267.HEIC,IMG_9267.HEIC,"63 deg 36' 55.91"" N","19 deg 59' 16.42"" W",North,West,2026:05:09 18:43:32
C:/Projects/iceland_trip/photos/Iceland Trip/IMG_9268.HEIC,IMG_9268.HEIC,"63 deg 36' 56.30"" N","19 deg 59' 16.70"" W",North,West,2026:05:09 18:43:50
C:/Projects/iceland_trip/photos/Iceland Trip/IMG_9269.HEIC,IMG_9269.HEIC,"63 deg 36' 56.31"" N","19 deg 59' 16.77"" W",North,West,2026:05:09 18:43:50
C:/Projects/iceland_trip/photos/Iceland Trip/IMG_9270.HEIC,IMG_9270.HEIC,"63 deg 36' 56.53"" N","19 deg 59' 16.90"" W",North,West,2026:05:09 18:44:18
C:/Projects/iceland_trip/photos/Iceland Trip/IMG_9271.HEIC,IMG_9271.HEIC,"63 deg 36' 56.53"" N","19 deg 59' 16.84"" W",North,West,2026:05:09 18:44:19
C:/Projects/iceland_trip/photos/Iceland Trip/IMG_9272.HEIC,IMG_9272.HEIC,"63 deg 36' 56.53"" N","19 deg 59' 16.84"" W",North,West,2026:05:09 18:44:21
C:/Projects/iceland_trip/photos/Iceland Trip/IMG_9273.HEIC,IMG_9273.HEIC,"63 deg 36' 56.53"" N","19 deg 59' 16.93"" W",North,West,2026:05:09 18:44:21
C:/Projects/iceland_trip/photos/Iceland Trip/IMG_9274.HEIC,IMG_9274.HEIC,"63 deg 36' 56.56"" N","19 deg 59' 17.17"" W",North,West,2026:05:09 18:44:24
C:/Projects/iceland_trip/photos/Iceland Trip/IMG_9275.HEIC,IMG_9275.HEIC,"63 deg 36' 56.70"" N","19 deg 59' 16.83"" W",North,West,2026:05:09 18:44:36
C:/Projects/iceland_trip/photos/Iceland Trip/IMG_9276.HEIC,IMG_9276.HEIC,"63 deg 36' 56.70"" N","19 deg 59' 16.97"" W",North,West,2026:05:09 18:44:38
C:/Projects/iceland_trip/photos/Iceland Trip/IMG_9277.HEIC,IMG_9277.HEIC,"63 deg 36' 56.71"" N","19 deg 59' 16.98"" W",North,West,2026:05:09 18:44:40
C:/Projects/iceland_trip/photos/Iceland Trip/IMG_9278.HEIC,IMG_9278.HEIC,"63 deg 36' 56.71"" N","19 deg 59' 17.02"" W",North,West,2026:05:09 18:44:42
C:/Projects/iceland_trip/photos/Iceland Trip/IMG_9279.HEIC,IMG_9279.HEIC,"63 deg 36' 56.90"" N","19 deg 59' 16.87"" W",North,West,2026:05:09 18:44:52
C:/Projects/iceland_trip/photos/Iceland Trip/IMG_9280.HEIC,IMG_9280.HEIC,"63 deg 36' 56.84"" N","19 deg 59' 16.83"" W",North,West,2026:05:09 18:44:57
C:/Projects/iceland_trip/photos/Iceland Trip/IMG_9281.HEIC,IMG_9281.HEIC,"63 deg 36' 56.82"" N","19 deg 59' 16.81"" W",North,West,2026:05:09 18:44:58
C:/Projects/iceland_trip/photos/Iceland Trip/IMG_9282.HEIC,IMG_9282.HEIC,"63 deg 36' 56.81"" N","19 deg 59' 16.96"" W",North,West,2026:05:09 18:45:06
C:/Projects/iceland_trip/photos/Iceland Trip/IMG_9283.HEIC,IMG_9283.HEIC,"63 deg 36' 56.84"" N","19 deg 59' 16.98"" W",North,West,2026:05:09 18:45:17
C:/Projects/iceland_trip/photos/Iceland Trip/IMG_9284.HEIC,IMG_9284.HEIC,"63 deg 36' 56.79"" N","19 deg 59' 16.95"" W",North,West,2026:05:09 18:45:20
C:/Projects/iceland_trip/photos/Iceland Trip/IMG_9285.HEIC,IMG_9285.HEIC,"63 deg 36' 56.42"" N","19 deg 59' 17.99"" W",North,West,2026:05:09 18:46:13
C:/Projects/iceland_trip/photos/Iceland Trip/IMG_9285.MP4,IMG_9285.MP4,"63 deg 36' 56.52"" N","19 deg 59' 17.88"" W",,,
C:/Projects/iceland_trip/photos/Iceland Trip/IMG_9286.HEIC,IMG_9286.HEIC,"63 deg 36' 56.44"" N","19 deg 59' 17.96"" W",North,West,2026:05:09 18:46:13
C:/Projects/iceland_trip/photos/Iceland Trip/IMG_9286.MP4,IMG_9286.MP4,"63 deg 36' 56.52"" N","19 deg 59' 17.88"" W",,,
C:/Projects/iceland_trip/photos/Iceland Trip/IMG_9287.HEIC,IMG_9287.HEIC,"63 deg 36' 56.42"" N","19 deg 59' 18.01"" W",North,West,2026:05:09 18:46:15
C:/Projects/iceland_trip/photos/Iceland Trip/IMG_9287.MP4,IMG_9287.MP4,"63 deg 36' 56.52"" N","19 deg 59' 17.88"" W",,,
C:/Projects/iceland_trip/photos/Iceland Trip/IMG_9288.HEIC,IMG_9288.HEIC,"63 deg 36' 56.42"" N","19 deg 59' 18.03"" W",North,West,2026:05:09 18:46:16
C:/Projects/iceland_trip/photos/Iceland Trip/IMG_9288.MP4,IMG_9288.MP4,"63 deg 36' 56.52"" N","19 deg 59' 17.88"" W",,,
C:/Projects/iceland_trip/photos/Iceland Trip/IMG_9289.HEIC,IMG_9289.HEIC,"63 deg 36' 56.42"" N","19 deg 59' 18.03"" W",North,West,2026:05:09 18:46:17
C:/Projects/iceland_trip/photos/Iceland Trip/IMG_9289.MP4,IMG_9289.MP4,"63 deg 36' 56.52"" N","19 deg 59' 17.88"" W",,,
C:/Projects/iceland_trip/photos/Iceland Trip/IMG_9290.HEIC,IMG_9290.HEIC,"63 deg 36' 56.44"" N","19 deg 59' 18.14"" W",North,West,2026:05:09 18:46:18
C:/Projects/iceland_trip/photos/Iceland Trip/IMG_9290.MP4,IMG_9290.MP4,"63 deg 36' 56.52"" N","19 deg 59' 18.24"" W",,,
C:/Projects/iceland_trip/photos/Iceland Trip/IMG_9291.HEIC,IMG_9291.HEIC,"63 deg 36' 56.44"" N","19 deg 59' 18.31"" W",North,West,2026:05:09 18:46:19
C:/Projects/iceland_trip/photos/Iceland Trip/IMG_9291.MP4,IMG_9291.MP4,"63 deg 36' 56.52"" N","19 deg 59' 18.24"" W",,,
C:/Projects/iceland_trip/photos/Iceland Trip/IMG_9292.HEIC,IMG_9292.HEIC,"63 deg 36' 56.44"" N","19 deg 59' 18.31"" W",North,West,2026:05:09 18:46:19
C:/Projects/iceland_trip/photos/Iceland Trip/IMG_9292.MP4,IMG_9292.MP4,"63 deg 36' 56.52"" N","19 deg 59' 18.24"" W",,,
C:/Projects/iceland_trip/photos/Iceland Trip/IMG_9293.HEIC,IMG_9293.HEIC,"63 deg 36' 57.05"" N","19 deg 59' 19.89"" W",North,West,2026:05:09 18:46:41
C:/Projects/iceland_trip/photos/Iceland Trip/IMG_9293.MP4,IMG_9293.MP4,"63 deg 36' 56.88"" N","19 deg 59' 20.04"" W",,,
C:/Projects/iceland_trip/photos/Iceland Trip/IMG_9294.HEIC,IMG_9294.HEIC,"63 deg 36' 57.05"" N","19 deg 59' 19.89"" W",North,West,2026:05:09 18:46:43
C:/Projects/iceland_trip/photos/Iceland Trip/IMG_9294.MP4,IMG_9294.MP4,"63 deg 36' 56.88"" N","19 deg 59' 20.04"" W",,,
C:/Projects/iceland_trip/photos/Iceland Trip/IMG_9295.HEIC,IMG_9295.HEIC,"63 deg 36' 57.03"" N","19 deg 59' 19.74"" W",North,West,2026:05:09 18:46:50
C:/Projects/iceland_trip/photos/Iceland Trip/IMG_9295.MP4,IMG_9295.MP4,"63 deg 36' 56.88"" N","19 deg 59' 19.68"" W",,,
C:/Projects/iceland_trip/photos/Iceland Trip/IMG_9296.HEIC,IMG_9296.HEIC,"63 deg 36' 58.62"" N","19 deg 59' 20.58"" W",North,West,2026:05:09 18:47:41
C:/Projects/iceland_trip/photos/Iceland Trip/IMG_9296.MP4,IMG_9296.MP4,"63 deg 36' 58.68"" N","19 deg 59' 20.76"" W",,,
C:/Projects/iceland_trip/photos/Iceland Trip/IMG_9297.HEIC,IMG_9297.HEIC,"63 deg 36' 58.57"" N","19 deg 59' 20.51"" W",North,West,2026:05:09 18:47:43
C:/Projects/iceland_trip/photos/Iceland Trip/IMG_9297.MP4,IMG_9297.MP4,"63 deg 36' 58.68"" N","19 deg 59' 20.40"" W",,,
C:/Projects/iceland_trip/photos/Iceland Trip/IMG_9298.HEIC,IMG_9298.HEIC,"63 deg 36' 58.55"" N","19 deg 59' 20.46"" W",North,West,2026:05:09 18:47:43
C:/Projects/iceland_trip/photos/Iceland Trip/IMG_9298.MP4,IMG_9298.MP4,"63 deg 36' 58.68"" N","19 deg 59' 20.40"" W",,,
C:/Projects/iceland_trip/photos/Iceland Trip/IMG_9299.HEIC,IMG_9299.HEIC,"63 deg 36' 58.55"" N","19 deg 59' 20.46"" W",North,West,2026:05:09 18:47:44
C:/Projects/iceland_trip/photos/Iceland Trip/IMG_9299.MP4,IMG_9299.MP4,"63 deg 36' 58.68"" N","19 deg 59' 20.40"" W",,,
C:/Projects/iceland_trip/photos/Iceland Trip/IMG_9300.HEIC,IMG_9300.HEIC,"63 deg 36' 58.54"" N","19 deg 59' 20.47"" W",North,West,2026:05:09 18:47:45
C:/Projects/iceland_trip/photos/Iceland Trip/IMG_9300.MP4,IMG_9300.MP4,"63 deg 36' 58.68"" N","19 deg 59' 20.40"" W",,,
C:/Projects/iceland_trip/photos/Iceland Trip/IMG_9301.HEIC,IMG_9301.HEIC,"63 deg 37' 14.25"" N","19 deg 59' 15.32"" W",North,West,2026:05:09 18:55:25
C:/Projects/iceland_trip/photos/Iceland Trip/IMG_9301.MP4,IMG_9301.MP4,"63 deg 37' 14.16"" N","19 deg 59' 15.36"" W",,,
C:/Projects/iceland_trip/photos/Iceland Trip/IMG_9302.HEIC,IMG_9302.HEIC,"63 deg 37' 14.56"" N","19 deg 59' 14.82"" W",North,West,2026:05:09 18:55:30
C:/Projects/iceland_trip/photos/Iceland Trip/IMG_9302.MP4,IMG_9302.MP4,"63 deg 37' 14.52"" N","19 deg 59' 14.64"" W",,,
C:/Projects/iceland_trip/photos/Iceland Trip/IMG_9303.HEIC,IMG_9303.HEIC,"63 deg 37' 14.69"" N","19 deg 59' 14.34"" W",North,West,2026:05:09 18:55:44
C:/Projects/iceland_trip/photos/Iceland Trip/IMG_9303.MP4,IMG_9303.MP4,"63 deg 37' 14.52"" N","19 deg 59' 14.28"" W",,,
C:/Projects/iceland_trip/photos/Iceland Trip/IMG_9307.HEIC,IMG_9307.HEIC,"63 deg 37' 14.41"" N","19 deg 59' 14.25"" W",North,West,2026:05:09 18:57:19
C:/Projects/iceland_trip/photos/Iceland Trip/IMG_9307.MP4,IMG_9307.MP4,"63 deg 37' 14.52"" N","19 deg 59' 14.28"" W",,,
C:/Projects/iceland_trip/photos/Iceland Trip/IMG_9309.HEIC,IMG_9309.HEIC,"63 deg 37' 14.37"" N","19 deg 59' 14.08"" W",North,West,2026:05:09 18:57:43
C:/Projects/iceland_trip/photos/Iceland Trip/IMG_9309.MP4,IMG_9309.MP4,"63 deg 37' 14.52"" N","19 deg 59' 13.92"" W",,,
C:/Projects/iceland_trip/photos/Iceland Trip/IMG_9310.HEIC,IMG_9310.HEIC,"63 deg 37' 14.78"" N","19 deg 59' 13.18"" W",North,West,2026:05:09 18:58:48
C:/Projects/iceland_trip/photos/Iceland Trip/IMG_9310.MP4,IMG_9310.MP4,"63 deg 37' 14.88"" N","19 deg 59' 13.20"" W",,,
C:/Projects/iceland_trip/photos/Iceland Trip/IMG_9319.HEIC,IMG_9319.HEIC,"63 deg 37' 14.95"" N","19 deg 59' 13.36"" W",North,West,2026:05:09 19:01:01
C:/Projects/iceland_trip/photos/Iceland Trip/IMG_9319.MP4,IMG_9319.MP4,"63 deg 37' 14.88"" N","19 deg 59' 13.20"" W",,,
C:/Projects/iceland_trip/photos/Iceland Trip/IMG_9320.HEIC,IMG_9320.HEIC,"63 deg 37' 15.29"" N","19 deg 59' 12.91"" W",North,West,2026:05:09 19:01:22
C:/Projects/iceland_trip/photos/Iceland Trip/IMG_9320.MP4,IMG_9320.MP4,"63 deg 37' 15.24"" N","19 deg 59' 12.84"" W",,,
C:/Projects/iceland_trip/photos/Iceland Trip/IMG_9321.HEIC,IMG_9321.HEIC,"63 deg 37' 15.32"" N","19 deg 59' 12.82"" W",North,West,2026:05:09 19:01:40
C:/Projects/iceland_trip/photos/Iceland Trip/IMG_9321.MP4,IMG_9321.MP4,"63 deg 37' 15.24"" N","19 deg 59' 12.84"" W",,,
C:/Projects/iceland_trip/photos/Iceland Trip/IMG_9322.HEIC,IMG_9322.HEIC,"63 deg 37' 15.48"" N","19 deg 59' 12.18"" W",North,West,2026:05:09 19:02:05
C:/Projects/iceland_trip/photos/Iceland Trip/IMG_9322.MP4,IMG_9322.MP4,"63 deg 37' 15.60"" N","19 deg 59' 12.12"" W",,,
C:/Projects/iceland_trip/photos/Iceland Trip/IMG_9323.HEIC,IMG_9323.HEIC,"63 deg 37' 15.47"" N","19 deg 59' 12.09"" W",North,West,2026:05:09 19:02:17
C:/Projects/iceland_trip/photos/Iceland Trip/IMG_9323.MP4,IMG_9323.MP4,"63 deg 37' 15.60"" N","19 deg 59' 12.12"" W",,,
C:/Projects/iceland_trip/photos/Iceland Trip/IMG_9324.HEIC,IMG_9324.HEIC,"63 deg 37' 15.47"" N","19 deg 59' 12.04"" W",North,West,2026:05:09 19:02:18
C:/Projects/iceland_trip/photos/Iceland Trip/IMG_9324.MP4,IMG_9324.MP4,"63 deg 37' 15.60"" N","19 deg 59' 12.12"" W",,,
C:/Projects/iceland_trip/photos/Iceland Trip/IMG_9325.HEIC,IMG_9325.HEIC,"63 deg 37' 15.46"" N","19 deg 59' 12.16"" W",North,West,2026:05:09 19:02:24
C:/Projects/iceland_trip/photos/Iceland Trip/IMG_9325.MP4,IMG_9325.MP4,"63 deg 37' 15.60"" N","19 deg 59' 12.12"" W",,,
C:/Projects/iceland_trip/photos/Iceland Trip/IMG_9326.HEIC,IMG_9326.HEIC,"63 deg 37' 15.47"" N","19 deg 59' 12.13"" W",North,West,2026:05:09 19:02:35
C:/Projects/iceland_trip/photos/Iceland Trip/IMG_9326.MP4,IMG_9326.MP4,"63 deg 37' 15.60"" N","19 deg 59' 12.12"" W",,,
C:/Projects/iceland_trip/photos/Iceland Trip/IMG_9327.HEIC,IMG_9327.HEIC,"63 deg 37' 15.43"" N","19 deg 59' 12.07"" W",North,West,2026:05:09 19:02:37
C:/Projects/iceland_trip/photos/Iceland Trip/IMG_9327.MP4,IMG_9327.MP4,"63 deg 37' 15.60"" N","19 deg 59' 12.12"" W",,,
C:/Projects/iceland_trip/photos/Iceland Trip/IMG_9328.HEIC,IMG_9328.HEIC,"63 deg 37' 15.44"" N","19 deg 59' 11.98"" W",North,West,2026:05:09 19:02:41
C:/Projects/iceland_trip/photos/Iceland Trip/IMG_9328.MP4,IMG_9328.MP4,"63 deg 37' 15.60"" N","19 deg 59' 12.12"" W",,,
C:/Projects/iceland_trip/photos/Iceland Trip/IMG_9329.HEIC,IMG_9329.HEIC,"63 deg 37' 15.46"" N","19 deg 59' 11.49"" W",North,West,2026:05:09 19:05:09
C:/Projects/iceland_trip/photos/Iceland Trip/IMG_9329.MP4,IMG_9329.MP4,"63 deg 37' 15.60"" N","19 deg 59' 11.40"" W",,,
C:/Projects/iceland_trip/photos/Iceland Trip/IMG_9330.HEIC,IMG_9330.HEIC,"63 deg 37' 15.51"" N","19 deg 59' 11.13"" W",North,West,2026:05:09 19:05:10
C:/Projects/iceland_trip/photos/Iceland Trip/IMG_9330.MP4,IMG_9330.MP4,"63 deg 37' 15.60"" N","19 deg 59' 11.04"" W",,,
C:/Projects/iceland_trip/photos/Iceland Trip/IMG_9331.HEIC,IMG_9331.HEIC,"63 deg 37' 15.48"" N","19 deg 59' 11.12"" W",North,West,2026:05:09 19:05:11
C:/Projects/iceland_trip/photos/Iceland Trip/IMG_9331.MP4,IMG_9331.MP4,"63 deg 37' 15.60"" N","19 deg 59' 11.04"" W",,,
C:/Projects/iceland_trip/photos/Iceland Trip/IMG_9332.HEIC,IMG_9332.HEIC,"63 deg 37' 15.57"" N","19 deg 59' 10.60"" W",North,West,2026:05:09 19:05:17
C:/Projects/iceland_trip/photos/Iceland Trip/IMG_9332.MP4,IMG_9332.MP4,"63 deg 37' 15.60"" N","19 deg 59' 10.68"" W",,,
C:/Projects/iceland_trip/photos/Iceland Trip/IMG_9333.HEIC,IMG_9333.HEIC,"63 deg 37' 15.55"" N","19 deg 59' 10.53"" W",North,West,2026:05:09 19:05:18
C:/Projects/iceland_trip/photos/Iceland Trip/IMG_9333.MP4,IMG_9333.MP4,"63 deg 37' 15.60"" N","19 deg 59' 10.68"" W",,,
C:/Projects/iceland_trip/photos/Iceland Trip/IMG_9334.HEIC,IMG_9334.HEIC,"63 deg 37' 15.36"" N","19 deg 59' 9.85"" W",North,West,2026:05:09 19:05:32
C:/Projects/iceland_trip/photos/Iceland Trip/IMG_9334.MP4,IMG_9334.MP4,"63 deg 37' 15.24"" N","19 deg 59' 9.96"" W",,,
C:/Projects/iceland_trip/photos/Iceland Trip/IMG_9335.HEIC,IMG_9335.HEIC,"63 deg 37' 15.32"" N","19 deg 59' 9.88"" W",North,West,2026:05:09 19:05:33
C:/Projects/iceland_trip/photos/Iceland Trip/IMG_9335.MP4,IMG_9335.MP4,"63 deg 37' 15.24"" N","19 deg 59' 9.96"" W",,,
C:/Projects/iceland_trip/photos/Iceland Trip/IMG_9336.HEIC,IMG_9336.HEIC,"63 deg 37' 15.32"" N","19 deg 59' 9.88"" W",North,West,2026:05:09 19:05:34
C:/Projects/iceland_trip/photos/Iceland Trip/IMG_9336.MP4,IMG_9336.MP4,"63 deg 37' 15.24"" N","19 deg 59' 9.96"" W",,,
C:/Projects/iceland_trip/photos/Iceland Trip/IMG_9337.HEIC,IMG_9337.HEIC,"63 deg 37' 15.31"" N","19 deg 59' 9.63"" W",North,West,2026:05:09 19:05:37
C:/Projects/iceland_trip/photos/Iceland Trip/IMG_9337.MP4,IMG_9337.MP4,"63 deg 37' 15.24"" N","19 deg 59' 9.60"" W",,,
C:/Projects/iceland_trip/photos/Iceland Trip/IMG_9338.HEIC,IMG_9338.HEIC,"63 deg 37' 15.32"" N","19 deg 59' 9.50"" W",North,West,2026:05:09 19:05:38
C:/Projects/iceland_trip/photos/Iceland Trip/IMG_9338.MP4,IMG_9338.MP4,"63 deg 37' 15.24"" N","19 deg 59' 9.60"" W",,,
C:/Projects/iceland_trip/photos/Iceland Trip/IMG_9339.HEIC,IMG_9339.HEIC,"63 deg 37' 15.32"" N","19 deg 59' 9.28"" W",North,West,2026:05:09 19:05:48
C:/Projects/iceland_trip/photos/Iceland Trip/IMG_9339.MP4,IMG_9339.MP4,"63 deg 37' 15.24"" N","19 deg 59' 9.24"" W",,,
C:/Projects/iceland_trip/photos/Iceland Trip/IMG_9340.JPG,IMG_9340.JPG,"63 deg 37' 15.22"" N","19 deg 59' 9.07"" W",North,West,2026:05:09 19:05:50
C:/Projects/iceland_trip/photos/Iceland Trip/IMG_9341.HEIC,IMG_9341.HEIC,"63 deg 37' 15.10"" N","19 deg 59' 9.71"" W",North,West,2026:05:09 19:06:03
C:/Projects/iceland_trip/photos/Iceland Trip/IMG_9341.MP4,IMG_9341.MP4,"63 deg 37' 15.24"" N","19 deg 59' 9.60"" W",,,
C:/Projects/iceland_trip/photos/Iceland Trip/IMG_9342.HEIC,IMG_9342.HEIC,"63 deg 37' 15.09"" N","19 deg 59' 9.70"" W",North,West,2026:05:09 19:06:04
C:/Projects/iceland_trip/photos/Iceland Trip/IMG_9342.MP4,IMG_9342.MP4,"63 deg 37' 15.24"" N","19 deg 59' 9.60"" W",,,
C:/Projects/iceland_trip/photos/Iceland Trip/IMG_9343.HEIC,IMG_9343.HEIC,"63 deg 37' 15.10"" N","19 deg 59' 9.68"" W",North,West,2026:05:09 19:06:05
C:/Projects/iceland_trip/photos/Iceland Trip/IMG_9343.MP4,IMG_9343.MP4,"63 deg 37' 15.24"" N","19 deg 59' 9.60"" W",,,
C:/Projects/iceland_trip/photos/Iceland Trip/IMG_9344.HEIC,IMG_9344.HEIC,"63 deg 37' 15.10"" N","19 deg 59' 9.64"" W",North,West,2026:05:09 19:06:06
C:/Projects/iceland_trip/photos/Iceland Trip/IMG_9344.MP4,IMG_9344.MP4,"63 deg 37' 15.24"" N","19 deg 59' 9.60"" W",,,
C:/Projects/iceland_trip/photos/Iceland Trip/IMG_9345.HEIC,IMG_9345.HEIC,"63 deg 37' 15.14"" N","19 deg 59' 9.64"" W",North,West,2026:05:09 19:06:07
C:/Projects/iceland_trip/photos/Iceland Trip/IMG_9345.MP4,IMG_9345.MP4,"63 deg 37' 15.24"" N","19 deg 59' 9.60"" W",,,
C:/Projects/iceland_trip/photos/Iceland Trip/IMG_9346.HEIC,IMG_9346.HEIC,"63 deg 37' 15.24"" N","19 deg 59' 9.54"" W",North,West,2026:05:09 19:06:09
C:/Projects/iceland_trip/photos/Iceland Trip/IMG_9346.MP4,IMG_9346.MP4,"63 deg 37' 15.24"" N","19 deg 59' 9.60"" W",,,
C:/Projects/iceland_trip/photos/Iceland Trip/IMG_9347.HEIC,IMG_9347.HEIC,"63 deg 37' 15.26"" N","19 deg 59' 9.50"" W",North,West,2026:05:09 19:06:10
C:/Projects/iceland_trip/photos/Iceland Trip/IMG_9347.MP4,IMG_9347.MP4,"63 deg 37' 15.24"" N","19 deg 59' 9.60"" W",,,
C:/Projects/iceland_trip/photos/Iceland Trip/IMG_9348.HEIC,IMG_9348.HEIC,"63 deg 37' 15.26"" N","19 deg 59' 9.50"" W",North,West,2026:05:09 19:06:11
C:/Projects/iceland_trip/photos/Iceland Trip/IMG_9348.MP4,IMG_9348.MP4,"63 deg 37' 15.24"" N","19 deg 59' 9.60"" W",,,
C:/Projects/iceland_trip/photos/Iceland Trip/IMG_9349.HEIC,IMG_9349.HEIC,"63 deg 37' 15.31"" N","19 deg 59' 9.41"" W",North,West,2026:05:09 19:06:12
C:/Projects/iceland_trip/photos/Iceland Trip/IMG_9349.MP4,IMG_9349.MP4,"63 deg 37' 15.24"" N","19 deg 59' 9.24"" W",,,
C:/Projects/iceland_trip/photos/Iceland Trip/IMG_9350.HEIC,IMG_9350.HEIC,"63 deg 37' 15.31"" N","19 deg 59' 9.40"" W",North,West,2026:05:09 19:06:13
C:/Projects/iceland_trip/photos/Iceland Trip/IMG_9350.MP4,IMG_9350.MP4,"63 deg 37' 15.24"" N","19 deg 59' 9.24"" W",,,
C:/Projects/iceland_trip/photos/Iceland Trip/IMG_9351.HEIC,IMG_9351.HEIC,"63 deg 37' 15.28"" N","19 deg 59' 9.41"" W",North,West,2026:05:09 19:06:15
C:/Projects/iceland_trip/photos/Iceland Trip/IMG_9351.MP4,IMG_9351.MP4,"63 deg 37' 15.24"" N","19 deg 59' 9.24"" W",,,
C:/Projects/iceland_trip/photos/Iceland Trip/IMG_9352.HEIC,IMG_9352.HEIC,"63 deg 37' 15.20"" N","19 deg 59' 9.19"" W",North,West,2026:05:09 19:06:27
C:/Projects/iceland_trip/photos/Iceland Trip/IMG_9352.MP4,IMG_9352.MP4,"63 deg 37' 15.24"" N","19 deg 59' 9.24"" W",,,
C:/Projects/iceland_trip/photos/Iceland Trip/IMG_9353.HEIC,IMG_9353.HEIC,"63 deg 37' 15.33"" N","19 deg 59' 9.29"" W",North,West,2026:05:09 19:06:32
C:/Projects/iceland_trip/photos/Iceland Trip/IMG_9353.MP4,IMG_9353.MP4,"63 deg 37' 15.24"" N","19 deg 59' 9.24"" W",,,
C:/Projects/iceland_trip/photos/Iceland Trip/IMG_9354.HEIC,IMG_9354.HEIC,"63 deg 37' 16.02"" N","19 deg 59' 12.88"" W",North,West,2026:05:09 19:07:44
C:/Projects/iceland_trip/photos/Iceland Trip/IMG_9354.MP4,IMG_9354.MP4,"63 deg 37' 15.96"" N","19 deg 59' 12.84"" W",,,
C:/Projects/iceland_trip/photos/Iceland Trip/IMG_9355.HEIC,IMG_9355.HEIC,"63 deg 37' 16.27"" N","19 deg 59' 13.30"" W",North,West,2026:05:09 19:07:56
C:/Projects/iceland_trip/photos/Iceland Trip/IMG_9355.MP4,IMG_9355.MP4,"63 deg 37' 16.32"" N","19 deg 59' 13.20"" W",,,
C:/Projects/iceland_trip/photos/Iceland Trip/IMG_9356.HEIC,IMG_9356.HEIC,"63 deg 37' 17.16"" N","19 deg 59' 16.11"" W",North,West,2026:05:09 19:08:36
C:/Projects/iceland_trip/photos/Iceland Trip/IMG_9356.MP4,IMG_9356.MP4,"63 deg 37' 17.04"" N","19 deg 59' 16.08"" W",,,
C:/Projects/iceland_trip/photos/Iceland Trip/IMG_9357.HEIC,IMG_9357.HEIC,"63 deg 36' 57.67"" N","19 deg 59' 22.51"" W",North,West,2026:05:09 19:21:06
C:/Projects/iceland_trip/photos/Iceland Trip/IMG_9357.MP4,IMG_9357.MP4,"63 deg 36' 57.60"" N","19 deg 59' 22.56"" W",,,
C:/Projects/iceland_trip/photos/Iceland Trip/IMG_9358.HEIC,IMG_9358.HEIC,"63 deg 36' 57.70"" N","19 deg 59' 22.21"" W",North,West,2026:05:09 19:21:07
C:/Projects/iceland_trip/photos/Iceland Trip/IMG_9358.MP4,IMG_9358.MP4,"63 deg 36' 57.60"" N","19 deg 59' 22.20"" W",,,
C:/Projects/iceland_trip/photos/Iceland Trip/IMG_9359.HEIC,IMG_9359.HEIC,"63 deg 33' 2.89"" N","19 deg 46' 25.82"" W",North,West,2026:05:09 19:44:55
C:/Projects/iceland_trip/photos/Iceland Trip/IMG_9359.MP4,IMG_9359.MP4,"63 deg 33' 2.88"" N","19 deg 46' 25.68"" W",,,
C:/Projects/iceland_trip/photos/Iceland Trip/IMG_9360.HEIC,IMG_9360.HEIC,"63 deg 33' 2.89"" N","19 deg 46' 25.80"" W",North,West,2026:05:09 19:44:56
C:/Projects/iceland_trip/photos/Iceland Trip/IMG_9360.MP4,IMG_9360.MP4,"63 deg 33' 2.88"" N","19 deg 46' 25.68"" W",,,
C:/Projects/iceland_trip/photos/Iceland Trip/IMG_9361.HEIC,IMG_9361.HEIC,"63 deg 33' 2.94"" N","19 deg 46' 25.72"" W",North,West,2026:05:09 19:44:58
C:/Projects/iceland_trip/photos/Iceland Trip/IMG_9361.MP4,IMG_9361.MP4,"63 deg 33' 2.88"" N","19 deg 46' 25.68"" W",,,
C:/Projects/iceland_trip/photos/Iceland Trip/IMG_9362.HEIC,IMG_9362.HEIC,"63 deg 33' 2.99"" N","19 deg 46' 25.36"" W",North,West,2026:05:09 19:45:04
C:/Projects/iceland_trip/photos/Iceland Trip/IMG_9362.MP4,IMG_9362.MP4,"63 deg 33' 2.88"" N","19 deg 46' 25.32"" W",,,
C:/Projects/iceland_trip/photos/Iceland Trip/IMG_9363.HEIC,IMG_9363.HEIC,"63 deg 33' 3.00"" N","19 deg 46' 25.37"" W",North,West,2026:05:09 19:45:07
C:/Projects/iceland_trip/photos/Iceland Trip/IMG_9363.MP4,IMG_9363.MP4,"63 deg 33' 2.88"" N","19 deg 46' 25.32"" W",,,
C:/Projects/iceland_trip/photos/Iceland Trip/IMG_9364.HEIC,IMG_9364.HEIC,"63 deg 33' 3.00"" N","19 deg 46' 25.41"" W",North,West,2026:05:09 19:45:09
C:/Projects/iceland_trip/photos/Iceland Trip/IMG_9364.MP4,IMG_9364.MP4,"63 deg 33' 2.88"" N","19 deg 46' 25.32"" W",,,
C:/Projects/iceland_trip/photos/Iceland Trip/IMG_9365.HEIC,IMG_9365.HEIC,"63 deg 33' 2.94"" N","19 deg 46' 25.68"" W",North,West,2026:05:09 19:45:23
C:/Projects/iceland_trip/photos/Iceland Trip/IMG_9365.MP4,IMG_9365.MP4,"63 deg 33' 2.88"" N","19 deg 46' 25.68"" W",,,
C:/Projects/iceland_trip/photos/Iceland Trip/IMG_9366.HEIC,IMG_9366.HEIC,"63 deg 33' 2.81"" N","19 deg 46' 25.49"" W",North,West,2026:05:09 19:45:41
C:/Projects/iceland_trip/photos/Iceland Trip/IMG_9366.MP4,IMG_9366.MP4,"63 deg 33' 2.88"" N","19 deg 46' 25.32"" W",,,
C:/Projects/iceland_trip/photos/Iceland Trip/IMG_9367.HEIC,IMG_9367.HEIC,"63 deg 33' 2.84"" N","19 deg 46' 25.30"" W",North,West,2026:05:09 19:45:48
C:/Projects/iceland_trip/photos/Iceland Trip/IMG_9367.MP4,IMG_9367.MP4,"63 deg 33' 2.88"" N","19 deg 46' 25.32"" W",,,
C:/Projects/iceland_trip/photos/Iceland Trip/IMG_9368.HEIC,IMG_9368.HEIC,"63 deg 31' 41.07"" N","19 deg 30' 44.28"" W",North,West,2026:05:09 20:07:59
C:/Projects/iceland_trip/photos/Iceland Trip/IMG_9368.MP4,IMG_9368.MP4,"63 deg 31' 41.16"" N","19 deg 30' 44.28"" W",,,
C:/Projects/iceland_trip/photos/Iceland Trip/IMG_9369.HEIC,IMG_9369.HEIC,"63 deg 31' 41.05"" N","19 deg 30' 44.25"" W",North,West,2026:05:09 20:08:01
C:/Projects/iceland_trip/photos/Iceland Trip/IMG_9369.MP4,IMG_9369.MP4,"63 deg 31' 41.16"" N","19 deg 30' 44.28"" W",,,
C:/Projects/iceland_trip/photos/Iceland Trip/IMG_9370.HEIC,IMG_9370.HEIC,"63 deg 31' 47.67"" N","19 deg 30' 44.47"" W",North,West,2026:05:09 20:10:25
C:/Projects/iceland_trip/photos/Iceland Trip/IMG_9370.MP4,IMG_9370.MP4,"63 deg 31' 47.64"" N","19 deg 30' 44.64"" W",,,
C:/Projects/iceland_trip/photos/Iceland Trip/IMG_9371.HEIC,IMG_9371.HEIC,"63 deg 31' 47.60"" N","19 deg 30' 44.51"" W",North,West,2026:05:09 20:10:26
C:/Projects/iceland_trip/photos/Iceland Trip/IMG_9371.MP4,IMG_9371.MP4,"63 deg 31' 47.64"" N","19 deg 30' 44.64"" W",,,
C:/Projects/iceland_trip/photos/Iceland Trip/IMG_9372.HEIC,IMG_9372.HEIC,"63 deg 31' 47.60"" N","19 deg 30' 44.51"" W",North,West,2026:05:09 20:10:28
C:/Projects/iceland_trip/photos/Iceland Trip/IMG_9372.MP4,IMG_9372.MP4,"63 deg 31' 47.64"" N","19 deg 30' 44.64"" W",,,
C:/Projects/iceland_trip/photos/Iceland Trip/IMG_9373.HEIC,IMG_9373.HEIC,"63 deg 31' 50.08"" N","19 deg 30' 44.76"" W",North,West,2026:05:09 20:11:26
C:/Projects/iceland_trip/photos/Iceland Trip/IMG_9373.MP4,IMG_9373.MP4,"63 deg 31' 50.16"" N","19 deg 30' 44.64"" W",,,
C:/Projects/iceland_trip/photos/Iceland Trip/IMG_9374.HEIC,IMG_9374.HEIC,"63 deg 31' 50.12"" N","19 deg 30' 44.72"" W",North,West,2026:05:09 20:11:26
C:/Projects/iceland_trip/photos/Iceland Trip/IMG_9374.MP4,IMG_9374.MP4,"63 deg 31' 50.16"" N","19 deg 30' 44.64"" W",,,
C:/Projects/iceland_trip/photos/Iceland Trip/IMG_9375.HEIC,IMG_9375.HEIC,"63 deg 31' 50.87"" N","19 deg 30' 44.78"" W",North,West,2026:05:09 20:11:44
C:/Projects/iceland_trip/photos/Iceland Trip/IMG_9375.MP4,IMG_9375.MP4,"63 deg 31' 50.88"" N","19 deg 30' 44.64"" W",,,
C:/Projects/iceland_trip/photos/Iceland Trip/IMG_9376.HEIC,IMG_9376.HEIC,"63 deg 31' 50.88"" N","19 deg 30' 44.80"" W",North,West,2026:05:09 20:11:45
C:/Projects/iceland_trip/photos/Iceland Trip/IMG_9376.MP4,IMG_9376.MP4,"63 deg 31' 50.88"" N","19 deg 30' 44.64"" W",,,
C:/Projects/iceland_trip/photos/Iceland Trip/IMG_9377.HEIC,IMG_9377.HEIC,"63 deg 31' 50.87"" N","19 deg 30' 44.80"" W",North,West,2026:05:09 20:11:47
C:/Projects/iceland_trip/photos/Iceland Trip/IMG_9377.MP4,IMG_9377.MP4,"63 deg 31' 50.88"" N","19 deg 30' 44.64"" W",,,
C:/Projects/iceland_trip/photos/Iceland Trip/IMG_9378.HEIC,IMG_9378.HEIC,"63 deg 31' 51.57"" N","19 deg 30' 44.88"" W",North,West,2026:05:09 20:12:07
C:/Projects/iceland_trip/photos/Iceland Trip/IMG_9378.MP4,IMG_9378.MP4,"63 deg 31' 51.60"" N","19 deg 30' 45.00"" W",,,
C:/Projects/iceland_trip/photos/Iceland Trip/IMG_9379.HEIC,IMG_9379.HEIC,"63 deg 31' 52.32"" N","19 deg 30' 44.76"" W",North,West,2026:05:09 20:12:35
C:/Projects/iceland_trip/photos/Iceland Trip/IMG_9379.MP4,IMG_9379.MP4,"63 deg 31' 52.32"" N","19 deg 30' 44.64"" W",,,
C:/Projects/iceland_trip/photos/Iceland Trip/IMG_9380.HEIC,IMG_9380.HEIC,"63 deg 31' 52.38"" N","19 deg 30' 44.60"" W",North,West,2026:05:09 20:12:42
C:/Projects/iceland_trip/photos/Iceland Trip/IMG_9380.MP4,IMG_9380.MP4,"63 deg 31' 52.32"" N","19 deg 30' 44.64"" W",,,
C:/Projects/iceland_trip/photos/Iceland Trip/IMG_9381.HEIC,IMG_9381.HEIC,"63 deg 31' 53.19"" N","19 deg 30' 42.37"" W",North,West,2026:05:09 20:13:24
C:/Projects/iceland_trip/photos/Iceland Trip/IMG_9381.MP4,IMG_9381.MP4,"63 deg 31' 53.04"" N","19 deg 30' 42.48"" W",,,
C:/Projects/iceland_trip/photos/Iceland Trip/IMG_9382.HEIC,IMG_9382.HEIC,"63 deg 31' 53.24"" N","19 deg 30' 42.41"" W",North,West,2026:05:09 20:13:26
C:/Projects/iceland_trip/photos/Iceland Trip/IMG_9382.MP4,IMG_9382.MP4,"63 deg 31' 53.40"" N","19 deg 30' 42.48"" W",,,
C:/Projects/iceland_trip/photos/Iceland Trip/IMG_9383.HEIC,IMG_9383.HEIC,"63 deg 31' 53.27"" N","19 deg 30' 42.49"" W",North,West,2026:05:09 20:13:27
C:/Projects/iceland_trip/photos/Iceland Trip/IMG_9383.MP4,IMG_9383.MP4,"63 deg 31' 53.40"" N","19 deg 30' 42.48"" W",,,
C:/Projects/iceland_trip/photos/Iceland Trip/IMG_9384.HEIC,IMG_9384.HEIC,"63 deg 31' 54.30"" N","19 deg 30' 43.48"" W",North,West,2026:05:09 20:13:46
C:/Projects/iceland_trip/photos/Iceland Trip/IMG_9384.MP4,IMG_9384.MP4,"63 deg 31' 54.48"" N","19 deg 30' 43.56"" W",,,
C:/Projects/iceland_trip/photos/Iceland Trip/IMG_9385.HEIC,IMG_9385.HEIC,"63 deg 31' 54.30"" N","19 deg 30' 43.48"" W",North,West,2026:05:09 20:13:47
C:/Projects/iceland_trip/photos/Iceland Trip/IMG_9385.MP4,IMG_9385.MP4,"63 deg 31' 54.48"" N","19 deg 30' 43.56"" W",,,
C:/Projects/iceland_trip/photos/Iceland Trip/IMG_9386.HEIC,IMG_9386.HEIC,"63 deg 31' 54.81"" N","19 deg 30' 45.27"" W",North,West,2026:05:09 20:14:11
C:/Projects/iceland_trip/photos/Iceland Trip/IMG_9386.MP4,IMG_9386.MP4,"63 deg 31' 54.84"" N","19 deg 30' 45.36"" W",,,
C:/Projects/iceland_trip/photos/Iceland Trip/IMG_9387.HEIC,IMG_9387.HEIC,"63 deg 31' 54.74"" N","19 deg 30' 45.63"" W",North,West,2026:05:09 20:14:16
C:/Projects/iceland_trip/photos/Iceland Trip/IMG_9387.MP4,IMG_9387.MP4,"63 deg 31' 54.84"" N","19 deg 30' 45.72"" W",,,
C:/Projects/iceland_trip/photos/Iceland Trip/IMG_9388.HEIC,IMG_9388.HEIC,"63 deg 31' 54.75"" N","19 deg 30' 45.74"" W",North,West,2026:05:09 20:14:17
C:/Projects/iceland_trip/photos/Iceland Trip/IMG_9388.MP4,IMG_9388.MP4,"63 deg 31' 54.84"" N","19 deg 30' 45.72"" W",,,
C:/Projects/iceland_trip/photos/Iceland Trip/IMG_9389.HEIC,IMG_9389.HEIC,"63 deg 31' 54.75"" N","19 deg 30' 45.74"" W",North,West,2026:05:09 20:14:18
C:/Projects/iceland_trip/photos/Iceland Trip/IMG_9389.MP4,IMG_9389.MP4,"63 deg 31' 54.84"" N","19 deg 30' 45.72"" W",,,
C:/Projects/iceland_trip/photos/Iceland Trip/IMG_9390.HEIC,IMG_9390.HEIC,"63 deg 31' 54.75"" N","19 deg 30' 45.74"" W",North,West,2026:05:09 20:14:19
C:/Projects/iceland_trip/photos/Iceland Trip/IMG_9390.MP4,IMG_9390.MP4,"63 deg 31' 54.84"" N","19 deg 30' 45.72"" W",,,
C:/Projects/iceland_trip/photos/Iceland Trip/IMG_9391.HEIC,IMG_9391.HEIC,"63 deg 31' 54.74"" N","19 deg 30' 45.87"" W",North,West,2026:05:09 20:14:24
C:/Projects/iceland_trip/photos/Iceland Trip/IMG_9391.MP4,IMG_9391.MP4,"63 deg 31' 54.84"" N","19 deg 30' 45.72"" W",,,
C:/Projects/iceland_trip/photos/Iceland Trip/IMG_9392.HEIC,IMG_9392.HEIC,"63 deg 31' 54.74"" N","19 deg 30' 45.87"" W",North,West,2026:05:09 20:14:26
C:/Projects/iceland_trip/photos/Iceland Trip/IMG_9392.MP4,IMG_9392.MP4,"63 deg 31' 54.84"" N","19 deg 30' 45.72"" W",,,
C:/Projects/iceland_trip/photos/Iceland Trip/IMG_9393.HEIC,IMG_9393.HEIC,"63 deg 31' 54.72"" N","19 deg 30' 46.32"" W",North,West,2026:05:09 20:14:28
C:/Projects/iceland_trip/photos/Iceland Trip/IMG_9393.MP4,IMG_9393.MP4,"63 deg 31' 54.84"" N","19 deg 30' 46.44"" W",,,
C:/Projects/iceland_trip/photos/Iceland Trip/IMG_9394.HEIC,IMG_9394.HEIC,"63 deg 31' 54.71"" N","19 deg 30' 46.42"" W",North,West,2026:05:09 20:14:29
C:/Projects/iceland_trip/photos/Iceland Trip/IMG_9394.MP4,IMG_9394.MP4,"63 deg 31' 54.84"" N","19 deg 30' 46.44"" W",,,
C:/Projects/iceland_trip/photos/Iceland Trip/IMG_9395.HEIC,IMG_9395.HEIC,"63 deg 31' 54.00"" N","19 deg 30' 47.07"" W",North,West,2026:05:09 20:14:48
C:/Projects/iceland_trip/photos/Iceland Trip/IMG_9395.MP4,IMG_9395.MP4,"63 deg 31' 54.12"" N","19 deg 30' 47.16"" W",,,
C:/Projects/iceland_trip/photos/Iceland Trip/IMG_9396.HEIC,IMG_9396.HEIC,"63 deg 31' 51.68"" N","19 deg 30' 45.99"" W",North,West,2026:05:09 20:15:52
C:/Projects/iceland_trip/photos/Iceland Trip/IMG_9396.MP4,IMG_9396.MP4,"63 deg 31' 51.60"" N","19 deg 30' 46.08"" W",,,
C:/Projects/iceland_trip/photos/Iceland Trip/IMG_9397.HEIC,IMG_9397.HEIC,"63 deg 31' 51.68"" N","19 deg 30' 45.98"" W",North,West,2026:05:09 20:15:53
C:/Projects/iceland_trip/photos/Iceland Trip/IMG_9397.MP4,IMG_9397.MP4,"63 deg 31' 51.60"" N","19 deg 30' 46.08"" W",,,
C:/Projects/iceland_trip/photos/Iceland Trip/IMG_9399.HEIC,IMG_9399.HEIC,"63 deg 31' 48.49"" N","19 deg 30' 42.12"" W",North,West,2026:05:09 20:17:33
C:/Projects/iceland_trip/photos/Iceland Trip/IMG_9399.MP4,IMG_9399.MP4,"63 deg 31' 48.36"" N","19 deg 30' 42.12"" W",,,
C:/Projects/iceland_trip/photos/Iceland Trip/IMG_9401.HEIC,IMG_9401.HEIC,"63 deg 31' 51.24"" N","19 deg 30' 37.53"" W",North,West,2026:05:09 20:20:07
C:/Projects/iceland_trip/photos/Iceland Trip/IMG_9401.MP4,IMG_9401.MP4,"63 deg 31' 51.24"" N","19 deg 30' 37.44"" W",,,
C:/Projects/iceland_trip/photos/Iceland Trip/IMG_9402.HEIC,IMG_9402.HEIC,"63 deg 31' 51.21"" N","19 deg 30' 37.47"" W",North,West,2026:05:09 20:20:08
C:/Projects/iceland_trip/photos/Iceland Trip/IMG_9402.MP4,IMG_9402.MP4,"63 deg 31' 51.24"" N","19 deg 30' 37.44"" W",,,
C:/Projects/iceland_trip/photos/Iceland Trip/IMG_9403.HEIC,IMG_9403.HEIC,"63 deg 31' 51.22"" N","19 deg 30' 37.45"" W",North,West,2026:05:09 20:20:09
C:/Projects/iceland_trip/photos/Iceland Trip/IMG_9403.MP4,IMG_9403.MP4,"63 deg 31' 51.24"" N","19 deg 30' 37.44"" W",,,
C:/Projects/iceland_trip/photos/Iceland Trip/IMG_9404.HEIC,IMG_9404.HEIC,"63 deg 31' 51.77"" N","19 deg 30' 37.17"" W",North,West,2026:05:09 20:20:57
C:/Projects/iceland_trip/photos/Iceland Trip/IMG_9404.MP4,IMG_9404.MP4,"63 deg 31' 51.60"" N","19 deg 30' 37.08"" W",,,
C:/Projects/iceland_trip/photos/Iceland Trip/IMG_9405.HEIC,IMG_9405.HEIC,"63 deg 31' 52.57"" N","19 deg 30' 37.36"" W",North,West,2026:05:09 20:21:55
C:/Projects/iceland_trip/photos/Iceland Trip/IMG_9405.MP4,IMG_9405.MP4,"63 deg 31' 52.68"" N","19 deg 30' 37.44"" W",,,
C:/Projects/iceland_trip/photos/Iceland Trip/IMG_9406.HEIC,IMG_9406.HEIC,"63 deg 31' 52.57"" N","19 deg 30' 37.36"" W",North,West,2026:05:09 20:21:56
C:/Projects/iceland_trip/photos/Iceland Trip/IMG_9406.MP4,IMG_9406.MP4,"63 deg 31' 52.68"" N","19 deg 30' 37.44"" W",,,
C:/Projects/iceland_trip/photos/Iceland Trip/IMG_9407.HEIC,IMG_9407.HEIC,"63 deg 31' 52.98"" N","19 deg 30' 36.86"" W",North,West,2026:05:09 20:22:49
C:/Projects/iceland_trip/photos/Iceland Trip/IMG_9407.MP4,IMG_9407.MP4,"63 deg 31' 53.04"" N","19 deg 30' 36.72"" W",,,
C:/Projects/iceland_trip/photos/Iceland Trip/IMG_9408.HEIC,IMG_9408.HEIC,"63 deg 31' 53.01"" N","19 deg 30' 36.82"" W",North,West,2026:05:09 20:22:53
C:/Projects/iceland_trip/photos/Iceland Trip/IMG_9408.MP4,IMG_9408.MP4,"63 deg 31' 53.04"" N","19 deg 30' 36.72"" W",,,
C:/Projects/iceland_trip/photos/Iceland Trip/IMG_9409.HEIC,IMG_9409.HEIC,"63 deg 31' 53.15"" N","19 deg 30' 36.57"" W",North,West,2026:05:09 20:23:13
C:/Projects/iceland_trip/photos/Iceland Trip/IMG_9409.MP4,IMG_9409.MP4,"63 deg 31' 53.04"" N","19 deg 30' 36.72"" W",,,
C:/Projects/iceland_trip/photos/Iceland Trip/IMG_9410.HEIC,IMG_9410.HEIC,"63 deg 31' 53.15"" N","19 deg 30' 36.56"" W",North,West,2026:05:09 20:23:18
C:/Projects/iceland_trip/photos/Iceland Trip/IMG_9410.MP4,IMG_9410.MP4,"63 deg 31' 53.04"" N","19 deg 30' 36.72"" W",,,
C:/Projects/iceland_trip/photos/Iceland Trip/IMG_9411.HEIC,IMG_9411.HEIC,"63 deg 31' 53.17"" N","19 deg 30' 36.59"" W",North,West,2026:05:09 20:23:27
C:/Projects/iceland_trip/photos/Iceland Trip/IMG_9411.MP4,IMG_9411.MP4,"63 deg 31' 53.04"" N","19 deg 30' 36.72"" W",,,
C:/Projects/iceland_trip/photos/Iceland Trip/IMG_9412.HEIC,IMG_9412.HEIC,"63 deg 31' 53.50"" N","19 deg 30' 35.64"" W",North,West,2026:05:09 20:24:32
C:/Projects/iceland_trip/photos/Iceland Trip/IMG_9412.MP4,IMG_9412.MP4,"63 deg 31' 53.40"" N","19 deg 30' 35.64"" W",,,
C:/Projects/iceland_trip/photos/Iceland Trip/IMG_9413.HEIC,IMG_9413.HEIC,"63 deg 31' 54.70"" N","19 deg 30' 38.24"" W",North,West,2026:05:09 20:27:08
C:/Projects/iceland_trip/photos/Iceland Trip/IMG_9413.MP4,IMG_9413.MP4,"63 deg 31' 54.84"" N","19 deg 30' 38.16"" W",,,
C:/Projects/iceland_trip/photos/Iceland Trip/IMG_9414.HEIC,IMG_9414.HEIC,"63 deg 31' 54.71"" N","19 deg 30' 38.24"" W",North,West,2026:05:09 20:27:09
C:/Projects/iceland_trip/photos/Iceland Trip/IMG_9414.MP4,IMG_9414.MP4,"63 deg 31' 54.84"" N","19 deg 30' 38.16"" W",,,
C:/Projects/iceland_trip/photos/Iceland Trip/IMG_9415.HEIC,IMG_9415.HEIC,"63 deg 31' 54.72"" N","19 deg 30' 38.18"" W",North,West,2026:05:09 20:27:15
C:/Projects/iceland_trip/photos/Iceland Trip/IMG_9415.MP4,IMG_9415.MP4,"63 deg 31' 54.84"" N","19 deg 30' 38.16"" W",,,
C:/Projects/iceland_trip/photos/Iceland Trip/IMG_9416.HEIC,IMG_9416.HEIC,"63 deg 31' 54.71"" N","19 deg 30' 38.19"" W",North,West,2026:05:09 20:27:17
C:/Projects/iceland_trip/photos/Iceland Trip/IMG_9416.MP4,IMG_9416.MP4,"63 deg 31' 54.84"" N","19 deg 30' 38.16"" W",,,
C:/Projects/iceland_trip/photos/Iceland Trip/IMG_9417.HEIC,IMG_9417.HEIC,"63 deg 31' 54.71"" N","19 deg 30' 38.17"" W",North,West,2026:05:09 20:27:18
C:/Projects/iceland_trip/photos/Iceland Trip/IMG_9417.MP4,IMG_9417.MP4,"63 deg 31' 54.84"" N","19 deg 30' 38.16"" W",,,
C:/Projects/iceland_trip/photos/Iceland Trip/IMG_9418.HEIC,IMG_9418.HEIC,"63 deg 31' 54.71"" N","19 deg 30' 38.15"" W",North,West,2026:05:09 20:27:21
C:/Projects/iceland_trip/photos/Iceland Trip/IMG_9418.MP4,IMG_9418.MP4,"63 deg 31' 54.84"" N","19 deg 30' 38.16"" W",,,
C:/Projects/iceland_trip/photos/Iceland Trip/IMG_9419.HEIC,IMG_9419.HEIC,"63 deg 31' 54.70"" N","19 deg 30' 38.13"" W",North,West,2026:05:09 20:27:24
C:/Projects/iceland_trip/photos/Iceland Trip/IMG_9419.MP4,IMG_9419.MP4,"63 deg 31' 54.84"" N","19 deg 30' 38.16"" W",,,
C:/Projects/iceland_trip/photos/Iceland Trip/IMG_9420.HEIC,IMG_9420.HEIC,"63 deg 31' 54.71"" N","19 deg 30' 38.24"" W",North,West,2026:05:09 20:27:31
C:/Projects/iceland_trip/photos/Iceland Trip/IMG_9420.MP4,IMG_9420.MP4,"63 deg 31' 54.84"" N","19 deg 30' 38.16"" W",,,
C:/Projects/iceland_trip/photos/Iceland Trip/IMG_9421.HEIC,IMG_9421.HEIC,"63 deg 31' 54.71"" N","19 deg 30' 38.25"" W",North,West,2026:05:09 20:27:32
C:/Projects/iceland_trip/photos/Iceland Trip/IMG_9421.MP4,IMG_9421.MP4,"63 deg 31' 54.84"" N","19 deg 30' 38.16"" W",,,
C:/Projects/iceland_trip/photos/Iceland Trip/IMG_9422.HEIC,IMG_9422.HEIC,"63 deg 31' 54.71"" N","19 deg 30' 38.25"" W",North,West,2026:05:09 20:27:33
C:/Projects/iceland_trip/photos/Iceland Trip/IMG_9422.MP4,IMG_9422.MP4,"63 deg 31' 54.84"" N","19 deg 30' 38.16"" W",,,
C:/Projects/iceland_trip/photos/Iceland Trip/IMG_9423.HEIC,IMG_9423.HEIC,"63 deg 31' 55.16"" N","19 deg 30' 37.33"" W",North,West,2026:05:09 20:28:04
C:/Projects/iceland_trip/photos/Iceland Trip/IMG_9423.MP4,IMG_9423.MP4,"63 deg 31' 55.20"" N","19 deg 30' 37.44"" W",,,
C:/Projects/iceland_trip/photos/Iceland Trip/IMG_9424.HEIC,IMG_9424.HEIC,"63 deg 31' 55.16"" N","19 deg 30' 37.35"" W",North,West,2026:05:09 20:28:06
C:/Projects/iceland_trip/photos/Iceland Trip/IMG_9424.MP4,IMG_9424.MP4,"63 deg 31' 55.20"" N","19 deg 30' 37.44"" W",,,
C:/Projects/iceland_trip/photos/Iceland Trip/IMG_9425.HEIC,IMG_9425.HEIC,"63 deg 31' 55.16"" N","19 deg 30' 37.35"" W",North,West,2026:05:09 20:28:06
C:/Projects/iceland_trip/photos/Iceland Trip/IMG_9425.MP4,IMG_9425.MP4,"63 deg 31' 55.20"" N","19 deg 30' 37.44"" W",,,
C:/Projects/iceland_trip/photos/Iceland Trip/IMG_9426.HEIC,IMG_9426.HEIC,"63 deg 31' 55.19"" N","19 deg 30' 37.27"" W",North,West,2026:05:09 20:28:17
C:/Projects/iceland_trip/photos/Iceland Trip/IMG_9426.MP4,IMG_9426.MP4,"63 deg 31' 55.20"" N","19 deg 30' 37.44"" W",,,
C:/Projects/iceland_trip/photos/Iceland Trip/IMG_9427.HEIC,IMG_9427.HEIC,"63 deg 31' 55.22"" N","19 deg 30' 37.32"" W",North,West,2026:05:09 20:28:22
C:/Projects/iceland_trip/photos/Iceland Trip/IMG_9427.MP4,IMG_9427.MP4,"63 deg 31' 55.20"" N","19 deg 30' 37.44"" W",,,
C:/Projects/iceland_trip/photos/Iceland Trip/IMG_9428.HEIC,IMG_9428.HEIC,"63 deg 31' 55.70"" N","19 deg 30' 36.30"" W",North,West,2026:05:09 20:28:46
C:/Projects/iceland_trip/photos/Iceland Trip/IMG_9428.MP4,IMG_9428.MP4,"63 deg 31' 55.56"" N","19 deg 30' 36.36"" W",,,
C:/Projects/iceland_trip/photos/Iceland Trip/IMG_9429.HEIC,IMG_9429.HEIC,"63 deg 31' 55.70"" N","19 deg 30' 36.33"" W",North,West,2026:05:09 20:28:46
C:/Projects/iceland_trip/photos/Iceland Trip/IMG_9429.MP4,IMG_9429.MP4,"63 deg 31' 55.56"" N","19 deg 30' 36.36"" W",,,
C:/Projects/iceland_trip/photos/Iceland Trip/IMG_9430.HEIC,IMG_9430.HEIC,"63 deg 31' 56.21"" N","19 deg 30' 35.55"" W",North,West,2026:05:09 20:29:10
C:/Projects/iceland_trip/photos/Iceland Trip/IMG_9430.MP4,IMG_9430.MP4,"63 deg 31' 56.28"" N","19 deg 30' 35.64"" W",,,
C:/Projects/iceland_trip/photos/Iceland Trip/IMG_9431.HEIC,IMG_9431.HEIC,"63 deg 31' 56.21"" N","19 deg 30' 35.55"" W",North,West,2026:05:09 20:29:11
C:/Projects/iceland_trip/photos/Iceland Trip/IMG_9431.MP4,IMG_9431.MP4,"63 deg 31' 56.28"" N","19 deg 30' 35.64"" W",,,
C:/Projects/iceland_trip/photos/Iceland Trip/IMG_9432.HEIC,IMG_9432.HEIC,"63 deg 31' 56.21"" N","19 deg 30' 35.55"" W",North,West,2026:05:09 20:29:12
C:/Projects/iceland_trip/photos/Iceland Trip/IMG_9432.MP4,IMG_9432.MP4,"63 deg 31' 56.28"" N","19 deg 30' 35.64"" W",,,
C:/Projects/iceland_trip/photos/Iceland Trip/IMG_9433.HEIC,IMG_9433.HEIC,"63 deg 31' 56.19"" N","19 deg 30' 35.57"" W",North,West,2026:05:09 20:29:13
C:/Projects/iceland_trip/photos/Iceland Trip/IMG_9433.MP4,IMG_9433.MP4,"63 deg 31' 56.28"" N","19 deg 30' 35.64"" W",,,
C:/Projects/iceland_trip/photos/Iceland Trip/IMG_9434.HEIC,IMG_9434.HEIC,"63 deg 31' 56.22"" N","19 deg 30' 35.55"" W",North,West,2026:05:09 20:29:14
C:/Projects/iceland_trip/photos/Iceland Trip/IMG_9434.MP4,IMG_9434.MP4,"63 deg 31' 56.28"" N","19 deg 30' 35.64"" W",,,
C:/Projects/iceland_trip/photos/Iceland Trip/IMG_9435.HEIC,IMG_9435.HEIC,"63 deg 31' 56.72"" N","19 deg 30' 34.70"" W",North,West,2026:05:09 20:29:36
C:/Projects/iceland_trip/photos/Iceland Trip/IMG_9435.MP4,IMG_9435.MP4,"63 deg 31' 56.64"" N","19 deg 30' 34.56"" W",,,
C:/Projects/iceland_trip/photos/Iceland Trip/IMG_9436.HEIC,IMG_9436.HEIC,"63 deg 31' 56.72"" N","19 deg 30' 34.70"" W",North,West,2026:05:09 20:29:37
C:/Projects/iceland_trip/photos/Iceland Trip/IMG_9436.MP4,IMG_9436.MP4,"63 deg 31' 56.64"" N","19 deg 30' 34.56"" W",,,
C:/Projects/iceland_trip/photos/Iceland Trip/IMG_9437.HEIC,IMG_9437.HEIC,"63 deg 31' 56.72"" N","19 deg 30' 34.66"" W",North,West,2026:05:09 20:29:40
C:/Projects/iceland_trip/photos/Iceland Trip/IMG_9437.MP4,IMG_9437.MP4,"63 deg 31' 56.64"" N","19 deg 30' 34.56"" W",,,
C:/Projects/iceland_trip/photos/Iceland Trip/IMG_9438.HEIC,IMG_9438.HEIC,"63 deg 31' 56.73"" N","19 deg 30' 34.65"" W",North,West,2026:05:09 20:29:44
C:/Projects/iceland_trip/photos/Iceland Trip/IMG_9438.MP4,IMG_9438.MP4,"63 deg 31' 56.64"" N","19 deg 30' 34.56"" W",,,
C:/Projects/iceland_trip/photos/Iceland Trip/IMG_9439.HEIC,IMG_9439.HEIC,"63 deg 31' 57.46"" N","19 deg 30' 32.71"" W",North,West,2026:05:09 20:30:18
C:/Projects/iceland_trip/photos/Iceland Trip/IMG_9439.MP4,IMG_9439.MP4,"63 deg 31' 57.36"" N","19 deg 30' 32.76"" W",,,
C:/Projects/iceland_trip/photos/Iceland Trip/IMG_9440.HEIC,IMG_9440.HEIC,"63 deg 31' 58.19"" N","19 deg 30' 31.13"" W",North,West,2026:05:09 20:30:47
C:/Projects/iceland_trip/photos/Iceland Trip/IMG_9440.MP4,IMG_9440.MP4,"63 deg 31' 58.08"" N","19 deg 30' 30.96"" W",,,
C:/Projects/iceland_trip/photos/Iceland Trip/IMG_9441.HEIC,IMG_9441.HEIC,"63 deg 31' 58.21"" N","19 deg 30' 31.24"" W",North,West,2026:05:09 20:30:51
C:/Projects/iceland_trip/photos/Iceland Trip/IMG_9441.MP4,IMG_9441.MP4,"63 deg 31' 58.08"" N","19 deg 30' 31.32"" W",,,
C:/Projects/iceland_trip/photos/Iceland Trip/IMG_9442.HEIC,IMG_9442.HEIC,"63 deg 31' 58.21"" N","19 deg 30' 31.25"" W",North,West,2026:05:09 20:30:52
C:/Projects/iceland_trip/photos/Iceland Trip/IMG_9442.MP4,IMG_9442.MP4,"63 deg 31' 58.08"" N","19 deg 30' 31.32"" W",,,
C:/Projects/iceland_trip/photos/Iceland Trip/IMG_9443.HEIC,IMG_9443.HEIC,"63 deg 31' 58.21"" N","19 deg 30' 31.25"" W",North,West,2026:05:09 20:30:53
C:/Projects/iceland_trip/photos/Iceland Trip/IMG_9443.MP4,IMG_9443.MP4,"63 deg 31' 58.08"" N","19 deg 30' 31.32"" W",,,
C:/Projects/iceland_trip/photos/Iceland Trip/IMG_9444.HEIC,IMG_9444.HEIC,"63 deg 31' 58.20"" N","19 deg 30' 29.92"" W",North,West,2026:05:09 20:31:12
C:/Projects/iceland_trip/photos/Iceland Trip/IMG_9444.MP4,IMG_9444.MP4,"63 deg 31' 58.08"" N","19 deg 30' 29.88"" W",,,
C:/Projects/iceland_trip/photos/Iceland Trip/IMG_9445.HEIC,IMG_9445.HEIC,"63 deg 31' 58.20"" N","19 deg 30' 29.94"" W",North,West,2026:05:09 20:31:13
C:/Projects/iceland_trip/photos/Iceland Trip/IMG_9445.MP4,IMG_9445.MP4,"63 deg 31' 58.08"" N","19 deg 30' 29.88"" W",,,
C:/Projects/iceland_trip/photos/Iceland Trip/IMG_9446.HEIC,IMG_9446.HEIC,"63 deg 31' 58.20"" N","19 deg 30' 29.99"" W",North,West,2026:05:09 20:31:17
C:/Projects/iceland_trip/photos/Iceland Trip/IMG_9446.MP4,IMG_9446.MP4,"63 deg 31' 58.08"" N","19 deg 30' 29.88"" W",,,
C:/Projects/iceland_trip/photos/Iceland Trip/IMG_9447.HEIC,IMG_9447.HEIC,"63 deg 31' 58.20"" N","19 deg 30' 29.99"" W",North,West,2026:05:09 20:31:17
C:/Projects/iceland_trip/photos/Iceland Trip/IMG_9447.MP4,IMG_9447.MP4,"63 deg 31' 58.08"" N","19 deg 30' 29.88"" W",,,
C:/Projects/iceland_trip/photos/Iceland Trip/IMG_9448.HEIC,IMG_9448.HEIC,"63 deg 31' 58.06"" N","19 deg 30' 28.41"" W",North,West,2026:05:09 20:31:42
C:/Projects/iceland_trip/photos/Iceland Trip/IMG_9448.MP4,IMG_9448.MP4,"63 deg 31' 58.08"" N","19 deg 30' 28.44"" W",,,
C:/Projects/iceland_trip/photos/Iceland Trip/IMG_9449.HEIC,IMG_9449.HEIC,"63 deg 31' 58.06"" N","19 deg 30' 28.45"" W",North,West,2026:05:09 20:31:43
C:/Projects/iceland_trip/photos/Iceland Trip/IMG_9449.MP4,IMG_9449.MP4,"63 deg 31' 58.08"" N","19 deg 30' 28.44"" W",,,
C:/Projects/iceland_trip/photos/Iceland Trip/IMG_9450.HEIC,IMG_9450.HEIC,"63 deg 31' 58.08"" N","19 deg 30' 27.23"" W",North,West,2026:05:09 20:32:03
C:/Projects/iceland_trip/photos/Iceland Trip/IMG_9450.MP4,IMG_9450.MP4,"63 deg 31' 58.08"" N","19 deg 30' 27.36"" W",,,
C:/Projects/iceland_trip/photos/Iceland Trip/IMG_9451.HEIC,IMG_9451.HEIC,"63 deg 31' 58.08"" N","19 deg 30' 27.23"" W",North,West,2026:05:09 20:32:05
C:/Projects/iceland_trip/photos/Iceland Trip/IMG_9451.MP4,IMG_9451.MP4,"63 deg 31' 58.08"" N","19 deg 30' 27.36"" W",,,
C:/Projects/iceland_trip/photos/Iceland Trip/IMG_9453.HEIC,IMG_9453.HEIC,"63 deg 31' 58.05"" N","19 deg 30' 26.93"" W",North,West,2026:05:09 20:32:19
C:/Projects/iceland_trip/photos/Iceland Trip/IMG_9453.MP4,IMG_9453.MP4,"63 deg 31' 58.08"" N","19 deg 30' 27.00"" W",,,
C:/Projects/iceland_trip/photos/Iceland Trip/IMG_9454.HEIC,IMG_9454.HEIC,"63 deg 31' 58.13"" N","19 deg 30' 26.29"" W",North,West,2026:05:09 20:32:31
C:/Projects/iceland_trip/photos/Iceland Trip/IMG_9454.MP4,IMG_9454.MP4,"63 deg 31' 58.08"" N","19 deg 30' 26.28"" W",,,
C:/Projects/iceland_trip/photos/Iceland Trip/IMG_9455.HEIC,IMG_9455.HEIC,"63 deg 31' 58.21"" N","19 deg 30' 25.53"" W",North,West,2026:05:09 20:32:44
C:/Projects/iceland_trip/photos/Iceland Trip/IMG_9455.MP4,IMG_9455.MP4,"63 deg 31' 58.08"" N","19 deg 30' 25.56"" W",,,
C:/Projects/iceland_trip/photos/Iceland Trip/IMG_9456.HEIC,IMG_9456.HEIC,"63 deg 31' 58.21"" N","19 deg 30' 25.56"" W",North,West,2026:05:09 20:32:46
C:/Projects/iceland_trip/photos/Iceland Trip/IMG_9456.MP4,IMG_9456.MP4,"63 deg 31' 58.08"" N","19 deg 30' 25.56"" W",,,
C:/Projects/iceland_trip/photos/Iceland Trip/IMG_9457.HEIC,IMG_9457.HEIC,"63 deg 31' 58.52"" N","19 deg 30' 24.65"" W",North,West,2026:05:09 20:33:04
C:/Projects/iceland_trip/photos/Iceland Trip/IMG_9457.MP4,IMG_9457.MP4,"63 deg 31' 58.44"" N","19 deg 30' 24.48"" W",,,
C:/Projects/iceland_trip/photos/Iceland Trip/IMG_9458.HEIC,IMG_9458.HEIC,"63 deg 31' 58.49"" N","19 deg 30' 24.66"" W",North,West,2026:05:09 20:33:05
C:/Projects/iceland_trip/photos/Iceland Trip/IMG_9458.MP4,IMG_9458.MP4,"63 deg 31' 58.44"" N","19 deg 30' 24.84"" W",,,
C:/Projects/iceland_trip/photos/Iceland Trip/IMG_9459.HEIC,IMG_9459.HEIC,"63 deg 31' 58.49"" N","19 deg 30' 24.65"" W",North,West,2026:05:09 20:33:06
C:/Projects/iceland_trip/photos/Iceland Trip/IMG_9459.MP4,IMG_9459.MP4,"63 deg 31' 58.44"" N","19 deg 30' 24.48"" W",,,
C:/Projects/iceland_trip/photos/Iceland Trip/IMG_9460.HEIC,IMG_9460.HEIC,"63 deg 31' 58.90"" N","19 deg 30' 23.96"" W",North,West,2026:05:09 20:33:25
C:/Projects/iceland_trip/photos/Iceland Trip/IMG_9460.MP4,IMG_9460.MP4,"63 deg 31' 58.80"" N","19 deg 30' 24.12"" W",,,
C:/Projects/iceland_trip/photos/Iceland Trip/IMG_9461.HEIC,IMG_9461.HEIC,"63 deg 31' 58.90"" N","19 deg 30' 23.96"" W",North,West,2026:05:09 20:33:26
C:/Projects/iceland_trip/photos/Iceland Trip/IMG_9461.MP4,IMG_9461.MP4,"63 deg 31' 58.80"" N","19 deg 30' 24.12"" W",,,
C:/Projects/iceland_trip/photos/Iceland Trip/IMG_9462.HEIC,IMG_9462.HEIC,"63 deg 31' 59.50"" N","19 deg 30' 23.44"" W",North,West,2026:05:09 20:33:46
C:/Projects/iceland_trip/photos/Iceland Trip/IMG_9462.MP4,IMG_9462.MP4,"63 deg 31' 59.52"" N","19 deg 30' 23.40"" W",,,
C:/Projects/iceland_trip/photos/Iceland Trip/IMG_9463.HEIC,IMG_9463.HEIC,"63 deg 31' 59.48"" N","19 deg 30' 23.44"" W",North,West,2026:05:09 20:33:47
C:/Projects/iceland_trip/photos/Iceland Trip/IMG_9463.MP4,IMG_9463.MP4,"63 deg 31' 59.52"" N","19 deg 30' 23.40"" W",,,
C:/Projects/iceland_trip/photos/Iceland Trip/IMG_9464.HEIC,IMG_9464.HEIC,"63 deg 31' 59.56"" N","19 deg 30' 23.31"" W",North,West,2026:05:09 20:33:52
C:/Projects/iceland_trip/photos/Iceland Trip/IMG_9464.MP4,IMG_9464.MP4,"63 deg 31' 59.52"" N","19 deg 30' 23.40"" W",,,
C:/Projects/iceland_trip/photos/Iceland Trip/IMG_9465.HEIC,IMG_9465.HEIC,"63 deg 31' 59.56"" N","19 deg 30' 23.31"" W",North,West,2026:05:09 20:33:52
C:/Projects/iceland_trip/photos/Iceland Trip/IMG_9465.MP4,IMG_9465.MP4,"63 deg 31' 59.52"" N","19 deg 30' 23.40"" W",,,
C:/Projects/iceland_trip/photos/Iceland Trip/IMG_9466.HEIC,IMG_9466.HEIC,"63 deg 32' 0.20"" N","19 deg 30' 20.78"" W",North,West,2026:05:09 20:34:29
C:/Projects/iceland_trip/photos/Iceland Trip/IMG_9466.MP4,IMG_9466.MP4,"63 deg 32' 0.24"" N","19 deg 30' 20.88"" W",,,
C:/Projects/iceland_trip/photos/Iceland Trip/IMG_9467.HEIC,IMG_9467.HEIC,"63 deg 32' 0.22"" N","19 deg 30' 20.78"" W",North,West,2026:05:09 20:34:29
C:/Projects/iceland_trip/photos/Iceland Trip/IMG_9467.MP4,IMG_9467.MP4,"63 deg 32' 0.24"" N","19 deg 30' 20.88"" W",,,
C:/Projects/iceland_trip/photos/Iceland Trip/IMG_9468.HEIC,IMG_9468.HEIC,"63 deg 32' 0.23"" N","19 deg 30' 20.80"" W",North,West,2026:05:09 20:34:31
C:/Projects/iceland_trip/photos/Iceland Trip/IMG_9468.MP4,IMG_9468.MP4,"63 deg 32' 0.24"" N","19 deg 30' 20.88"" W",,,
C:/Projects/iceland_trip/photos/Iceland Trip/IMG_9469.HEIC,IMG_9469.HEIC,"63 deg 32' 0.23"" N","19 deg 30' 20.79"" W",North,West,2026:05:09 20:34:31
C:/Projects/iceland_trip/photos/Iceland Trip/IMG_9469.MP4,IMG_9469.MP4,"63 deg 32' 0.24"" N","19 deg 30' 20.88"" W",,,
C:/Projects/iceland_trip/photos/Iceland Trip/IMG_9470.HEIC,IMG_9470.HEIC,"63 deg 32' 0.59"" N","19 deg 30' 18.98"" W",North,West,2026:05:09 20:34:55
C:/Projects/iceland_trip/photos/Iceland Trip/IMG_9470.MP4,IMG_9470.MP4,"63 deg 32' 0.60"" N","19 deg 30' 19.08"" W",,,
C:/Projects/iceland_trip/photos/Iceland Trip/IMG_9471.HEIC,IMG_9471.HEIC,"63 deg 32' 0.59"" N","19 deg 30' 18.98"" W",North,West,2026:05:09 20:34:56
C:/Projects/iceland_trip/photos/Iceland Trip/IMG_9471.MP4,IMG_9471.MP4,"63 deg 32' 0.60"" N","19 deg 30' 19.08"" W",,,
C:/Projects/iceland_trip/photos/Iceland Trip/IMG_9472.HEIC,IMG_9472.HEIC,"63 deg 32' 1.67"" N","19 deg 30' 17.91"" W",North,West,2026:05:09 20:35:30
C:/Projects/iceland_trip/photos/Iceland Trip/IMG_9472.MP4,IMG_9472.MP4,"63 deg 32' 1.68"" N","19 deg 30' 18.00"" W",,,
C:/Projects/iceland_trip/photos/Iceland Trip/IMG_9473.HEIC,IMG_9473.HEIC,"63 deg 32' 3.38"" N","19 deg 30' 16.64"" W",North,West,2026:05:09 20:36:21
C:/Projects/iceland_trip/photos/Iceland Trip/IMG_9473.MP4,IMG_9473.MP4,"63 deg 32' 3.48"" N","19 deg 30' 16.56"" W",,,
C:/Projects/iceland_trip/photos/Iceland Trip/IMG_9474.HEIC,IMG_9474.HEIC,"63 deg 32' 3.36"" N","19 deg 30' 16.62"" W",North,West,2026:05:09 20:36:22
C:/Projects/iceland_trip/photos/Iceland Trip/IMG_9474.MP4,IMG_9474.MP4,"63 deg 32' 3.48"" N","19 deg 30' 16.56"" W",,,
C:/Projects/iceland_trip/photos/Iceland Trip/IMG_9475.HEIC,IMG_9475.HEIC,"63 deg 32' 4.42"" N","19 deg 30' 16.76"" W",North,West,2026:05:09 20:36:54
C:/Projects/iceland_trip/photos/Iceland Trip/IMG_9475.MP4,IMG_9475.MP4,"63 deg 32' 4.56"" N","19 deg 30' 16.92"" W",,,
C:/Projects/iceland_trip/photos/Iceland Trip/IMG_9476.HEIC,IMG_9476.HEIC,"63 deg 32' 5.40"" N","19 deg 30' 15.61"" W",North,West,2026:05:09 20:37:24
C:/Projects/iceland_trip/photos/Iceland Trip/IMG_9476.MP4,IMG_9476.MP4,"63 deg 32' 5.28"" N","19 deg 30' 15.48"" W",,,
C:/Projects/iceland_trip/photos/Iceland Trip/IMG_9477.HEIC,IMG_9477.HEIC,"63 deg 32' 5.37"" N","19 deg 30' 15.56"" W",North,West,2026:05:09 20:37:26
C:/Projects/iceland_trip/photos/Iceland Trip/IMG_9477.MP4,IMG_9477.MP4,"63 deg 32' 5.28"" N","19 deg 30' 15.48"" W",,,
C:/Projects/iceland_trip/photos/Iceland Trip/IMG_9478.HEIC,IMG_9478.HEIC,"63 deg 32' 5.37"" N","19 deg 30' 15.56"" W",North,West,2026:05:09 20:37:28
C:/Projects/iceland_trip/photos/Iceland Trip/IMG_9478.MP4,IMG_9478.MP4,"63 deg 32' 5.28"" N","19 deg 30' 15.48"" W",,,
C:/Projects/iceland_trip/photos/Iceland Trip/IMG_9479.HEIC,IMG_9479.HEIC,"63 deg 32' 6.25"" N","19 deg 30' 15.79"" W",North,West,2026:05:09 20:38:01
C:/Projects/iceland_trip/photos/Iceland Trip/IMG_9479.MP4,IMG_9479.MP4,"63 deg 32' 6.36"" N","19 deg 30' 15.84"" W",,,
C:/Projects/iceland_trip/photos/Iceland Trip/IMG_9480.HEIC,IMG_9480.HEIC,"63 deg 32' 6.40"" N","19 deg 30' 15.15"" W",North,West,2026:05:09 20:38:16
C:/Projects/iceland_trip/photos/Iceland Trip/IMG_9480.MP4,IMG_9480.MP4,"63 deg 32' 6.36"" N","19 deg 30' 15.12"" W",,,
C:/Projects/iceland_trip/photos/Iceland Trip/IMG_9481.HEIC,IMG_9481.HEIC,"63 deg 32' 6.82"" N","19 deg 30' 12.83"" W",North,West,2026:05:09 20:38:48
C:/Projects/iceland_trip/photos/Iceland Trip/IMG_9481.MP4,IMG_9481.MP4,"63 deg 32' 6.72"" N","19 deg 30' 12.96"" W",,,
C:/Projects/iceland_trip/photos/Iceland Trip/IMG_9482.HEIC,IMG_9482.HEIC,"63 deg 32' 6.82"" N","19 deg 30' 12.85"" W",North,West,2026:05:09 20:38:49
C:/Projects/iceland_trip/photos/Iceland Trip/IMG_9482.MP4,IMG_9482.MP4,"63 deg 32' 6.72"" N","19 deg 30' 12.96"" W",,,
C:/Projects/iceland_trip/photos/Iceland Trip/IMG_9483.HEIC,IMG_9483.HEIC,"63 deg 32' 6.82"" N","19 deg 30' 12.64"" W",North,West,2026:05:09 20:38:59
C:/Projects/iceland_trip/photos/Iceland Trip/IMG_9483.MP4,IMG_9483.MP4,"63 deg 32' 6.72"" N","19 deg 30' 12.60"" W",,,
C:/Projects/iceland_trip/photos/Iceland Trip/IMG_9484.HEIC,IMG_9484.HEIC,"63 deg 32' 6.82"" N","19 deg 30' 12.64"" W",North,West,2026:05:09 20:39:00
C:/Projects/iceland_trip/photos/Iceland Trip/IMG_9484.MP4,IMG_9484.MP4,"63 deg 32' 6.72"" N","19 deg 30' 12.60"" W",,,
C:/Projects/iceland_trip/photos/Iceland Trip/IMG_9485.HEIC,IMG_9485.HEIC,"63 deg 32' 6.84"" N","19 deg 30' 12.60"" W",North,West,2026:05:09 20:39:08
C:/Projects/iceland_trip/photos/Iceland Trip/IMG_9485.MP4,IMG_9485.MP4,"63 deg 32' 6.72"" N","19 deg 30' 12.60"" W",,,
C:/Projects/iceland_trip/photos/Iceland Trip/IMG_9486.HEIC,IMG_9486.HEIC,"63 deg 32' 6.73"" N","19 deg 30' 12.19"" W",North,West,2026:05:09 20:39:20
C:/Projects/iceland_trip/photos/Iceland Trip/IMG_9486.MP4,IMG_9486.MP4,"63 deg 32' 6.72"" N","19 deg 30' 12.24"" W",,,
C:/Projects/iceland_trip/photos/Iceland Trip/IMG_9487.HEIC,IMG_9487.HEIC,"63 deg 32' 6.62"" N","19 deg 30' 12.11"" W",North,West,2026:05:09 20:39:27
C:/Projects/iceland_trip/photos/Iceland Trip/IMG_9487.MP4,IMG_9487.MP4,"63 deg 32' 6.72"" N","19 deg 30' 12.24"" W",,,
C:/Projects/iceland_trip/photos/Iceland Trip/IMG_9488.HEIC,IMG_9488.HEIC,"63 deg 32' 6.55"" N","19 deg 30' 10.55"" W",North,West,2026:05:09 20:39:50
C:/Projects/iceland_trip/photos/Iceland Trip/IMG_9488.MP4,IMG_9488.MP4,"63 deg 32' 6.72"" N","19 deg 30' 10.44"" W",,,
C:/Projects/iceland_trip/photos/Iceland Trip/IMG_9489.HEIC,IMG_9489.HEIC,"63 deg 32' 6.41"" N","19 deg 30' 10.03"" W",North,West,2026:05:09 20:40:04
C:/Projects/iceland_trip/photos/Iceland Trip/IMG_9489.MP4,IMG_9489.MP4,"63 deg 32' 6.36"" N","19 deg 30' 10.08"" W",,,
C:/Projects/iceland_trip/photos/Iceland Trip/IMG_9490.HEIC,IMG_9490.HEIC,"63 deg 32' 6.41"" N","19 deg 30' 9.15"" W",North,West,2026:05:09 20:40:20
C:/Projects/iceland_trip/photos/Iceland Trip/IMG_9490.MP4,IMG_9490.MP4,"63 deg 32' 6.36"" N","19 deg 30' 9.00"" W",,,
C:/Projects/iceland_trip/photos/Iceland Trip/IMG_9491.HEIC,IMG_9491.HEIC,"63 deg 32' 6.37"" N","19 deg 30' 8.99"" W",North,West,2026:05:09 20:40:31
C:/Projects/iceland_trip/photos/Iceland Trip/IMG_9491.MP4,IMG_9491.MP4,"63 deg 32' 6.36"" N","19 deg 30' 9.00"" W",,,
C:/Projects/iceland_trip/photos/Iceland Trip/IMG_9492.HEIC,IMG_9492.HEIC,"63 deg 32' 6.38"" N","19 deg 30' 8.99"" W",North,West,2026:05:09 20:40:33
C:/Projects/iceland_trip/photos/Iceland Trip/IMG_9492.MP4,IMG_9492.MP4,"63 deg 32' 6.36"" N","19 deg 30' 9.00"" W",,,
C:/Projects/iceland_trip/photos/Iceland Trip/IMG_9493.HEIC,IMG_9493.HEIC,"63 deg 32' 6.33"" N","19 deg 30' 7.80"" W",North,West,2026:05:09 20:40:55
C:/Projects/iceland_trip/photos/Iceland Trip/IMG_9493.MP4,IMG_9493.MP4,"63 deg 32' 6.36"" N","19 deg 30' 7.92"" W",,,
C:/Projects/iceland_trip/photos/Iceland Trip/IMG_9494.HEIC,IMG_9494.HEIC,"63 deg 32' 6.66"" N","19 deg 30' 6.84"" W",North,West,2026:05:09 20:41:17
C:/Projects/iceland_trip/photos/Iceland Trip/IMG_9494.MP4,IMG_9494.MP4,"63 deg 32' 6.72"" N","19 deg 30' 6.84"" W",,,
C:/Projects/iceland_trip/photos/Iceland Trip/IMG_9495.HEIC,IMG_9495.HEIC,"63 deg 32' 6.71"" N","19 deg 30' 6.91"" W",North,West,2026:05:09 20:41:23
C:/Projects/iceland_trip/photos/Iceland Trip/IMG_9495.MP4,IMG_9495.MP4,"63 deg 32' 6.72"" N","19 deg 30' 6.84"" W",,,
C:/Projects/iceland_trip/photos/Iceland Trip/IMG_9496.HEIC,IMG_9496.HEIC,"63 deg 32' 6.71"" N","19 deg 30' 6.92"" W",North,West,2026:05:09 20:41:25
C:/Projects/iceland_trip/photos/Iceland Trip/IMG_9496.MP4,IMG_9496.MP4,"63 deg 32' 6.72"" N","19 deg 30' 6.84"" W",,,
C:/Projects/iceland_trip/photos/Iceland Trip/IMG_9497.HEIC,IMG_9497.HEIC,"63 deg 32' 6.71"" N","19 deg 30' 6.91"" W",North,West,2026:05:09 20:41:27
C:/Projects/iceland_trip/photos/Iceland Trip/IMG_9497.MP4,IMG_9497.MP4,"63 deg 32' 6.72"" N","19 deg 30' 6.84"" W",,,
C:/Projects/iceland_trip/photos/Iceland Trip/IMG_9498.HEIC,IMG_9498.HEIC,"63 deg 32' 6.75"" N","19 deg 30' 6.42"" W",North,West,2026:05:09 20:41:48
C:/Projects/iceland_trip/photos/Iceland Trip/IMG_9498.MP4,IMG_9498.MP4,"63 deg 32' 6.72"" N","19 deg 30' 6.48"" W",,,
C:/Projects/iceland_trip/photos/Iceland Trip/IMG_9499.HEIC,IMG_9499.HEIC,"63 deg 32' 6.75"" N","19 deg 30' 6.42"" W",North,West,2026:05:09 20:41:49
C:/Projects/iceland_trip/photos/Iceland Trip/IMG_9499.MP4,IMG_9499.MP4,"63 deg 32' 6.72"" N","19 deg 30' 6.48"" W",,,
C:/Projects/iceland_trip/photos/Iceland Trip/IMG_9500.HEIC,IMG_9500.HEIC,"63 deg 32' 7.83"" N","19 deg 30' 5.05"" W",North,West,2026:05:09 20:43:08
C:/Projects/iceland_trip/photos/Iceland Trip/IMG_9500.MP4,IMG_9500.MP4,"63 deg 32' 7.80"" N","19 deg 30' 5.04"" W",,,
C:/Projects/iceland_trip/photos/Iceland Trip/IMG_9501.HEIC,IMG_9501.HEIC,"63 deg 32' 8.70"" N","19 deg 30' 3.51"" W",North,West,2026:05:09 20:43:47
C:/Projects/iceland_trip/photos/Iceland Trip/IMG_9501.MP4,IMG_9501.MP4,"63 deg 32' 8.52"" N","19 deg 30' 3.60"" W",,,
C:/Projects/iceland_trip/photos/Iceland Trip/IMG_9502.HEIC,IMG_9502.HEIC,"63 deg 32' 9.38"" N","19 deg 30' 2.86"" W",North,West,2026:05:09 20:44:18
C:/Projects/iceland_trip/photos/Iceland Trip/IMG_9502.MP4,IMG_9502.MP4,"63 deg 32' 9.24"" N","19 deg 30' 2.88"" W",,,
C:/Projects/iceland_trip/photos/Iceland Trip/IMG_9503.HEIC,IMG_9503.HEIC,"63 deg 32' 9.38"" N","19 deg 30' 2.87"" W",North,West,2026:05:09 20:44:19
C:/Projects/iceland_trip/photos/Iceland Trip/IMG_9503.MP4,IMG_9503.MP4,"63 deg 32' 9.24"" N","19 deg 30' 2.88"" W",,,
C:/Projects/iceland_trip/photos/Iceland Trip/IMG_9504.HEIC,IMG_9504.HEIC,"63 deg 32' 9.38"" N","19 deg 30' 2.86"" W",North,West,2026:05:09 20:44:21
C:/Projects/iceland_trip/photos/Iceland Trip/IMG_9504.MP4,IMG_9504.MP4,"63 deg 32' 9.24"" N","19 deg 30' 2.88"" W",,,
C:/Projects/iceland_trip/photos/Iceland Trip/IMG_9505.HEIC,IMG_9505.HEIC,"63 deg 32' 9.38"" N","19 deg 30' 2.88"" W",North,West,2026:05:09 20:44:24
C:/Projects/iceland_trip/photos/Iceland Trip/IMG_9505.MP4,IMG_9505.MP4,"63 deg 32' 9.24"" N","19 deg 30' 2.88"" W",,,
C:/Projects/iceland_trip/photos/Iceland Trip/IMG_9506.HEIC,IMG_9506.HEIC,"63 deg 32' 9.91"" N","19 deg 30' 2.64"" W",North,West,2026:05:09 20:44:48
C:/Projects/iceland_trip/photos/Iceland Trip/IMG_9506.MP4,IMG_9506.MP4,"63 deg 32' 9.96"" N","19 deg 30' 2.52"" W",,,
C:/Projects/iceland_trip/photos/Iceland Trip/IMG_9507.HEIC,IMG_9507.HEIC,"63 deg 32' 9.90"" N","19 deg 30' 2.64"" W",North,West,2026:05:09 20:44:51
C:/Projects/iceland_trip/photos/Iceland Trip/IMG_9507.MP4,IMG_9507.MP4,"63 deg 32' 9.96"" N","19 deg 30' 2.52"" W",,,
C:/Projects/iceland_trip/photos/Iceland Trip/IMG_9508.HEIC,IMG_9508.HEIC,"63 deg 32' 9.90"" N","19 deg 30' 2.65"" W",North,West,2026:05:09 20:44:56
C:/Projects/iceland_trip/photos/Iceland Trip/IMG_9508.MP4,IMG_9508.MP4,"63 deg 32' 9.96"" N","19 deg 30' 2.52"" W",,,
C:/Projects/iceland_trip/photos/Iceland Trip/IMG_9509.HEIC,IMG_9509.HEIC,"63 deg 32' 10.31"" N","19 deg 30' 2.34"" W",North,West,2026:05:09 20:45:28
C:/Projects/iceland_trip/photos/Iceland Trip/IMG_9509.MP4,IMG_9509.MP4,"63 deg 32' 10.32"" N","19 deg 30' 2.52"" W",,,
C:/Projects/iceland_trip/photos/Iceland Trip/IMG_9510.HEIC,IMG_9510.HEIC,"63 deg 32' 10.31"" N","19 deg 30' 2.37"" W",North,West,2026:05:09 20:45:31
C:/Projects/iceland_trip/photos/Iceland Trip/IMG_9510.MP4,IMG_9510.MP4,"63 deg 32' 10.32"" N","19 deg 30' 2.52"" W",,,
C:/Projects/iceland_trip/photos/Iceland Trip/IMG_9511.HEIC,IMG_9511.HEIC,"63 deg 32' 10.31"" N","19 deg 30' 2.37"" W",North,West,2026:05:09 20:45:32
C:/Projects/iceland_trip/photos/Iceland Trip/IMG_9511.MP4,IMG_9511.MP4,"63 deg 32' 10.32"" N","19 deg 30' 2.52"" W",,,
C:/Projects/iceland_trip/photos/Iceland Trip/IMG_9512.HEIC,IMG_9512.HEIC,"63 deg 32' 10.31"" N","19 deg 30' 2.37"" W",North,West,2026:05:09 20:45:33
C:/Projects/iceland_trip/photos/Iceland Trip/IMG_9512.MP4,IMG_9512.MP4,"63 deg 32' 10.32"" N","19 deg 30' 2.52"" W",,,
C:/Projects/iceland_trip/photos/Iceland Trip/IMG_9513.HEIC,IMG_9513.HEIC,"63 deg 32' 10.87"" N","19 deg 30' 1.54"" W",North,West,2026:05:09 20:45:59
C:/Projects/iceland_trip/photos/Iceland Trip/IMG_9513.MP4,IMG_9513.MP4,"63 deg 32' 11.04"" N","19 deg 30' 1.44"" W",,,
C:/Projects/iceland_trip/photos/Iceland Trip/IMG_9514.HEIC,IMG_9514.HEIC,"63 deg 32' 10.86"" N","19 deg 30' 1.55"" W",North,West,2026:05:09 20:46:02
C:/Projects/iceland_trip/photos/Iceland Trip/IMG_9514.MP4,IMG_9514.MP4,"63 deg 32' 10.68"" N","19 deg 30' 1.44"" W",,,
C:/Projects/iceland_trip/photos/Iceland Trip/IMG_9515.HEIC,IMG_9515.HEIC,"63 deg 32' 10.86"" N","19 deg 30' 1.55"" W",North,West,2026:05:09 20:46:03
C:/Projects/iceland_trip/photos/Iceland Trip/IMG_9515.MP4,IMG_9515.MP4,"63 deg 32' 10.68"" N","19 deg 30' 1.44"" W",,,
C:/Projects/iceland_trip/photos/Iceland Trip/IMG_9516.HEIC,IMG_9516.HEIC,"63 deg 32' 11.30"" N","19 deg 30' 1.19"" W",North,West,2026:05:09 20:46:27
C:/Projects/iceland_trip/photos/Iceland Trip/IMG_9516.MP4,IMG_9516.MP4,"63 deg 32' 11.40"" N","19 deg 30' 1.08"" W",,,
C:/Projects/iceland_trip/photos/Iceland Trip/IMG_9517.HEIC,IMG_9517.HEIC,"63 deg 32' 11.29"" N","19 deg 30' 1.22"" W",North,West,2026:05:09 20:46:30
C:/Projects/iceland_trip/photos/Iceland Trip/IMG_9517.MP4,IMG_9517.MP4,"63 deg 32' 11.40"" N","19 deg 30' 1.08"" W",,,
C:/Projects/iceland_trip/photos/Iceland Trip/IMG_9518.HEIC,IMG_9518.HEIC,"63 deg 32' 11.30"" N","19 deg 30' 1.22"" W",North,West,2026:05:09 20:46:34
C:/Projects/iceland_trip/photos/Iceland Trip/IMG_9518.MP4,IMG_9518.MP4,"63 deg 32' 11.40"" N","19 deg 30' 1.08"" W",,,
C:/Projects/iceland_trip/photos/Iceland Trip/IMG_9519.HEIC,IMG_9519.HEIC,"63 deg 32' 12.08"" N","19 deg 30' 0.24"" W",North,West,2026:05:09 20:47:20
C:/Projects/iceland_trip/photos/Iceland Trip/IMG_9519.MP4,IMG_9519.MP4,"63 deg 32' 12.12"" N","19 deg 30' 0.36"" W",,,
C:/Projects/iceland_trip/photos/Iceland Trip/IMG_9520.HEIC,IMG_9520.HEIC,"63 deg 32' 12.07"" N","19 deg 30' 0.25"" W",North,West,2026:05:09 20:47:23
C:/Projects/iceland_trip/photos/Iceland Trip/IMG_9520.MP4,IMG_9520.MP4,"63 deg 32' 12.12"" N","19 deg 30' 0.36"" W",,,
C:/Projects/iceland_trip/photos/Iceland Trip/IMG_9521.HEIC,IMG_9521.HEIC,"63 deg 32' 12.08"" N","19 deg 30' 0.32"" W",North,West,2026:05:09 20:47:29
C:/Projects/iceland_trip/photos/Iceland Trip/IMG_9521.MP4,IMG_9521.MP4,"63 deg 32' 12.12"" N","19 deg 30' 0.36"" W",,,
C:/Projects/iceland_trip/photos/Iceland Trip/IMG_9522.HEIC,IMG_9522.HEIC,"63 deg 32' 12.08"" N","19 deg 30' 0.32"" W",North,West,2026:05:09 20:47:30
C:/Projects/iceland_trip/photos/Iceland Trip/IMG_9522.MP4,IMG_9522.MP4,"63 deg 32' 12.12"" N","19 deg 30' 0.36"" W",,,
C:/Projects/iceland_trip/photos/Iceland Trip/IMG_9524.HEIC,IMG_9524.HEIC,"63 deg 32' 11.95"" N","19 deg 30' 0.27"" W",North,West,2026:05:09 20:50:16
C:/Projects/iceland_trip/photos/Iceland Trip/IMG_9524.MP4,IMG_9524.MP4,"63 deg 32' 12.12"" N","19 deg 30' 0.36"" W",,,
C:/Projects/iceland_trip/photos/Iceland Trip/IMG_9528.HEIC,IMG_9528.HEIC,"63 deg 32' 12.25"" N","19 deg 29' 59.75"" W",North,West,2026:05:09 20:51:12
C:/Projects/iceland_trip/photos/Iceland Trip/IMG_9528.MP4,IMG_9528.MP4,"63 deg 32' 12.12"" N","19 deg 29' 59.64"" W",,,
C:/Projects/iceland_trip/photos/Iceland Trip/IMG_9529.HEIC,IMG_9529.HEIC,"63 deg 32' 12.65"" N","19 deg 29' 59.65"" W",North,West,2026:05:09 20:51:15
C:/Projects/iceland_trip/photos/Iceland Trip/IMG_9529.MP4,IMG_9529.MP4,"63 deg 32' 12.48"" N","19 deg 29' 59.64"" W",,,
C:/Projects/iceland_trip/photos/Iceland Trip/IMG_9530.HEIC,IMG_9530.HEIC,"63 deg 32' 12.55"" N","19 deg 29' 59.70"" W",North,West,2026:05:09 20:51:16
C:/Projects/iceland_trip/photos/Iceland Trip/IMG_9530.MP4,IMG_9530.MP4,"63 deg 32' 12.48"" N","19 deg 29' 59.64"" W",,,
C:/Projects/iceland_trip/photos/Iceland Trip/IMG_9531.HEIC,IMG_9531.HEIC,"63 deg 32' 12.59"" N","19 deg 29' 59.65"" W",North,West,2026:05:09 20:51:17
C:/Projects/iceland_trip/photos/Iceland Trip/IMG_9531.MP4,IMG_9531.MP4,"63 deg 32' 12.48"" N","19 deg 29' 59.64"" W",,,
C:/Projects/iceland_trip/photos/Iceland Trip/IMG_9532.HEIC,IMG_9532.HEIC,"63 deg 32' 13.44"" N","19 deg 29' 59.83"" W",North,West,2026:05:09 20:51:40
C:/Projects/iceland_trip/photos/Iceland Trip/IMG_9532.MP4,IMG_9532.MP4,"63 deg 32' 13.56"" N","19 deg 30' 0.00"" W",,,
C:/Projects/iceland_trip/photos/Iceland Trip/IMG_9533.HEIC,IMG_9533.HEIC,"63 deg 32' 13.44"" N","19 deg 29' 59.83"" W",North,West,2026:05:09 20:51:41
C:/Projects/iceland_trip/photos/Iceland Trip/IMG_9533.MP4,IMG_9533.MP4,"63 deg 32' 13.56"" N","19 deg 30' 0.00"" W",,,
C:/Projects/iceland_trip/photos/Iceland Trip/IMG_9534.HEIC,IMG_9534.HEIC,"63 deg 32' 13.44"" N","19 deg 29' 59.83"" W",North,West,2026:05:09 20:51:41
C:/Projects/iceland_trip/photos/Iceland Trip/IMG_9534.MP4,IMG_9534.MP4,"63 deg 32' 13.56"" N","19 deg 30' 0.00"" W",,,
C:/Projects/iceland_trip/photos/Iceland Trip/IMG_9535.HEIC,IMG_9535.HEIC,"63 deg 32' 15.09"" N","19 deg 29' 59.09"" W",North,West,2026:05:09 20:52:51
C:/Projects/iceland_trip/photos/Iceland Trip/IMG_9535.MP4,IMG_9535.MP4,"63 deg 32' 15.00"" N","19 deg 29' 58.92"" W",,,
C:/Projects/iceland_trip/photos/Iceland Trip/IMG_9536.HEIC,IMG_9536.HEIC,"63 deg 32' 15.09"" N","19 deg 29' 59.09"" W",North,West,2026:05:09 20:52:53
C:/Projects/iceland_trip/photos/Iceland Trip/IMG_9536.MP4,IMG_9536.MP4,"63 deg 32' 15.00"" N","19 deg 29' 58.92"" W",,,
C:/Projects/iceland_trip/photos/Iceland Trip/IMG_9537.HEIC,IMG_9537.HEIC,"63 deg 32' 15.09"" N","19 deg 29' 59.09"" W",North,West,2026:05:09 20:52:54
C:/Projects/iceland_trip/photos/Iceland Trip/IMG_9537.MP4,IMG_9537.MP4,"63 deg 32' 15.00"" N","19 deg 29' 58.92"" W",,,
C:/Projects/iceland_trip/photos/Iceland Trip/IMG_9538.HEIC,IMG_9538.HEIC,"63 deg 32' 15.09"" N","19 deg 29' 59.09"" W",North,West,2026:05:09 20:52:54
C:/Projects/iceland_trip/photos/Iceland Trip/IMG_9538.MP4,IMG_9538.MP4,"63 deg 32' 15.00"" N","19 deg 29' 58.92"" W",,,
C:/Projects/iceland_trip/photos/Iceland Trip/IMG_9539.HEIC,IMG_9539.HEIC,"63 deg 32' 15.16"" N","19 deg 29' 59.38"" W",North,West,2026:05:09 20:53:10
C:/Projects/iceland_trip/photos/Iceland Trip/IMG_9539.MP4,IMG_9539.MP4,"63 deg 32' 15.00"" N","19 deg 29' 59.28"" W",,,
C:/Projects/iceland_trip/photos/Iceland Trip/IMG_9540.HEIC,IMG_9540.HEIC,"63 deg 32' 15.94"" N","19 deg 30' 0.78"" W",North,West,2026:05:09 20:54:01
C:/Projects/iceland_trip/photos/Iceland Trip/IMG_9540.MP4,IMG_9540.MP4,"63 deg 32' 16.08"" N","19 deg 30' 0.72"" W",,,
C:/Projects/iceland_trip/photos/Iceland Trip/IMG_9541.HEIC,IMG_9541.HEIC,"63 deg 32' 15.93"" N","19 deg 30' 0.81"" W",North,West,2026:05:09 20:54:04
C:/Projects/iceland_trip/photos/Iceland Trip/IMG_9541.MP4,IMG_9541.MP4,"63 deg 32' 16.08"" N","19 deg 30' 0.72"" W",,,
C:/Projects/iceland_trip/photos/Iceland Trip/IMG_9542.HEIC,IMG_9542.HEIC,"63 deg 32' 16.01"" N","19 deg 30' 1.46"" W",North,West,2026:05:09 20:54:21
C:/Projects/iceland_trip/photos/Iceland Trip/IMG_9542.MP4,IMG_9542.MP4,"63 deg 32' 16.08"" N","19 deg 30' 1.44"" W",,,
C:/Projects/iceland_trip/photos/Iceland Trip/IMG_9543.HEIC,IMG_9543.HEIC,"63 deg 32' 16.01"" N","19 deg 30' 1.46"" W",North,West,2026:05:09 20:54:22
C:/Projects/iceland_trip/photos/Iceland Trip/IMG_9543.MP4,IMG_9543.MP4,"63 deg 32' 16.08"" N","19 deg 30' 1.44"" W",,,
C:/Projects/iceland_trip/photos/Iceland Trip/IMG_9544.HEIC,IMG_9544.HEIC,"63 deg 32' 16.02"" N","19 deg 30' 1.60"" W",North,West,2026:05:09 20:54:28
C:/Projects/iceland_trip/photos/Iceland Trip/IMG_9544.MP4,IMG_9544.MP4,"63 deg 32' 16.08"" N","19 deg 30' 1.44"" W",,,
C:/Projects/iceland_trip/photos/Iceland Trip/IMG_9545.HEIC,IMG_9545.HEIC,"63 deg 32' 16.79"" N","19 deg 30' 2.55"" W",North,West,2026:05:09 20:55:01
C:/Projects/iceland_trip/photos/Iceland Trip/IMG_9545.MP4,IMG_9545.MP4,"63 deg 32' 16.80"" N","19 deg 30' 2.52"" W",,,
C:/Projects/iceland_trip/photos/Iceland Trip/IMG_9546.HEIC,IMG_9546.HEIC,"63 deg 32' 19.72"" N","19 deg 30' 6.53"" W",North,West,2026:05:09 20:56:45
C:/Projects/iceland_trip/photos/Iceland Trip/IMG_9546.MP4,IMG_9546.MP4,"63 deg 32' 19.68"" N","19 deg 30' 6.48"" W",,,
C:/Projects/iceland_trip/photos/Iceland Trip/IMG_9547.HEIC,IMG_9547.HEIC,"63 deg 32' 19.70"" N","19 deg 30' 6.61"" W",North,West,2026:05:09 20:56:52
C:/Projects/iceland_trip/photos/Iceland Trip/IMG_9547.MP4,IMG_9547.MP4,"63 deg 32' 19.68"" N","19 deg 30' 6.48"" W",,,
C:/Projects/iceland_trip/photos/Iceland Trip/IMG_9548.HEIC,IMG_9548.HEIC,"63 deg 32' 6.29"" N","19 deg 30' 8.23"" W",North,West,2026:05:09 21:10:23
C:/Projects/iceland_trip/photos/Iceland Trip/IMG_9548.MP4,IMG_9548.MP4,"63 deg 32' 6.36"" N","19 deg 30' 8.28"" W",,,
C:/Projects/iceland_trip/photos/Iceland Trip/IMG_9549.HEIC,IMG_9549.HEIC,"63 deg 32' 6.29"" N","19 deg 30' 8.25"" W",North,West,2026:05:09 21:10:27
C:/Projects/iceland_trip/photos/Iceland Trip/IMG_9549.MP4,IMG_9549.MP4,"63 deg 32' 6.36"" N","19 deg 30' 8.28"" W",,,
C:/Projects/iceland_trip/photos/Iceland Trip/IMG_9597.HEIC,IMG_9597.HEIC,"64 deg 2' 29.88"" N","20 deg 53' 10.08"" W",North,West,2026:05:10 11:37:27
C:/Projects/iceland_trip/photos/Iceland Trip/IMG_9597.MP4,IMG_9597.MP4,"64 deg 2' 29.76"" N","20 deg 53' 9.96"" W",,,
C:/Projects/iceland_trip/photos/Iceland Trip/IMG_9598.HEIC,IMG_9598.HEIC,"64 deg 2' 29.80"" N","20 deg 53' 10.00"" W",North,West,2026:05:10 11:37:30
C:/Projects/iceland_trip/photos/Iceland Trip/IMG_9598.MP4,IMG_9598.MP4,"64 deg 2' 29.76"" N","20 deg 53' 9.96"" W",,,
C:/Projects/iceland_trip/photos/Iceland Trip/IMG_9599.HEIC,IMG_9599.HEIC,"64 deg 2' 29.63"" N","20 deg 53' 9.96"" W",North,West,2026:05:10 11:38:00
C:/Projects/iceland_trip/photos/Iceland Trip/IMG_9599.MP4,IMG_9599.MP4,"64 deg 2' 29.76"" N","20 deg 53' 9.96"" W",,,
C:/Projects/iceland_trip/photos/Iceland Trip/IMG_9600.HEIC,IMG_9600.HEIC,"64 deg 2' 29.63"" N","20 deg 53' 9.91"" W",North,West,2026:05:10 11:38:04
C:/Projects/iceland_trip/photos/Iceland Trip/IMG_9600.MP4,IMG_9600.MP4,"64 deg 2' 29.76"" N","20 deg 53' 9.96"" W",,,
C:/Projects/iceland_trip/photos/Iceland Trip/IMG_9601.HEIC,IMG_9601.HEIC,"64 deg 2' 29.61"" N","20 deg 53' 9.90"" W",North,West,2026:05:10 11:38:07
C:/Projects/iceland_trip/photos/Iceland Trip/IMG_9601.MP4,IMG_9601.MP4,"64 deg 2' 29.76"" N","20 deg 53' 9.96"" W",,,
C:/Projects/iceland_trip/photos/Iceland Trip/IMG_9602.HEIC,IMG_9602.HEIC,"64 deg 2' 28.75"" N","20 deg 53' 11.07"" W",North,West,2026:05:10 11:39:03
C:/Projects/iceland_trip/photos/Iceland Trip/IMG_9602.MP4,IMG_9602.MP4,"64 deg 2' 28.68"" N","20 deg 53' 11.04"" W",,,
C:/Projects/iceland_trip/photos/Iceland Trip/IMG_9603.HEIC,IMG_9603.HEIC,"64 deg 2' 26.83"" N","20 deg 53' 11.91"" W",North,West,2026:05:10 11:40:17
C:/Projects/iceland_trip/photos/Iceland Trip/IMG_9603.MP4,IMG_9603.MP4,"64 deg 2' 26.88"" N","20 deg 53' 11.76"" W",,,
C:/Projects/iceland_trip/photos/Iceland Trip/IMG_9604.HEIC,IMG_9604.HEIC,"64 deg 2' 26.83"" N","20 deg 53' 11.92"" W",North,West,2026:05:10 11:40:19
C:/Projects/iceland_trip/photos/Iceland Trip/IMG_9604.MP4,IMG_9604.MP4,"64 deg 2' 26.88"" N","20 deg 53' 11.76"" W",,,
C:/Projects/iceland_trip/photos/Iceland Trip/IMG_9605.HEIC,IMG_9605.HEIC,"64 deg 2' 26.83"" N","20 deg 53' 11.95"" W",North,West,2026:05:10 11:40:23
C:/Projects/iceland_trip/photos/Iceland Trip/IMG_9605.MP4,IMG_9605.MP4,"64 deg 2' 26.88"" N","20 deg 53' 12.12"" W",,,
C:/Projects/iceland_trip/photos/Iceland Trip/IMG_9606.HEIC,IMG_9606.HEIC,"64 deg 2' 25.27"" N","20 deg 53' 11.19"" W",North,West,2026:05:10 11:41:18
C:/Projects/iceland_trip/photos/Iceland Trip/IMG_9606.MP4,IMG_9606.MP4,"64 deg 2' 25.44"" N","20 deg 53' 11.04"" W",,,
C:/Projects/iceland_trip/photos/Iceland Trip/IMG_9607.HEIC,IMG_9607.HEIC,"64 deg 2' 25.27"" N","20 deg 53' 11.23"" W",North,West,2026:05:10 11:41:21
C:/Projects/iceland_trip/photos/Iceland Trip/IMG_9607.MP4,IMG_9607.MP4,"64 deg 2' 25.44"" N","20 deg 53' 11.40"" W",,,
C:/Projects/iceland_trip/photos/Iceland Trip/IMG_9608.HEIC,IMG_9608.HEIC,"64 deg 2' 25.27"" N","20 deg 53' 11.23"" W",North,West,2026:05:10 11:41:23
C:/Projects/iceland_trip/photos/Iceland Trip/IMG_9608.MP4,IMG_9608.MP4,"64 deg 2' 25.44"" N","20 deg 53' 11.40"" W",,,
C:/Projects/iceland_trip/photos/Iceland Trip/IMG_9609.HEIC,IMG_9609.HEIC,"64 deg 2' 24.00"" N","20 deg 53' 8.88"" W",North,West,2026:05:10 11:42:35
C:/Projects/iceland_trip/photos/Iceland Trip/IMG_9609.MP4,IMG_9609.MP4,"64 deg 2' 24.00"" N","20 deg 53' 8.88"" W",,,
C:/Projects/iceland_trip/photos/Iceland Trip/IMG_9610.HEIC,IMG_9610.HEIC,"64 deg 2' 24.00"" N","20 deg 53' 8.88"" W",North,West,2026:05:10 11:42:36
C:/Projects/iceland_trip/photos/Iceland Trip/IMG_9610.MP4,IMG_9610.MP4,"64 deg 2' 24.00"" N","20 deg 53' 8.88"" W",,,
C:/Projects/iceland_trip/photos/Iceland Trip/IMG_9611.HEIC,IMG_9611.HEIC,"64 deg 2' 23.98"" N","20 deg 53' 8.89"" W",North,West,2026:05:10 11:42:40
C:/Projects/iceland_trip/photos/Iceland Trip/IMG_9611.MP4,IMG_9611.MP4,"64 deg 2' 24.00"" N","20 deg 53' 8.88"" W",,,
C:/Projects/iceland_trip/photos/Iceland Trip/IMG_9612.HEIC,IMG_9612.HEIC,"64 deg 2' 25.18"" N","20 deg 53' 11.26"" W",North,West,2026:05:10 11:44:19
C:/Projects/iceland_trip/photos/Iceland Trip/IMG_9612.MP4,IMG_9612.MP4,"64 deg 2' 25.08"" N","20 deg 53' 11.40"" W",,,
C:/Projects/iceland_trip/photos/Iceland Trip/IMG_9613.HEIC,IMG_9613.HEIC,"64 deg 2' 25.18"" N","20 deg 53' 11.25"" W",North,West,2026:05:10 11:44:30
C:/Projects/iceland_trip/photos/Iceland Trip/IMG_9613.MP4,IMG_9613.MP4,"64 deg 2' 25.08"" N","20 deg 53' 11.40"" W",,,
C:/Projects/iceland_trip/photos/Iceland Trip/IMG_9614.HEIC,IMG_9614.HEIC,"64 deg 2' 25.18"" N","20 deg 53' 11.25"" W",North,West,2026:05:10 11:44:32
C:/Projects/iceland_trip/photos/Iceland Trip/IMG_9614.MP4,IMG_9614.MP4,"64 deg 2' 25.08"" N","20 deg 53' 11.40"" W",,,
C:/Projects/iceland_trip/photos/Iceland Trip/IMG_9615.HEIC,IMG_9615.HEIC,"64 deg 2' 30.60"" N","20 deg 53' 5.06"" W",North,West,2026:05:10 11:48:33
C:/Projects/iceland_trip/photos/Iceland Trip/IMG_9615.MP4,IMG_9615.MP4,"64 deg 2' 30.48"" N","20 deg 53' 4.92"" W",,,
C:/Projects/iceland_trip/photos/Iceland Trip/IMG_9616.HEIC,IMG_9616.HEIC,"64 deg 2' 30.60"" N","20 deg 53' 5.09"" W",North,West,2026:05:10 11:48:34
C:/Projects/iceland_trip/photos/Iceland Trip/IMG_9616.MP4,IMG_9616.MP4,"64 deg 2' 30.48"" N","20 deg 53' 4.92"" W",,,
C:/Projects/iceland_trip/photos/Iceland Trip/IMG_9617.HEIC,IMG_9617.HEIC,"64 deg 2' 30.54"" N","20 deg 53' 5.05"" W",North,West,2026:05:10 11:48:35
C:/Projects/iceland_trip/photos/Iceland Trip/IMG_9617.MP4,IMG_9617.MP4,"64 deg 2' 30.48"" N","20 deg 53' 4.92"" W",,,
C:/Projects/iceland_trip/photos/Iceland Trip/IMG_9618.HEIC,IMG_9618.HEIC,"64 deg 2' 30.38"" N","20 deg 53' 2.72"" W",North,West,2026:05:10 11:49:40
C:/Projects/iceland_trip/photos/Iceland Trip/IMG_9618.MP4,IMG_9618.MP4,"64 deg 2' 30.48"" N","20 deg 53' 2.76"" W",,,
C:/Projects/iceland_trip/photos/Iceland Trip/IMG_9619.HEIC,IMG_9619.HEIC,"64 deg 2' 29.58"" N","20 deg 53' 3.56"" W",North,West,2026:05:10 11:50:46
C:/Projects/iceland_trip/photos/Iceland Trip/IMG_9619.MP4,IMG_9619.MP4,"64 deg 2' 29.40"" N","20 deg 53' 3.48"" W",,,
C:/Projects/iceland_trip/photos/Iceland Trip/IMG_9620.HEIC,IMG_9620.HEIC,"64 deg 2' 29.30"" N","20 deg 53' 3.26"" W",North,West,2026:05:10 11:51:16
C:/Projects/iceland_trip/photos/Iceland Trip/IMG_9620.MP4,IMG_9620.MP4,"64 deg 2' 29.40"" N","20 deg 53' 3.12"" W",,,
C:/Projects/iceland_trip/photos/Iceland Trip/IMG_9621.HEIC,IMG_9621.HEIC,"64 deg 2' 29.22"" N","20 deg 53' 3.51"" W",North,West,2026:05:10 11:51:32
C:/Projects/iceland_trip/photos/Iceland Trip/IMG_9621.MP4,IMG_9621.MP4,"64 deg 2' 29.04"" N","20 deg 53' 3.48"" W",,,
C:/Projects/iceland_trip/photos/Iceland Trip/IMG_9622.HEIC,IMG_9622.HEIC,"64 deg 2' 29.22"" N","20 deg 53' 3.53"" W",North,West,2026:05:10 11:51:34
C:/Projects/iceland_trip/photos/Iceland Trip/IMG_9622.MP4,IMG_9622.MP4,"64 deg 2' 29.04"" N","20 deg 53' 3.48"" W",,,
C:/Projects/iceland_trip/photos/Iceland Trip/IMG_9623.HEIC,IMG_9623.HEIC,"64 deg 2' 29.19"" N","20 deg 53' 3.54"" W",North,West,2026:05:10 11:51:38
C:/Projects/iceland_trip/photos/Iceland Trip/IMG_9623.MP4,IMG_9623.MP4,"64 deg 2' 29.04"" N","20 deg 53' 3.48"" W",,,
C:/Projects/iceland_trip/photos/Iceland Trip/IMG_9624.HEIC,IMG_9624.HEIC,"64 deg 2' 29.19"" N","20 deg 53' 3.53"" W",North,West,2026:05:10 11:51:39
C:/Projects/iceland_trip/photos/Iceland Trip/IMG_9624.MP4,IMG_9624.MP4,"64 deg 2' 29.04"" N","20 deg 53' 3.48"" W",,,
C:/Projects/iceland_trip/photos/Iceland Trip/IMG_9627.HEIC,IMG_9627.HEIC,"63 deg 59' 47.37"" N","21 deg 11' 7.15"" W",North,West,2026:05:10 12:45:25
C:/Projects/iceland_trip/photos/Iceland Trip/IMG_9627.MP4,IMG_9627.MP4,"63 deg 59' 47.40"" N","21 deg 11' 7.08"" W",,,
C:/Projects/iceland_trip/photos/Iceland Trip/IMG_9632.HEIC,IMG_9632.HEIC,"63 deg 32' 42.31"" N","19 deg 36' 35.81"" W",North,West,2026:05:10 18:20:14
C:/Projects/iceland_trip/photos/Iceland Trip/IMG_9632.MP4,IMG_9632.MP4,"63 deg 32' 42.36"" N","19 deg 36' 35.64"" W",,,
C:/Projects/iceland_trip/photos/Iceland Trip/IMG_9633.HEIC,IMG_9633.HEIC,"63 deg 32' 42.36"" N","19 deg 36' 35.87"" W",North,West,2026:05:10 18:20:14
C:/Projects/iceland_trip/photos/Iceland Trip/IMG_9633.MP4,IMG_9633.MP4,"63 deg 32' 42.36"" N","19 deg 36' 36.00"" W",,,
C:/Projects/iceland_trip/photos/Iceland Trip/IMG_9634.HEIC,IMG_9634.HEIC,"63 deg 32' 42.35"" N","19 deg 36' 35.90"" W",North,West,2026:05:10 18:20:15
C:/Projects/iceland_trip/photos/Iceland Trip/IMG_9634.MP4,IMG_9634.MP4,"63 deg 32' 42.36"" N","19 deg 36' 36.00"" W",,,
C:/Projects/iceland_trip/photos/Iceland Trip/IMG_9635.HEIC,IMG_9635.HEIC,"63 deg 32' 42.83"" N","19 deg 36' 34.69"" W",North,West,2026:05:10 18:20:42
C:/Projects/iceland_trip/photos/Iceland Trip/IMG_9635.MP4,IMG_9635.MP4,"63 deg 32' 42.72"" N","19 deg 36' 34.56"" W",,,
C:/Projects/iceland_trip/photos/Iceland Trip/IMG_9636.HEIC,IMG_9636.HEIC,"63 deg 32' 42.82"" N","19 deg 36' 34.75"" W",North,West,2026:05:10 18:20:44
C:/Projects/iceland_trip/photos/Iceland Trip/IMG_9636.MP4,IMG_9636.MP4,"63 deg 32' 42.72"" N","19 deg 36' 34.92"" W",,,
C:/Projects/iceland_trip/photos/Iceland Trip/IMG_9637.HEIC,IMG_9637.HEIC,"63 deg 32' 42.91"" N","19 deg 36' 34.44"" W",North,West,2026:05:10 18:20:54
C:/Projects/iceland_trip/photos/Iceland Trip/IMG_9637.MP4,IMG_9637.MP4,"63 deg 32' 43.08"" N","19 deg 36' 34.56"" W",,,
C:/Projects/iceland_trip/photos/Iceland Trip/IMG_9638.HEIC,IMG_9638.HEIC,"63 deg 32' 43.00"" N","19 deg 36' 33.97"" W",North,West,2026:05:10 18:21:11
C:/Projects/iceland_trip/photos/Iceland Trip/IMG_9638.MP4,IMG_9638.MP4,"63 deg 32' 43.08"" N","19 deg 36' 33.84"" W",,,
C:/Projects/iceland_trip/photos/Iceland Trip/IMG_9639.HEIC,IMG_9639.HEIC,"63 deg 32' 42.83"" N","19 deg 36' 34.03"" W",North,West,2026:05:10 18:21:32
C:/Projects/iceland_trip/photos/Iceland Trip/IMG_9639.MP4,IMG_9639.MP4,"63 deg 32' 42.72"" N","19 deg 36' 34.20"" W",,,
C:/Projects/iceland_trip/photos/Iceland Trip/IMG_9640.HEIC,IMG_9640.HEIC,"63 deg 32' 42.84"" N","19 deg 36' 34.02"" W",North,West,2026:05:10 18:21:40
C:/Projects/iceland_trip/photos/Iceland Trip/IMG_9640.MP4,IMG_9640.MP4,"63 deg 32' 42.72"" N","19 deg 36' 33.84"" W",,,
C:/Projects/iceland_trip/photos/Iceland Trip/IMG_9641.HEIC,IMG_9641.HEIC,"63 deg 32' 42.34"" N","19 deg 36' 35.92"" W",North,West,2026:05:10 18:22:19
C:/Projects/iceland_trip/photos/Iceland Trip/IMG_9641.MP4,IMG_9641.MP4,"63 deg 32' 42.36"" N","19 deg 36' 36.00"" W",,,
C:/Projects/iceland_trip/photos/Iceland Trip/IMG_9642.HEIC,IMG_9642.HEIC,"63 deg 29' 53.02"" N","19 deg 23' 52.81"" W",North,West,2026:05:10 18:41:48
C:/Projects/iceland_trip/photos/Iceland Trip/IMG_9642.MP4,IMG_9642.MP4,"63 deg 29' 53.16"" N","19 deg 23' 52.80"" W",,,
C:/Projects/iceland_trip/photos/Iceland Trip/IMG_9643.HEIC,IMG_9643.HEIC,"63 deg 29' 53.02"" N","19 deg 23' 52.81"" W",North,West,2026:05:10 18:42:01
C:/Projects/iceland_trip/photos/Iceland Trip/IMG_9643.MP4,IMG_9643.MP4,"63 deg 29' 53.16"" N","19 deg 23' 52.80"" W",,,
C:/Projects/iceland_trip/photos/Iceland Trip/IMG_9644.HEIC,IMG_9644.HEIC,"63 deg 29' 53.02"" N","19 deg 23' 52.83"" W",North,West,2026:05:10 18:42:03
C:/Projects/iceland_trip/photos/Iceland Trip/IMG_9644.MP4,IMG_9644.MP4,"63 deg 29' 53.16"" N","19 deg 23' 52.80"" W",,,
C:/Projects/iceland_trip/photos/Iceland Trip/IMG_9645.HEIC,IMG_9645.HEIC,"63 deg 29' 53.02"" N","19 deg 23' 52.83"" W",North,West,2026:05:10 18:42:03
C:/Projects/iceland_trip/photos/Iceland Trip/IMG_9645.MP4,IMG_9645.MP4,"63 deg 29' 53.16"" N","19 deg 23' 52.80"" W",,,
C:/Projects/iceland_trip/photos/Iceland Trip/IMG_9646.HEIC,IMG_9646.HEIC,"63 deg 29' 53.04"" N","19 deg 23' 52.80"" W",North,West,2026:05:10 18:42:06
C:/Projects/iceland_trip/photos/Iceland Trip/IMG_9646.MP4,IMG_9646.MP4,"63 deg 29' 53.16"" N","19 deg 23' 52.80"" W",,,
C:/Projects/iceland_trip/photos/Iceland Trip/IMG_9651.HEIC,IMG_9651.HEIC,"63 deg 44' 1.81"" N","18 deg 11' 53.59"" W",North,West,2026:05:11 05:34:12
C:/Projects/iceland_trip/photos/Iceland Trip/IMG_9651.MP4,IMG_9651.MP4,"63 deg 44' 1.68"" N","18 deg 11' 53.52"" W",,,
C:/Projects/iceland_trip/photos/Iceland Trip/IMG_9652.HEIC,IMG_9652.HEIC,"63 deg 44' 1.81"" N","18 deg 11' 53.59"" W",North,West,2026:05:11 05:34:14
C:/Projects/iceland_trip/photos/Iceland Trip/IMG_9652.MP4,IMG_9652.MP4,"63 deg 44' 1.68"" N","18 deg 11' 53.52"" W",,,
C:/Projects/iceland_trip/photos/Iceland Trip/IMG_9653.HEIC,IMG_9653.HEIC,"63 deg 44' 1.80"" N","18 deg 11' 53.60"" W",North,West,2026:05:11 05:34:15
C:/Projects/iceland_trip/photos/Iceland Trip/IMG_9653.MP4,IMG_9653.MP4,"63 deg 44' 1.68"" N","18 deg 11' 53.52"" W",,,
C:/Projects/iceland_trip/photos/Iceland Trip/IMG_9654.HEIC,IMG_9654.HEIC,"63 deg 44' 1.83"" N","18 deg 11' 53.53"" W",North,West,2026:05:11 05:34:17
C:/Projects/iceland_trip/photos/Iceland Trip/IMG_9654.MP4,IMG_9654.MP4,"63 deg 44' 1.68"" N","18 deg 11' 53.52"" W",,,
C:/Projects/iceland_trip/photos/Iceland Trip/IMG_9655.HEIC,IMG_9655.HEIC,"63 deg 44' 1.83"" N","18 deg 11' 53.69"" W",North,West,2026:05:11 05:34:29
C:/Projects/iceland_trip/photos/Iceland Trip/IMG_9655.MP4,IMG_9655.MP4,"63 deg 44' 1.68"" N","18 deg 11' 53.52"" W",,,
C:/Projects/iceland_trip/photos/Iceland Trip/IMG_9656.HEIC,IMG_9656.HEIC,"63 deg 44' 1.53"" N","18 deg 11' 53.41"" W",North,West,2026:05:11 05:34:46
C:/Projects/iceland_trip/photos/Iceland Trip/IMG_9656.MP4,IMG_9656.MP4,"63 deg 44' 1.68"" N","18 deg 11' 53.52"" W",,,
C:/Projects/iceland_trip/photos/Iceland Trip/IMG_9657.HEIC,IMG_9657.HEIC,"63 deg 44' 1.53"" N","18 deg 11' 53.41"" W",North,West,2026:05:11 05:34:49
C:/Projects/iceland_trip/photos/Iceland Trip/IMG_9657.MP4,IMG_9657.MP4,"63 deg 44' 1.68"" N","18 deg 11' 53.52"" W",,,
C:/Projects/iceland_trip/photos/Iceland Trip/IMG_9658.HEIC,IMG_9658.HEIC,"63 deg 44' 1.74"" N","18 deg 11' 53.71"" W",North,West,2026:05:11 05:35:02
C:/Projects/iceland_trip/photos/Iceland Trip/IMG_9658.MP4,IMG_9658.MP4,"63 deg 44' 1.68"" N","18 deg 11' 53.88"" W",,,
C:/Projects/iceland_trip/photos/Iceland Trip/IMG_9659.HEIC,IMG_9659.HEIC,"63 deg 47' 24.17"" N","18 deg 2' 52.53"" W",North,West,2026:05:11 05:57:09
C:/Projects/iceland_trip/photos/Iceland Trip/IMG_9659.MP4,IMG_9659.MP4,"63 deg 47' 24.00"" N","18 deg 2' 52.44"" W",,,
C:/Projects/iceland_trip/photos/Iceland Trip/IMG_9660.HEIC,IMG_9660.HEIC,"63 deg 47' 24.17"" N","18 deg 2' 52.53"" W",North,West,2026:05:11 05:57:09
C:/Projects/iceland_trip/photos/Iceland Trip/IMG_9660.MP4,IMG_9660.MP4,"63 deg 47' 24.00"" N","18 deg 2' 52.44"" W",,,
C:/Projects/iceland_trip/photos/Iceland Trip/IMG_9661.HEIC,IMG_9661.HEIC,"63 deg 47' 23.78"" N","18 deg 2' 53.97"" W",North,West,2026:05:11 05:57:34
C:/Projects/iceland_trip/photos/Iceland Trip/IMG_9661.MP4,IMG_9661.MP4,"63 deg 47' 23.64"" N","18 deg 2' 53.88"" W",,,
C:/Projects/iceland_trip/photos/Iceland Trip/IMG_9676.HEIC,IMG_9676.HEIC,"63 deg 47' 37.16"" N","18 deg 2' 17.62"" W",North,West,2026:05:11 06:21:09
C:/Projects/iceland_trip/photos/Iceland Trip/IMG_9676.MP4,IMG_9676.MP4,"63 deg 47' 37.32"" N","18 deg 2' 17.52"" W",,,
C:/Projects/iceland_trip/photos/Iceland Trip/IMG_9677.HEIC,IMG_9677.HEIC,"63 deg 47' 37.17"" N","18 deg 2' 17.62"" W",North,West,2026:05:11 06:21:10
C:/Projects/iceland_trip/photos/Iceland Trip/IMG_9677.MP4,IMG_9677.MP4,"63 deg 47' 37.32"" N","18 deg 2' 17.52"" W",,,
C:/Projects/iceland_trip/photos/Iceland Trip/IMG_9678.HEIC,IMG_9678.HEIC,"63 deg 47' 36.35"" N","18 deg 2' 16.96"" W",North,West,2026:05:11 06:21:38
C:/Projects/iceland_trip/photos/Iceland Trip/IMG_9678.MP4,IMG_9678.MP4,"63 deg 47' 36.24"" N","18 deg 2' 16.80"" W",,,
C:/Projects/iceland_trip/photos/Iceland Trip/IMG_9679.HEIC,IMG_9679.HEIC,"63 deg 47' 36.36"" N","18 deg 2' 16.97"" W",North,West,2026:05:11 06:21:40
C:/Projects/iceland_trip/photos/Iceland Trip/IMG_9679.MP4,IMG_9679.MP4,"63 deg 47' 36.24"" N","18 deg 2' 16.80"" W",,,
C:/Projects/iceland_trip/photos/Iceland Trip/IMG_9680.HEIC,IMG_9680.HEIC,"63 deg 47' 36.38"" N","18 deg 2' 16.97"" W",North,West,2026:05:11 06:21:43
C:/Projects/iceland_trip/photos/Iceland Trip/IMG_9680.MP4,IMG_9680.MP4,"63 deg 47' 36.24"" N","18 deg 2' 16.80"" W",,,
C:/Projects/iceland_trip/photos/Iceland Trip/IMG_9681.HEIC,IMG_9681.HEIC,"63 deg 47' 34.89"" N","18 deg 2' 16.05"" W",North,West,2026:05:11 06:22:24
C:/Projects/iceland_trip/photos/Iceland Trip/IMG_9681.MP4,IMG_9681.MP4,"63 deg 47' 34.80"" N","18 deg 2' 16.08"" W",,,
C:/Projects/iceland_trip/photos/Iceland Trip/IMG_9682.HEIC,IMG_9682.HEIC,"63 deg 47' 34.89"" N","18 deg 2' 16.05"" W",North,West,2026:05:11 06:22:27
C:/Projects/iceland_trip/photos/Iceland Trip/IMG_9682.MP4,IMG_9682.MP4,"63 deg 47' 34.80"" N","18 deg 2' 16.08"" W",,,
C:/Projects/iceland_trip/photos/Iceland Trip/IMG_9683.HEIC,IMG_9683.HEIC,"63 deg 47' 34.87"" N","18 deg 2' 15.97"" W",North,West,2026:05:11 06:22:33
C:/Projects/iceland_trip/photos/Iceland Trip/IMG_9683.MP4,IMG_9683.MP4,"63 deg 47' 34.80"" N","18 deg 2' 16.08"" W",,,
C:/Projects/iceland_trip/photos/Iceland Trip/IMG_9684.HEIC,IMG_9684.HEIC,"63 deg 47' 34.87"" N","18 deg 2' 15.96"" W",North,West,2026:05:11 06:22:35
C:/Projects/iceland_trip/photos/Iceland Trip/IMG_9684.MP4,IMG_9684.MP4,"63 deg 47' 34.80"" N","18 deg 2' 16.08"" W",,,
C:/Projects/iceland_trip/photos/Iceland Trip/IMG_9685.HEIC,IMG_9685.HEIC,"63 deg 47' 33.19"" N","18 deg 2' 15.15"" W",North,West,2026:05:11 06:23:20
C:/Projects/iceland_trip/photos/Iceland Trip/IMG_9685.MP4,IMG_9685.MP4,"63 deg 47' 33.36"" N","18 deg 2' 15.00"" W",,,
C:/Projects/iceland_trip/photos/Iceland Trip/IMG_9686.HEIC,IMG_9686.HEIC,"63 deg 47' 33.19"" N","18 deg 2' 15.15"" W",North,West,2026:05:11 06:23:21
C:/Projects/iceland_trip/photos/Iceland Trip/IMG_9686.MP4,IMG_9686.MP4,"63 deg 47' 33.36"" N","18 deg 2' 15.00"" W",,,
C:/Projects/iceland_trip/photos/Iceland Trip/IMG_9687.HEIC,IMG_9687.HEIC,"63 deg 47' 32.66"" N","18 deg 2' 14.65"" W",North,West,2026:05:11 06:23:40
C:/Projects/iceland_trip/photos/Iceland Trip/IMG_9687.MP4,IMG_9687.MP4,"63 deg 47' 32.64"" N","18 deg 2' 14.64"" W",,,
C:/Projects/iceland_trip/photos/Iceland Trip/IMG_9688.HEIC,IMG_9688.HEIC,"63 deg 47' 32.66"" N","18 deg 2' 14.66"" W",North,West,2026:05:11 06:23:41
C:/Projects/iceland_trip/photos/Iceland Trip/IMG_9688.MP4,IMG_9688.MP4,"63 deg 47' 32.64"" N","18 deg 2' 14.64"" W",,,
C:/Projects/iceland_trip/photos/Iceland Trip/IMG_9689.HEIC,IMG_9689.HEIC,"63 deg 47' 31.87"" N","18 deg 2' 12.65"" W",North,West,2026:05:11 06:24:12
C:/Projects/iceland_trip/photos/Iceland Trip/IMG_9689.MP4,IMG_9689.MP4,"63 deg 47' 31.92"" N","18 deg 2' 12.48"" W",,,
C:/Projects/iceland_trip/photos/Iceland Trip/IMG_9690.HEIC,IMG_9690.HEIC,"63 deg 47' 31.89"" N","18 deg 2' 12.61"" W",North,West,2026:05:11 06:24:16
C:/Projects/iceland_trip/photos/Iceland Trip/IMG_9690.MP4,IMG_9690.MP4,"63 deg 47' 31.92"" N","18 deg 2' 12.48"" W",,,
C:/Projects/iceland_trip/photos/Iceland Trip/IMG_9691.HEIC,IMG_9691.HEIC,"63 deg 47' 31.89"" N","18 deg 2' 12.60"" W",North,West,2026:05:11 06:24:18
C:/Projects/iceland_trip/photos/Iceland Trip/IMG_9691.MP4,IMG_9691.MP4,"63 deg 47' 31.92"" N","18 deg 2' 12.48"" W",,,
C:/Projects/iceland_trip/photos/Iceland Trip/IMG_9692.HEIC,IMG_9692.HEIC,"63 deg 47' 28.47"" N","18 deg 2' 5.15"" W",North,West,2026:05:11 06:26:23
C:/Projects/iceland_trip/photos/Iceland Trip/IMG_9692.MP4,IMG_9692.MP4,"63 deg 47' 28.32"" N","18 deg 2' 5.28"" W",,,
C:/Projects/iceland_trip/photos/Iceland Trip/IMG_9693.HEIC,IMG_9693.HEIC,"63 deg 47' 26.79"" N","18 deg 2' 2.95"" W",North,West,2026:05:11 06:27:17
C:/Projects/iceland_trip/photos/Iceland Trip/IMG_9693.MP4,IMG_9693.MP4,"63 deg 47' 26.88"" N","18 deg 2' 3.12"" W",,,
C:/Projects/iceland_trip/photos/Iceland Trip/IMG_9694.HEIC,IMG_9694.HEIC,"63 deg 47' 26.75"" N","18 deg 2' 2.99"" W",North,West,2026:05:11 06:27:25
C:/Projects/iceland_trip/photos/Iceland Trip/IMG_9694.MP4,IMG_9694.MP4,"63 deg 47' 26.88"" N","18 deg 2' 3.12"" W",,,
C:/Projects/iceland_trip/photos/Iceland Trip/IMG_9695.HEIC,IMG_9695.HEIC,"63 deg 47' 28.15"" N","18 deg 2' 4.74"" W",North,West,2026:05:11 06:28:17
C:/Projects/iceland_trip/photos/Iceland Trip/IMG_9695.MP4,IMG_9695.MP4,"63 deg 47' 28.32"" N","18 deg 2' 4.92"" W",,,
C:/Projects/iceland_trip/photos/Iceland Trip/IMG_9696.HEIC,IMG_9696.HEIC,"64 deg 2' 38.37"" N","16 deg 10' 32.17"" W",North,West,2026:05:11 08:11:08
C:/Projects/iceland_trip/photos/Iceland Trip/IMG_9696.MP4,IMG_9696.MP4,"64 deg 2' 38.40"" N","16 deg 10' 32.16"" W",,,
C:/Projects/iceland_trip/photos/Iceland Trip/IMG_9697.HEIC,IMG_9697.HEIC,"64 deg 2' 38.34"" N","16 deg 10' 32.15"" W",North,West,2026:05:11 08:11:09
C:/Projects/iceland_trip/photos/Iceland Trip/IMG_9697.MP4,IMG_9697.MP4,"64 deg 2' 38.40"" N","16 deg 10' 32.16"" W",,,
C:/Projects/iceland_trip/photos/Iceland Trip/IMG_9698.HEIC,IMG_9698.HEIC,"64 deg 2' 38.34"" N","16 deg 10' 32.17"" W",North,West,2026:05:11 08:11:10
C:/Projects/iceland_trip/photos/Iceland Trip/IMG_9698.MP4,IMG_9698.MP4,"64 deg 2' 38.40"" N","16 deg 10' 32.16"" W",,,
C:/Projects/iceland_trip/photos/Iceland Trip/IMG_9699.HEIC,IMG_9699.HEIC,"64 deg 2' 38.37"" N","16 deg 10' 32.19"" W",North,West,2026:05:11 08:11:11
C:/Projects/iceland_trip/photos/Iceland Trip/IMG_9699.MP4,IMG_9699.MP4,"64 deg 2' 38.40"" N","16 deg 10' 32.16"" W",,,
C:/Projects/iceland_trip/photos/Iceland Trip/IMG_9700.HEIC,IMG_9700.HEIC,"64 deg 2' 37.74"" N","16 deg 10' 31.92"" W",North,West,2026:05:11 08:11:30
C:/Projects/iceland_trip/photos/Iceland Trip/IMG_9700.MP4,IMG_9700.MP4,"64 deg 2' 37.68"" N","16 deg 10' 31.80"" W",,,
C:/Projects/iceland_trip/photos/Iceland Trip/IMG_9701.HEIC,IMG_9701.HEIC,"64 deg 2' 36.80"" N","16 deg 10' 31.81"" W",North,West,2026:05:11 08:12:01
C:/Projects/iceland_trip/photos/Iceland Trip/IMG_9701.MP4,IMG_9701.MP4,"64 deg 2' 36.96"" N","16 deg 10' 31.80"" W",,,
C:/Projects/iceland_trip/photos/Iceland Trip/IMG_9702.HEIC,IMG_9702.HEIC,"64 deg 2' 35.48"" N","16 deg 10' 33.99"" W",North,West,2026:05:11 08:12:50
C:/Projects/iceland_trip/photos/Iceland Trip/IMG_9702.MP4,IMG_9702.MP4,"64 deg 2' 35.52"" N","16 deg 10' 33.96"" W",,,
C:/Projects/iceland_trip/photos/Iceland Trip/IMG_9703.HEIC,IMG_9703.HEIC,"64 deg 2' 35.48"" N","16 deg 10' 33.99"" W",North,West,2026:05:11 08:12:52
C:/Projects/iceland_trip/photos/Iceland Trip/IMG_9703.MP4,IMG_9703.MP4,"64 deg 2' 35.52"" N","16 deg 10' 33.96"" W",,,
C:/Projects/iceland_trip/photos/Iceland Trip/IMG_9704.HEIC,IMG_9704.HEIC,"64 deg 2' 35.48"" N","16 deg 10' 34.01"" W",North,West,2026:05:11 08:12:55
C:/Projects/iceland_trip/photos/Iceland Trip/IMG_9704.MP4,IMG_9704.MP4,"64 deg 2' 35.52"" N","16 deg 10' 33.96"" W",,,
C:/Projects/iceland_trip/photos/Iceland Trip/IMG_9705.HEIC,IMG_9705.HEIC,"64 deg 2' 35.13"" N","16 deg 10' 40.15"" W",North,West,2026:05:11 08:14:18
C:/Projects/iceland_trip/photos/Iceland Trip/IMG_9705.MP4,IMG_9705.MP4,"64 deg 2' 35.16"" N","16 deg 10' 40.08"" W",,,
C:/Projects/iceland_trip/photos/Iceland Trip/IMG_9706.HEIC,IMG_9706.HEIC,"64 deg 2' 35.13"" N","16 deg 10' 40.15"" W",North,West,2026:05:11 08:14:22
C:/Projects/iceland_trip/photos/Iceland Trip/IMG_9706.MP4,IMG_9706.MP4,"64 deg 2' 35.16"" N","16 deg 10' 40.08"" W",,,
C:/Projects/iceland_trip/photos/Iceland Trip/IMG_9707.HEIC,IMG_9707.HEIC,"64 deg 2' 36.94"" N","16 deg 10' 40.48"" W",North,West,2026:05:11 08:15:34
C:/Projects/iceland_trip/photos/Iceland Trip/IMG_9707.MP4,IMG_9707.MP4,"64 deg 2' 36.96"" N","16 deg 10' 40.44"" W",,,
C:/Projects/iceland_trip/photos/Iceland Trip/IMG_9708.HEIC,IMG_9708.HEIC,"64 deg 2' 36.94"" N","16 deg 10' 40.53"" W",North,West,2026:05:11 08:15:35
C:/Projects/iceland_trip/photos/Iceland Trip/IMG_9708.MP4,IMG_9708.MP4,"64 deg 2' 36.96"" N","16 deg 10' 40.44"" W",,,
C:/Projects/iceland_trip/photos/Iceland Trip/IMG_9709.HEIC,IMG_9709.HEIC,"64 deg 2' 37.85"" N","16 deg 10' 40.26"" W",North,West,2026:05:11 08:16:02
C:/Projects/iceland_trip/photos/Iceland Trip/IMG_9709.MP4,IMG_9709.MP4,"64 deg 2' 37.68"" N","16 deg 10' 40.08"" W",,,
C:/Projects/iceland_trip/photos/Iceland Trip/IMG_9710.HEIC,IMG_9710.HEIC,"64 deg 2' 38.56"" N","16 deg 10' 40.94"" W",North,West,2026:05:11 08:16:28
C:/Projects/iceland_trip/photos/Iceland Trip/IMG_9710.MP4,IMG_9710.MP4,"64 deg 2' 38.40"" N","16 deg 10' 40.80"" W",,,
C:/Projects/iceland_trip/photos/Iceland Trip/IMG_9711.HEIC,IMG_9711.HEIC,"64 deg 2' 38.53"" N","16 deg 10' 40.90"" W",North,West,2026:05:11 08:16:30
C:/Projects/iceland_trip/photos/Iceland Trip/IMG_9711.MP4,IMG_9711.MP4,"64 deg 2' 38.40"" N","16 deg 10' 40.80"" W",,,
C:/Projects/iceland_trip/photos/Iceland Trip/IMG_9712.HEIC,IMG_9712.HEIC,"64 deg 2' 38.53"" N","16 deg 10' 40.90"" W",North,West,2026:05:11 08:16:32
C:/Projects/iceland_trip/photos/Iceland Trip/IMG_9712.MP4,IMG_9712.MP4,"64 deg 2' 38.40"" N","16 deg 10' 40.80"" W",,,
C:/Projects/iceland_trip/photos/Iceland Trip/IMG_9713.HEIC,IMG_9713.HEIC,"64 deg 2' 45.45"" N","16 deg 10' 46.28"" W",North,West,2026:05:11 08:20:00
C:/Projects/iceland_trip/photos/Iceland Trip/IMG_9713.MP4,IMG_9713.MP4,"64 deg 2' 45.60"" N","16 deg 10' 46.20"" W",,,
C:/Projects/iceland_trip/photos/Iceland Trip/IMG_9714.HEIC,IMG_9714.HEIC,"64 deg 2' 45.45"" N","16 deg 10' 46.27"" W",North,West,2026:05:11 08:20:02
C:/Projects/iceland_trip/photos/Iceland Trip/IMG_9714.MP4,IMG_9714.MP4,"64 deg 2' 45.60"" N","16 deg 10' 46.20"" W",,,
C:/Projects/iceland_trip/photos/Iceland Trip/IMG_9715.HEIC,IMG_9715.HEIC,"64 deg 2' 46.80"" N","16 deg 10' 46.93"" W",North,West,2026:05:11 08:20:36
C:/Projects/iceland_trip/photos/Iceland Trip/IMG_9715.MP4,IMG_9715.MP4,"64 deg 2' 46.68"" N","16 deg 10' 46.92"" W",,,
C:/Projects/iceland_trip/photos/Iceland Trip/IMG_9716.HEIC,IMG_9716.HEIC,"64 deg 2' 48.70"" N","16 deg 10' 48.37"" W",North,West,2026:05:11 08:21:25
C:/Projects/iceland_trip/photos/Iceland Trip/IMG_9716.MP4,IMG_9716.MP4,"64 deg 2' 48.84"" N","16 deg 10' 48.36"" W",,,
C:/Projects/iceland_trip/photos/Iceland Trip/IMG_9717.HEIC,IMG_9717.HEIC,"64 deg 2' 51.30"" N","16 deg 10' 50.74"" W",North,West,2026:05:11 08:22:46
C:/Projects/iceland_trip/photos/Iceland Trip/IMG_9717.MP4,IMG_9717.MP4,"64 deg 2' 51.36"" N","16 deg 10' 50.88"" W",,,
C:/Projects/iceland_trip/photos/Iceland Trip/IMG_9718.HEIC,IMG_9718.HEIC,"64 deg 2' 51.30"" N","16 deg 10' 50.73"" W",North,West,2026:05:11 08:22:47
C:/Projects/iceland_trip/photos/Iceland Trip/IMG_9718.MP4,IMG_9718.MP4,"64 deg 2' 51.36"" N","16 deg 10' 50.88"" W",,,
C:/Projects/iceland_trip/photos/Iceland Trip/IMG_9719.HEIC,IMG_9719.HEIC,"64 deg 2' 52.10"" N","16 deg 10' 51.25"" W",North,West,2026:05:11 08:23:19
C:/Projects/iceland_trip/photos/Iceland Trip/IMG_9719.MP4,IMG_9719.MP4,"64 deg 2' 52.08"" N","16 deg 10' 51.24"" W",,,
C:/Projects/iceland_trip/photos/Iceland Trip/IMG_9720.HEIC,IMG_9720.HEIC,"64 deg 2' 52.10"" N","16 deg 10' 51.23"" W",North,West,2026:05:11 08:23:21
C:/Projects/iceland_trip/photos/Iceland Trip/IMG_9720.MP4,IMG_9720.MP4,"64 deg 2' 52.08"" N","16 deg 10' 51.24"" W",,,
C:/Projects/iceland_trip/photos/Iceland Trip/IMG_9721.HEIC,IMG_9721.HEIC,"64 deg 2' 53.34"" N","16 deg 10' 51.25"" W",North,West,2026:05:11 08:23:57
C:/Projects/iceland_trip/photos/Iceland Trip/IMG_9721.MP4,IMG_9721.MP4,"64 deg 2' 53.52"" N","16 deg 10' 51.24"" W",,,
C:/Projects/iceland_trip/photos/Iceland Trip/IMG_9722.HEIC,IMG_9722.HEIC,"64 deg 2' 53.34"" N","16 deg 10' 51.26"" W",North,West,2026:05:11 08:23:59
C:/Projects/iceland_trip/photos/Iceland Trip/IMG_9722.MP4,IMG_9722.MP4,"64 deg 2' 53.52"" N","16 deg 10' 51.24"" W",,,
C:/Projects/iceland_trip/photos/Iceland Trip/IMG_9723.HEIC,IMG_9723.HEIC,"64 deg 2' 53.34"" N","16 deg 10' 51.26"" W",North,West,2026:05:11 08:24:03
C:/Projects/iceland_trip/photos/Iceland Trip/IMG_9723.MP4,IMG_9723.MP4,"64 deg 2' 53.52"" N","16 deg 10' 51.24"" W",,,
C:/Projects/iceland_trip/photos/Iceland Trip/IMG_9724.HEIC,IMG_9724.HEIC,"64 deg 2' 53.34"" N","16 deg 10' 51.26"" W",North,West,2026:05:11 08:24:04
C:/Projects/iceland_trip/photos/Iceland Trip/IMG_9724.MP4,IMG_9724.MP4,"64 deg 2' 53.52"" N","16 deg 10' 51.24"" W",,,
C:/Projects/iceland_trip/photos/Iceland Trip/IMG_9725.HEIC,IMG_9725.HEIC,"64 deg 2' 54.77"" N","16 deg 10' 52.83"" W",North,West,2026:05:11 08:25:19
C:/Projects/iceland_trip/photos/Iceland Trip/IMG_9725.MP4,IMG_9725.MP4,"64 deg 2' 54.60"" N","16 deg 10' 52.68"" W",,,
C:/Projects/iceland_trip/photos/Iceland Trip/IMG_9726.HEIC,IMG_9726.HEIC,"64 deg 2' 54.77"" N","16 deg 10' 52.80"" W",North,West,2026:05:11 08:25:21
C:/Projects/iceland_trip/photos/Iceland Trip/IMG_9726.MP4,IMG_9726.MP4,"64 deg 2' 54.60"" N","16 deg 10' 52.68"" W",,,
C:/Projects/iceland_trip/photos/Iceland Trip/IMG_9727.HEIC,IMG_9727.HEIC,"64 deg 2' 54.77"" N","16 deg 10' 52.79"" W",North,West,2026:05:11 08:25:23
C:/Projects/iceland_trip/photos/Iceland Trip/IMG_9727.MP4,IMG_9727.MP4,"64 deg 2' 54.60"" N","16 deg 10' 52.68"" W",,,
C:/Projects/iceland_trip/photos/Iceland Trip/IMG_9728.HEIC,IMG_9728.HEIC,"64 deg 2' 54.77"" N","16 deg 10' 52.78"" W",North,West,2026:05:11 08:25:24
C:/Projects/iceland_trip/photos/Iceland Trip/IMG_9728.MP4,IMG_9728.MP4,"64 deg 2' 54.60"" N","16 deg 10' 52.68"" W",,,
C:/Projects/iceland_trip/photos/Iceland Trip/IMG_9729.HEIC,IMG_9729.HEIC,"64 deg 2' 54.77"" N","16 deg 10' 52.79"" W",North,West,2026:05:11 08:25:26
C:/Projects/iceland_trip/photos/Iceland Trip/IMG_9729.MP4,IMG_9729.MP4,"64 deg 2' 54.60"" N","16 deg 10' 52.68"" W",,,
C:/Projects/iceland_trip/photos/Iceland Trip/IMG_9730.HEIC,IMG_9730.HEIC,"64 deg 2' 54.74"" N","16 deg 10' 52.59"" W",North,West,2026:05:11 08:25:39
C:/Projects/iceland_trip/photos/Iceland Trip/IMG_9730.MP4,IMG_9730.MP4,"64 deg 2' 54.60"" N","16 deg 10' 52.68"" W",,,
C:/Projects/iceland_trip/photos/Iceland Trip/IMG_9731.HEIC,IMG_9731.HEIC,"64 deg 2' 55.73"" N","16 deg 10' 51.13"" W",North,West,2026:05:11 08:26:30
C:/Projects/iceland_trip/photos/Iceland Trip/IMG_9731.MP4,IMG_9731.MP4,"64 deg 2' 55.68"" N","16 deg 10' 51.24"" W",,,
C:/Projects/iceland_trip/photos/Iceland Trip/IMG_9732.HEIC,IMG_9732.HEIC,"64 deg 2' 56.82"" N","16 deg 10' 51.09"" W",North,West,2026:05:11 08:27:05
C:/Projects/iceland_trip/photos/Iceland Trip/IMG_9732.MP4,IMG_9732.MP4,"64 deg 2' 56.76"" N","16 deg 10' 51.24"" W",,,
C:/Projects/iceland_trip/photos/Iceland Trip/IMG_9733.HEIC,IMG_9733.HEIC,"64 deg 2' 56.82"" N","16 deg 10' 51.08"" W",North,West,2026:05:11 08:27:07
C:/Projects/iceland_trip/photos/Iceland Trip/IMG_9733.MP4,IMG_9733.MP4,"64 deg 2' 56.76"" N","16 deg 10' 51.24"" W",,,
C:/Projects/iceland_trip/photos/Iceland Trip/IMG_9734.HEIC,IMG_9734.HEIC,"64 deg 2' 57.81"" N","16 deg 10' 50.69"" W",North,West,2026:05:11 08:27:38
C:/Projects/iceland_trip/photos/Iceland Trip/IMG_9734.MP4,IMG_9734.MP4,"64 deg 2' 57.84"" N","16 deg 10' 50.52"" W",,,
C:/Projects/iceland_trip/photos/Iceland Trip/IMG_9735.HEIC,IMG_9735.HEIC,"64 deg 2' 57.79"" N","16 deg 10' 50.69"" W",North,West,2026:05:11 08:27:40
C:/Projects/iceland_trip/photos/Iceland Trip/IMG_9735.MP4,IMG_9735.MP4,"64 deg 2' 57.84"" N","16 deg 10' 50.52"" W",,,
C:/Projects/iceland_trip/photos/Iceland Trip/IMG_9736.HEIC,IMG_9736.HEIC,"64 deg 2' 57.79"" N","16 deg 10' 50.71"" W",North,West,2026:05:11 08:27:41
C:/Projects/iceland_trip/photos/Iceland Trip/IMG_9736.MP4,IMG_9736.MP4,"64 deg 2' 57.84"" N","16 deg 10' 50.88"" W",,,
C:/Projects/iceland_trip/photos/Iceland Trip/IMG_9737.HEIC,IMG_9737.HEIC,"64 deg 2' 57.81"" N","16 deg 10' 50.06"" W",North,West,2026:05:11 08:27:50
C:/Projects/iceland_trip/photos/Iceland Trip/IMG_9737.MP4,IMG_9737.MP4,"64 deg 2' 57.84"" N","16 deg 10' 50.16"" W",,,
C:/Projects/iceland_trip/photos/Iceland Trip/IMG_9738.HEIC,IMG_9738.HEIC,"64 deg 2' 58.94"" N","16 deg 10' 49.48"" W",North,West,2026:05:11 08:28:26
C:/Projects/iceland_trip/photos/Iceland Trip/IMG_9738.MP4,IMG_9738.MP4,"64 deg 2' 58.92"" N","16 deg 10' 49.44"" W",,,
C:/Projects/iceland_trip/photos/Iceland Trip/IMG_9739.HEIC,IMG_9739.HEIC,"64 deg 2' 58.94"" N","16 deg 10' 49.46"" W",North,West,2026:05:11 08:28:28
C:/Projects/iceland_trip/photos/Iceland Trip/IMG_9739.MP4,IMG_9739.MP4,"64 deg 2' 58.92"" N","16 deg 10' 49.44"" W",,,
C:/Projects/iceland_trip/photos/Iceland Trip/IMG_9740.HEIC,IMG_9740.HEIC,"64 deg 2' 58.94"" N","16 deg 10' 49.47"" W",North,West,2026:05:11 08:28:29
C:/Projects/iceland_trip/photos/Iceland Trip/IMG_9740.MP4,IMG_9740.MP4,"64 deg 2' 58.92"" N","16 deg 10' 49.44"" W",,,
C:/Projects/iceland_trip/photos/Iceland Trip/IMG_9741.HEIC,IMG_9741.HEIC,"64 deg 2' 58.94"" N","16 deg 10' 49.47"" W",North,West,2026:05:11 08:28:29
C:/Projects/iceland_trip/photos/Iceland Trip/IMG_9741.MP4,IMG_9741.MP4,"64 deg 2' 58.92"" N","16 deg 10' 49.44"" W",,,
C:/Projects/iceland_trip/photos/Iceland Trip/IMG_9742.HEIC,IMG_9742.HEIC,"64 deg 3' 0.18"" N","16 deg 10' 45.96"" W",North,West,2026:05:11 08:29:23
C:/Projects/iceland_trip/photos/Iceland Trip/IMG_9742.MP4,IMG_9742.MP4,"64 deg 3' 0.36"" N","16 deg 10' 45.84"" W",,,
C:/Projects/iceland_trip/photos/Iceland Trip/IMG_9743.HEIC,IMG_9743.HEIC,"64 deg 3' 5.92"" N","16 deg 10' 46.02"" W",North,West,2026:05:11 08:31:48
C:/Projects/iceland_trip/photos/Iceland Trip/IMG_9743.MP4,IMG_9743.MP4,"64 deg 3' 5.76"" N","16 deg 10' 45.84"" W",,,
C:/Projects/iceland_trip/photos/Iceland Trip/IMG_9744.HEIC,IMG_9744.HEIC,"64 deg 3' 5.92"" N","16 deg 10' 45.98"" W",North,West,2026:05:11 08:31:50
C:/Projects/iceland_trip/photos/Iceland Trip/IMG_9744.MP4,IMG_9744.MP4,"64 deg 3' 5.76"" N","16 deg 10' 45.84"" W",,,
C:/Projects/iceland_trip/photos/Iceland Trip/IMG_9745.HEIC,IMG_9745.HEIC,"64 deg 3' 5.89"" N","16 deg 10' 46.00"" W",North,West,2026:05:11 08:31:53
C:/Projects/iceland_trip/photos/Iceland Trip/IMG_9745.MP4,IMG_9745.MP4,"64 deg 3' 5.76"" N","16 deg 10' 45.84"" W",,,
C:/Projects/iceland_trip/photos/Iceland Trip/IMG_9746.HEIC,IMG_9746.HEIC,"64 deg 3' 8.25"" N","16 deg 10' 43.83"" W",North,West,2026:05:11 08:33:15
C:/Projects/iceland_trip/photos/Iceland Trip/IMG_9746.MP4,IMG_9746.MP4,"64 deg 3' 8.28"" N","16 deg 10' 43.68"" W",,,
C:/Projects/iceland_trip/photos/Iceland Trip/IMG_9747.HEIC,IMG_9747.HEIC,"64 deg 3' 8.22"" N","16 deg 10' 43.85"" W",North,West,2026:05:11 08:33:16
C:/Projects/iceland_trip/photos/Iceland Trip/IMG_9747.MP4,IMG_9747.MP4,"64 deg 3' 8.28"" N","16 deg 10' 43.68"" W",,,
C:/Projects/iceland_trip/photos/Iceland Trip/IMG_9748.HEIC,IMG_9748.HEIC,"64 deg 3' 8.20"" N","16 deg 10' 43.83"" W",North,West,2026:05:11 08:33:20
C:/Projects/iceland_trip/photos/Iceland Trip/IMG_9748.MP4,IMG_9748.MP4,"64 deg 3' 8.28"" N","16 deg 10' 43.68"" W",,,
C:/Projects/iceland_trip/photos/Iceland Trip/IMG_9749.HEIC,IMG_9749.HEIC,"64 deg 3' 9.95"" N","16 deg 10' 41.96"" W",North,West,2026:05:11 08:34:09
C:/Projects/iceland_trip/photos/Iceland Trip/IMG_9749.MP4,IMG_9749.MP4,"64 deg 3' 10.08"" N","16 deg 10' 41.88"" W",,,
C:/Projects/iceland_trip/photos/Iceland Trip/IMG_9750.HEIC,IMG_9750.HEIC,"64 deg 3' 9.95"" N","16 deg 10' 41.96"" W",North,West,2026:05:11 08:34:10
C:/Projects/iceland_trip/photos/Iceland Trip/IMG_9750.MP4,IMG_9750.MP4,"64 deg 3' 10.08"" N","16 deg 10' 41.88"" W",,,
C:/Projects/iceland_trip/photos/Iceland Trip/IMG_9751.HEIC,IMG_9751.HEIC,"64 deg 3' 11.02"" N","16 deg 10' 41.16"" W",North,West,2026:05:11 08:35:15
C:/Projects/iceland_trip/photos/Iceland Trip/IMG_9751.MP4,IMG_9751.MP4,"64 deg 3' 11.16"" N","16 deg 10' 41.16"" W",,,
C:/Projects/iceland_trip/photos/Iceland Trip/IMG_9752.HEIC,IMG_9752.HEIC,"64 deg 3' 11.02"" N","16 deg 10' 41.14"" W",North,West,2026:05:11 08:35:17
C:/Projects/iceland_trip/photos/Iceland Trip/IMG_9752.MP4,IMG_9752.MP4,"64 deg 3' 11.16"" N","16 deg 10' 41.16"" W",,,
C:/Projects/iceland_trip/photos/Iceland Trip/IMG_9753.HEIC,IMG_9753.HEIC,"64 deg 3' 12.26"" N","16 deg 10' 39.28"" W",North,West,2026:05:11 08:35:58
C:/Projects/iceland_trip/photos/Iceland Trip/IMG_9753.MP4,IMG_9753.MP4,"64 deg 3' 12.24"" N","16 deg 10' 39.36"" W",,,
C:/Projects/iceland_trip/photos/Iceland Trip/IMG_9755.HEIC,IMG_9755.HEIC,"64 deg 3' 12.23"" N","16 deg 10' 39.32"" W",North,West,2026:05:11 08:35:59
C:/Projects/iceland_trip/photos/Iceland Trip/IMG_9755.MP4,IMG_9755.MP4,"64 deg 3' 12.24"" N","16 deg 10' 39.36"" W",,,
C:/Projects/iceland_trip/photos/Iceland Trip/IMG_9756.HEIC,IMG_9756.HEIC,"64 deg 3' 12.26"" N","16 deg 10' 39.32"" W",North,West,2026:05:11 08:36:00
C:/Projects/iceland_trip/photos/Iceland Trip/IMG_9756.MP4,IMG_9756.MP4,"64 deg 3' 12.24"" N","16 deg 10' 39.36"" W",,,
C:/Projects/iceland_trip/photos/Iceland Trip/IMG_9757.HEIC,IMG_9757.HEIC,"64 deg 3' 12.26"" N","16 deg 10' 39.32"" W",North,West,2026:05:11 08:36:01
C:/Projects/iceland_trip/photos/Iceland Trip/IMG_9757.MP4,IMG_9757.MP4,"64 deg 3' 12.24"" N","16 deg 10' 39.36"" W",,,
C:/Projects/iceland_trip/photos/Iceland Trip/IMG_9758.HEIC,IMG_9758.HEIC,"64 deg 3' 12.76"" N","16 deg 10' 38.42"" W",North,West,2026:05:11 08:36:20
C:/Projects/iceland_trip/photos/Iceland Trip/IMG_9758.MP4,IMG_9758.MP4,"64 deg 3' 12.60"" N","16 deg 10' 38.28"" W",,,
C:/Projects/iceland_trip/photos/Iceland Trip/IMG_9759.HEIC,IMG_9759.HEIC,"64 deg 3' 12.76"" N","16 deg 10' 38.46"" W",North,West,2026:05:11 08:36:25
C:/Projects/iceland_trip/photos/Iceland Trip/IMG_9759.MP4,IMG_9759.MP4,"64 deg 3' 12.60"" N","16 deg 10' 38.28"" W",,,
C:/Projects/iceland_trip/photos/Iceland Trip/IMG_9760.HEIC,IMG_9760.HEIC,"64 deg 3' 15.58"" N","16 deg 10' 35.67"" W",North,West,2026:05:11 08:37:48
C:/Projects/iceland_trip/photos/Iceland Trip/IMG_9760.MP4,IMG_9760.MP4,"64 deg 3' 15.48"" N","16 deg 10' 35.76"" W",,,
C:/Projects/iceland_trip/photos/Iceland Trip/IMG_9761.HEIC,IMG_9761.HEIC,"64 deg 3' 16.19"" N","16 deg 10' 34.72"" W",North,West,2026:05:11 08:38:16
C:/Projects/iceland_trip/photos/Iceland Trip/IMG_9761.MP4,IMG_9761.MP4,"64 deg 3' 16.20"" N","16 deg 10' 34.68"" W",,,
C:/Projects/iceland_trip/photos/Iceland Trip/IMG_9762.HEIC,IMG_9762.HEIC,"64 deg 3' 16.22"" N","16 deg 10' 34.69"" W",North,West,2026:05:11 08:38:18
C:/Projects/iceland_trip/photos/Iceland Trip/IMG_9762.MP4,IMG_9762.MP4,"64 deg 3' 16.20"" N","16 deg 10' 34.68"" W",,,
C:/Projects/iceland_trip/photos/Iceland Trip/IMG_9763.HEIC,IMG_9763.HEIC,"64 deg 3' 16.22"" N","16 deg 10' 34.69"" W",North,West,2026:05:11 08:38:19
C:/Projects/iceland_trip/photos/Iceland Trip/IMG_9763.MP4,IMG_9763.MP4,"64 deg 3' 16.20"" N","16 deg 10' 34.68"" W",,,
C:/Projects/iceland_trip/photos/Iceland Trip/IMG_9764.HEIC,IMG_9764.HEIC,"64 deg 3' 17.12"" N","16 deg 10' 33.29"" W",North,West,2026:05:11 08:39:03
C:/Projects/iceland_trip/photos/Iceland Trip/IMG_9764.MP4,IMG_9764.MP4,"64 deg 3' 17.28"" N","16 deg 10' 33.24"" W",,,
C:/Projects/iceland_trip/photos/Iceland Trip/IMG_9765.HEIC,IMG_9765.HEIC,"64 deg 3' 17.09"" N","16 deg 10' 33.44"" W",North,West,2026:05:11 08:39:20
C:/Projects/iceland_trip/photos/Iceland Trip/IMG_9765.MP4,IMG_9765.MP4,"64 deg 3' 16.92"" N","16 deg 10' 33.60"" W",,,
C:/Projects/iceland_trip/photos/Iceland Trip/IMG_9766.HEIC,IMG_9766.HEIC,"64 deg 3' 17.07"" N","16 deg 10' 33.44"" W",North,West,2026:05:11 08:39:51
C:/Projects/iceland_trip/photos/Iceland Trip/IMG_9766.MP4,IMG_9766.MP4,"64 deg 3' 16.92"" N","16 deg 10' 33.60"" W",,,
C:/Projects/iceland_trip/photos/Iceland Trip/IMG_9767.HEIC,IMG_9767.HEIC,"64 deg 3' 17.07"" N","16 deg 10' 33.44"" W",North,West,2026:05:11 08:39:55
C:/Projects/iceland_trip/photos/Iceland Trip/IMG_9767.MP4,IMG_9767.MP4,"64 deg 3' 16.92"" N","16 deg 10' 33.60"" W",,,
C:/Projects/iceland_trip/photos/Iceland Trip/IMG_9768.HEIC,IMG_9768.HEIC,"64 deg 3' 17.12"" N","16 deg 10' 33.36"" W",North,West,2026:05:11 08:40:05
C:/Projects/iceland_trip/photos/Iceland Trip/IMG_9768.MP4,IMG_9768.MP4,"64 deg 3' 17.28"" N","16 deg 10' 33.24"" W",,,
C:/Projects/iceland_trip/photos/Iceland Trip/IMG_9769.HEIC,IMG_9769.HEIC,"64 deg 3' 17.09"" N","16 deg 10' 33.44"" W",North,West,2026:05:11 08:40:34
C:/Projects/iceland_trip/photos/Iceland Trip/IMG_9769.MP4,IMG_9769.MP4,"64 deg 3' 17.28"" N","16 deg 10' 33.60"" W",,,
C:/Projects/iceland_trip/photos/Iceland Trip/IMG_9770.HEIC,IMG_9770.HEIC,"64 deg 3' 17.09"" N","16 deg 10' 33.36"" W",North,West,2026:05:11 08:41:55
C:/Projects/iceland_trip/photos/Iceland Trip/IMG_9770.MP4,IMG_9770.MP4,"64 deg 3' 16.92"" N","16 deg 10' 33.24"" W",,,
C:/Projects/iceland_trip/photos/Iceland Trip/IMG_9771.HEIC,IMG_9771.HEIC,"64 deg 3' 17.09"" N","16 deg 10' 33.36"" W",North,West,2026:05:11 08:42:05
C:/Projects/iceland_trip/photos/Iceland Trip/IMG_9771.MP4,IMG_9771.MP4,"64 deg 3' 16.92"" N","16 deg 10' 33.24"" W",,,
C:/Projects/iceland_trip/photos/Iceland Trip/IMG_9772.HEIC,IMG_9772.HEIC,"64 deg 3' 17.07"" N","16 deg 10' 33.44"" W",North,West,2026:05:11 08:43:06
C:/Projects/iceland_trip/photos/Iceland Trip/IMG_9772.MP4,IMG_9772.MP4,"64 deg 3' 16.92"" N","16 deg 10' 33.60"" W",,,
C:/Projects/iceland_trip/photos/Iceland Trip/IMG_9773.HEIC,IMG_9773.HEIC,"64 deg 3' 17.09"" N","16 deg 10' 33.39"" W",North,West,2026:05:11 08:43:17
C:/Projects/iceland_trip/photos/Iceland Trip/IMG_9773.MP4,IMG_9773.MP4,"64 deg 3' 16.92"" N","16 deg 10' 33.24"" W",,,
C:/Projects/iceland_trip/photos/Iceland Trip/IMG_9774.HEIC,IMG_9774.HEIC,"64 deg 3' 17.09"" N","16 deg 10' 33.37"" W",North,West,2026:05:11 08:44:02
C:/Projects/iceland_trip/photos/Iceland Trip/IMG_9774.MP4,IMG_9774.MP4,"64 deg 3' 16.92"" N","16 deg 10' 33.24"" W",,,
C:/Projects/iceland_trip/photos/Iceland Trip/IMG_9775.HEIC,IMG_9775.HEIC,"64 deg 3' 17.09"" N","16 deg 10' 33.37"" W",North,West,2026:05:11 08:44:05
C:/Projects/iceland_trip/photos/Iceland Trip/IMG_9775.MP4,IMG_9775.MP4,"64 deg 3' 16.92"" N","16 deg 10' 33.24"" W",,,
C:/Projects/iceland_trip/photos/Iceland Trip/IMG_9776.HEIC,IMG_9776.HEIC,"64 deg 3' 16.41"" N","16 deg 10' 34.34"" W",North,West,2026:05:11 08:45:15
C:/Projects/iceland_trip/photos/Iceland Trip/IMG_9776.MP4,IMG_9776.MP4,"64 deg 3' 16.56"" N","16 deg 10' 34.32"" W",,,
C:/Projects/iceland_trip/photos/Iceland Trip/IMG_9777.HEIC,IMG_9777.HEIC,"64 deg 3' 15.89"" N","16 deg 10' 35.11"" W",North,West,2026:05:11 08:46:05
C:/Projects/iceland_trip/photos/Iceland Trip/IMG_9777.MP4,IMG_9777.MP4,"64 deg 3' 15.84"" N","16 deg 10' 35.04"" W",,,
C:/Projects/iceland_trip/photos/Iceland Trip/IMG_9778.HEIC,IMG_9778.HEIC,"64 deg 3' 8.14"" N","16 deg 10' 43.97"" W",North,West,2026:05:11 08:50:31
C:/Projects/iceland_trip/photos/Iceland Trip/IMG_9778.MP4,IMG_9778.MP4,"64 deg 3' 8.28"" N","16 deg 10' 44.04"" W",,,
C:/Projects/iceland_trip/photos/Iceland Trip/IMG_9779.HEIC,IMG_9779.HEIC,"64 deg 3' 8.14"" N","16 deg 10' 43.94"" W",North,West,2026:05:11 08:50:32
C:/Projects/iceland_trip/photos/Iceland Trip/IMG_9779.MP4,IMG_9779.MP4,"64 deg 3' 8.28"" N","16 deg 10' 44.04"" W",,,
C:/Projects/iceland_trip/photos/Iceland Trip/IMG_9780.HEIC,IMG_9780.HEIC,"64 deg 3' 8.17"" N","16 deg 10' 43.92"" W",North,West,2026:05:11 08:50:35
C:/Projects/iceland_trip/photos/Iceland Trip/IMG_9780.MP4,IMG_9780.MP4,"64 deg 3' 8.28"" N","16 deg 10' 44.04"" W",,,
C:/Projects/iceland_trip/photos/Iceland Trip/IMG_9781.HEIC,IMG_9781.HEIC,"64 deg 3' 8.17"" N","16 deg 10' 43.89"" W",North,West,2026:05:11 08:50:40
C:/Projects/iceland_trip/photos/Iceland Trip/IMG_9781.MP4,IMG_9781.MP4,"64 deg 3' 8.28"" N","16 deg 10' 44.04"" W",,,
C:/Projects/iceland_trip/photos/Iceland Trip/IMG_9782.HEIC,IMG_9782.HEIC,"64 deg 3' 8.11"" N","16 deg 10' 43.98"" W",North,West,2026:05:11 08:50:47
C:/Projects/iceland_trip/photos/Iceland Trip/IMG_9782.MP4,IMG_9782.MP4,"64 deg 3' 8.28"" N","16 deg 10' 44.04"" W",,,
C:/Projects/iceland_trip/photos/Iceland Trip/IMG_9783.HEIC,IMG_9783.HEIC,"64 deg 3' 6.82"" N","16 deg 10' 44.07"" W",North,West,2026:05:11 08:51:19
C:/Projects/iceland_trip/photos/Iceland Trip/IMG_9783.MP4,IMG_9783.MP4,"64 deg 3' 6.84"" N","16 deg 10' 44.04"" W",,,
C:/Projects/iceland_trip/photos/Iceland Trip/IMG_9784.HEIC,IMG_9784.HEIC,"64 deg 2' 47.95"" N","16 deg 10' 37.10"" W",North,West,2026:05:11 09:41:21
C:/Projects/iceland_trip/photos/Iceland Trip/IMG_9784.MP4,IMG_9784.MP4,"64 deg 2' 48.12"" N","16 deg 10' 37.20"" W",,,
C:/Projects/iceland_trip/photos/Iceland Trip/IMG_9785.HEIC,IMG_9785.HEIC,"64 deg 2' 47.95"" N","16 deg 10' 37.09"" W",North,West,2026:05:11 09:41:25
C:/Projects/iceland_trip/photos/Iceland Trip/IMG_9785.MP4,IMG_9785.MP4,"64 deg 2' 48.12"" N","16 deg 10' 37.20"" W",,,
C:/Projects/iceland_trip/photos/Iceland Trip/IMG_9786.HEIC,IMG_9786.HEIC,"64 deg 2' 47.95"" N","16 deg 10' 37.11"" W",North,West,2026:05:11 09:41:26
C:/Projects/iceland_trip/photos/Iceland Trip/IMG_9786.MP4,IMG_9786.MP4,"64 deg 2' 48.12"" N","16 deg 10' 37.20"" W",,,
C:/Projects/iceland_trip/photos/Iceland Trip/IMG_9787.HEIC,IMG_9787.HEIC,"64 deg 2' 47.87"" N","16 deg 10' 36.96"" W",North,West,2026:05:11 09:41:33
C:/Projects/iceland_trip/photos/Iceland Trip/IMG_9787.MP4,IMG_9787.MP4,"64 deg 2' 47.76"" N","16 deg 10' 36.84"" W",,,
C:/Projects/iceland_trip/photos/Iceland Trip/IMG_9788.HEIC,IMG_9788.HEIC,"64 deg 2' 34.96"" N","16 deg 10' 49.97"" W",North,West,2026:05:11 10:17:56
C:/Projects/iceland_trip/photos/Iceland Trip/IMG_9788.MP4,IMG_9788.MP4,"64 deg 2' 34.80"" N","16 deg 10' 49.80"" W",,,
C:/Projects/iceland_trip/photos/Iceland Trip/IMG_9789.HEIC,IMG_9789.HEIC,"64 deg 2' 34.99"" N","16 deg 10' 50.02"" W",North,West,2026:05:11 10:17:58
C:/Projects/iceland_trip/photos/Iceland Trip/IMG_9789.MP4,IMG_9789.MP4,"64 deg 2' 35.16"" N","16 deg 10' 50.16"" W",,,
C:/Projects/iceland_trip/photos/Iceland Trip/IMG_9790.HEIC,IMG_9790.HEIC,"64 deg 2' 34.99"" N","16 deg 10' 50.03"" W",North,West,2026:05:11 10:17:59
C:/Projects/iceland_trip/photos/Iceland Trip/IMG_9790.MP4,IMG_9790.MP4,"64 deg 2' 34.80"" N","16 deg 10' 50.16"" W",,,
C:/Projects/iceland_trip/photos/Iceland Trip/IMG_9791.HEIC,IMG_9791.HEIC,"64 deg 2' 34.99"" N","16 deg 10' 50.01"" W",North,West,2026:05:11 10:18:00
C:/Projects/iceland_trip/photos/Iceland Trip/IMG_9791.MP4,IMG_9791.MP4,"64 deg 2' 35.16"" N","16 deg 10' 50.16"" W",,,
C:/Projects/iceland_trip/photos/Iceland Trip/IMG_9792.HEIC,IMG_9792.HEIC,"64 deg 2' 34.96"" N","16 deg 10' 49.93"" W",North,West,2026:05:11 10:18:02
C:/Projects/iceland_trip/photos/Iceland Trip/IMG_9792.MP4,IMG_9792.MP4,"64 deg 2' 34.80"" N","16 deg 10' 49.80"" W",,,
C:/Projects/iceland_trip/photos/Iceland Trip/IMG_9793.HEIC,IMG_9793.HEIC,"64 deg 2' 34.96"" N","16 deg 10' 49.90"" W",North,West,2026:05:11 10:18:03
C:/Projects/iceland_trip/photos/Iceland Trip/IMG_9793.MP4,IMG_9793.MP4,"64 deg 2' 34.80"" N","16 deg 10' 49.80"" W",,,
C:/Projects/iceland_trip/photos/Iceland Trip/IMG_9794.HEIC,IMG_9794.HEIC,"64 deg 2' 34.39"" N","16 deg 10' 49.04"" W",North,West,2026:05:11 10:18:24
C:/Projects/iceland_trip/photos/Iceland Trip/IMG_9794.MP4,IMG_9794.MP4,"64 deg 2' 34.44"" N","16 deg 10' 49.08"" W",,,
C:/Projects/iceland_trip/photos/Iceland Trip/IMG_9795.HEIC,IMG_9795.HEIC,"64 deg 2' 34.08"" N","16 deg 10' 48.19"" W",North,West,2026:05:11 10:18:41
C:/Projects/iceland_trip/photos/Iceland Trip/IMG_9795.MP4,IMG_9795.MP4,"64 deg 2' 34.08"" N","16 deg 10' 48.36"" W",,,
C:/Projects/iceland_trip/photos/Iceland Trip/IMG_9796.HEIC,IMG_9796.HEIC,"64 deg 2' 34.08"" N","16 deg 10' 48.22"" W",North,West,2026:05:11 10:18:42
C:/Projects/iceland_trip/photos/Iceland Trip/IMG_9796.MP4,IMG_9796.MP4,"64 deg 2' 34.08"" N","16 deg 10' 48.36"" W",,,
C:/Projects/iceland_trip/photos/Iceland Trip/IMG_9797.HEIC,IMG_9797.HEIC,"64 deg 2' 34.00"" N","16 deg 10' 48.15"" W",North,West,2026:05:11 10:18:52
C:/Projects/iceland_trip/photos/Iceland Trip/IMG_9797.MP4,IMG_9797.MP4,"64 deg 2' 34.08"" N","16 deg 10' 48.00"" W",,,
C:/Projects/iceland_trip/photos/Iceland Trip/IMG_9798.HEIC,IMG_9798.HEIC,"64 deg 2' 32.08"" N","16 deg 10' 46.15"" W",North,West,2026:05:11 10:19:54
C:/Projects/iceland_trip/photos/Iceland Trip/IMG_9798.MP4,IMG_9798.MP4,"64 deg 2' 31.92"" N","16 deg 10' 46.20"" W",,,
C:/Projects/iceland_trip/photos/Iceland Trip/IMG_9799.HEIC,IMG_9799.HEIC,"64 deg 2' 32.05"" N","16 deg 10' 46.11"" W",North,West,2026:05:11 10:19:55
C:/Projects/iceland_trip/photos/Iceland Trip/IMG_9799.MP4,IMG_9799.MP4,"64 deg 2' 31.92"" N","16 deg 10' 46.20"" W",,,
C:/Projects/iceland_trip/photos/Iceland Trip/IMG_9800.HEIC,IMG_9800.HEIC,"64 deg 2' 31.31"" N","16 deg 10' 46.77"" W",North,West,2026:05:11 10:20:20
C:/Projects/iceland_trip/photos/Iceland Trip/IMG_9800.MP4,IMG_9800.MP4,"64 deg 2' 31.20"" N","16 deg 10' 46.92"" W",,,
C:/Projects/iceland_trip/photos/Iceland Trip/IMG_9801.HEIC,IMG_9801.HEIC,"64 deg 2' 29.91"" N","16 deg 10' 47.45"" W",North,West,2026:05:11 10:21:11
C:/Projects/iceland_trip/photos/Iceland Trip/IMG_9801.MP4,IMG_9801.MP4,"64 deg 2' 29.76"" N","16 deg 10' 47.28"" W",,,
C:/Projects/iceland_trip/photos/Iceland Trip/IMG_9802.HEIC,IMG_9802.HEIC,"64 deg 2' 28.62"" N","16 deg 10' 48.22"" W",North,West,2026:05:11 10:21:53
C:/Projects/iceland_trip/photos/Iceland Trip/IMG_9802.MP4,IMG_9802.MP4,"64 deg 2' 28.68"" N","16 deg 10' 48.36"" W",,,
C:/Projects/iceland_trip/photos/Iceland Trip/IMG_9803.HEIC,IMG_9803.HEIC,"64 deg 2' 26.86"" N","16 deg 10' 51.04"" W",North,West,2026:05:11 10:22:50
C:/Projects/iceland_trip/photos/Iceland Trip/IMG_9803.MP4,IMG_9803.MP4,"64 deg 2' 26.88"" N","16 deg 10' 50.88"" W",,,
C:/Projects/iceland_trip/photos/Iceland Trip/IMG_9804.HEIC,IMG_9804.HEIC,"64 deg 2' 26.86"" N","16 deg 10' 51.01"" W",North,West,2026:05:11 10:22:53
C:/Projects/iceland_trip/photos/Iceland Trip/IMG_9804.MP4,IMG_9804.MP4,"64 deg 2' 26.88"" N","16 deg 10' 50.88"" W",,,
C:/Projects/iceland_trip/photos/Iceland Trip/IMG_9805.HEIC,IMG_9805.HEIC,"64 deg 2' 26.80"" N","16 deg 10' 50.97"" W",North,West,2026:05:11 10:22:58
C:/Projects/iceland_trip/photos/Iceland Trip/IMG_9805.MP4,IMG_9805.MP4,"64 deg 2' 26.88"" N","16 deg 10' 50.88"" W",,,
C:/Projects/iceland_trip/photos/Iceland Trip/IMG_9806.HEIC,IMG_9806.HEIC,"64 deg 2' 26.80"" N","16 deg 10' 51.21"" W",North,West,2026:05:11 10:23:06
C:/Projects/iceland_trip/photos/Iceland Trip/IMG_9806.MP4,IMG_9806.MP4,"64 deg 2' 26.88"" N","16 deg 10' 51.24"" W",,,
C:/Projects/iceland_trip/photos/Iceland Trip/IMG_9807.HEIC,IMG_9807.HEIC,"64 deg 2' 24.31"" N","16 deg 10' 57.88"" W",North,West,2026:05:11 10:24:48
C:/Projects/iceland_trip/photos/Iceland Trip/IMG_9807.MP4,IMG_9807.MP4,"64 deg 2' 24.36"" N","16 deg 10' 57.72"" W",,,
C:/Projects/iceland_trip/photos/Iceland Trip/IMG_9808.HEIC,IMG_9808.HEIC,"64 deg 2' 24.17"" N","16 deg 10' 58.03"" W",North,West,2026:05:11 10:24:54
C:/Projects/iceland_trip/photos/Iceland Trip/IMG_9808.MP4,IMG_9808.MP4,"64 deg 2' 24.00"" N","16 deg 10' 58.08"" W",,,
C:/Projects/iceland_trip/photos/Iceland Trip/IMG_9809.HEIC,IMG_9809.HEIC,"64 deg 2' 22.33"" N","16 deg 11' 2.83"" W",North,West,2026:05:11 10:26:19
C:/Projects/iceland_trip/photos/Iceland Trip/IMG_9809.MP4,IMG_9809.MP4,"64 deg 2' 22.20"" N","16 deg 11' 2.76"" W",,,
C:/Projects/iceland_trip/photos/Iceland Trip/IMG_9810.HEIC,IMG_9810.HEIC,"64 deg 2' 22.33"" N","16 deg 11' 2.84"" W",North,West,2026:05:11 10:26:20
C:/Projects/iceland_trip/photos/Iceland Trip/IMG_9810.MP4,IMG_9810.MP4,"64 deg 2' 22.20"" N","16 deg 11' 2.76"" W",,,
C:/Projects/iceland_trip/photos/Iceland Trip/IMG_9811.HEIC,IMG_9811.HEIC,"64 deg 2' 20.43"" N","16 deg 11' 7.83"" W",North,West,2026:05:11 10:27:38
C:/Projects/iceland_trip/photos/Iceland Trip/IMG_9811.MP4,IMG_9811.MP4,"64 deg 2' 20.40"" N","16 deg 11' 7.80"" W",,,
C:/Projects/iceland_trip/photos/Iceland Trip/IMG_9812.HEIC,IMG_9812.HEIC,"64 deg 2' 20.43"" N","16 deg 11' 7.80"" W",North,West,2026:05:11 10:27:42
C:/Projects/iceland_trip/photos/Iceland Trip/IMG_9812.MP4,IMG_9812.MP4,"64 deg 2' 20.40"" N","16 deg 11' 7.80"" W",,,
C:/Projects/iceland_trip/photos/Iceland Trip/IMG_9813.HEIC,IMG_9813.HEIC,"64 deg 2' 20.43"" N","16 deg 11' 7.80"" W",North,West,2026:05:11 10:27:44
C:/Projects/iceland_trip/photos/Iceland Trip/IMG_9813.MP4,IMG_9813.MP4,"64 deg 2' 20.40"" N","16 deg 11' 7.80"" W",,,
C:/Projects/iceland_trip/photos/Iceland Trip/IMG_9814.HEIC,IMG_9814.HEIC,"64 deg 2' 20.43"" N","16 deg 11' 7.80"" W",North,West,2026:05:11 10:27:44
C:/Projects/iceland_trip/photos/Iceland Trip/IMG_9814.MP4,IMG_9814.MP4,"64 deg 2' 20.40"" N","16 deg 11' 7.80"" W",,,
C:/Projects/iceland_trip/photos/Iceland Trip/IMG_9815.HEIC,IMG_9815.HEIC,"64 deg 2' 19.72"" N","16 deg 11' 10.19"" W",North,West,2026:05:11 10:28:24
C:/Projects/iceland_trip/photos/Iceland Trip/IMG_9815.MP4,IMG_9815.MP4,"64 deg 2' 19.68"" N","16 deg 11' 10.32"" W",,,
C:/Projects/iceland_trip/photos/Iceland Trip/IMG_9816.HEIC,IMG_9816.HEIC,"64 deg 2' 19.72"" N","16 deg 11' 10.17"" W",North,West,2026:05:11 10:28:26
C:/Projects/iceland_trip/photos/Iceland Trip/IMG_9816.MP4,IMG_9816.MP4,"64 deg 2' 19.68"" N","16 deg 11' 10.32"" W",,,
C:/Projects/iceland_trip/photos/Iceland Trip/IMG_9817.HEIC,IMG_9817.HEIC,"64 deg 2' 19.69"" N","16 deg 11' 10.20"" W",North,West,2026:05:11 10:28:28
C:/Projects/iceland_trip/photos/Iceland Trip/IMG_9817.MP4,IMG_9817.MP4,"64 deg 2' 19.68"" N","16 deg 11' 10.32"" W",,,
C:/Projects/iceland_trip/photos/Iceland Trip/IMG_9818.HEIC,IMG_9818.HEIC,"64 deg 2' 19.66"" N","16 deg 11' 10.17"" W",North,West,2026:05:11 10:28:32
C:/Projects/iceland_trip/photos/Iceland Trip/IMG_9818.MP4,IMG_9818.MP4,"64 deg 2' 19.68"" N","16 deg 11' 10.32"" W",,,
C:/Projects/iceland_trip/photos/Iceland Trip/IMG_9837.HEIC,IMG_9837.HEIC,"64 deg 2' 0.36"" N","16 deg 12' 11.54"" W",North,West,2026:05:11 10:46:21
C:/Projects/iceland_trip/photos/Iceland Trip/IMG_9837.MP4,IMG_9837.MP4,"64 deg 2' 0.24"" N","16 deg 12' 11.52"" W",,,
C:/Projects/iceland_trip/photos/Iceland Trip/IMG_9839.HEIC,IMG_9839.HEIC,"64 deg 2' 1.51"" N","16 deg 12' 10.08"" W",North,West,2026:05:11 10:47:35
C:/Projects/iceland_trip/photos/Iceland Trip/IMG_9839.MP4,IMG_9839.MP4,"64 deg 2' 1.68"" N","16 deg 12' 10.08"" W",,,
C:/Projects/iceland_trip/photos/Iceland Trip/IMG_9840.HEIC,IMG_9840.HEIC,"64 deg 2' 1.76"" N","16 deg 12' 9.60"" W",North,West,2026:05:11 10:47:48
C:/Projects/iceland_trip/photos/Iceland Trip/IMG_9840.MP4,IMG_9840.MP4,"64 deg 2' 1.68"" N","16 deg 12' 9.72"" W",,,
C:/Projects/iceland_trip/photos/Iceland Trip/IMG_9844.HEIC,IMG_9844.HEIC,"63 deg 52' 53.84"" N","16 deg 38' 45.28"" W",North,West,2026:05:11 12:15:37
C:/Projects/iceland_trip/photos/Iceland Trip/IMG_9844.MP4,IMG_9844.MP4,"63 deg 52' 53.76"" N","16 deg 38' 45.24"" W",,,
C:/Projects/iceland_trip/photos/Iceland Trip/IMG_9845.HEIC,IMG_9845.HEIC,"63 deg 52' 53.84"" N","16 deg 38' 45.28"" W",North,West,2026:05:11 12:15:44
C:/Projects/iceland_trip/photos/Iceland Trip/IMG_9845.MP4,IMG_9845.MP4,"63 deg 52' 53.76"" N","16 deg 38' 45.24"" W",,,
C:/Projects/iceland_trip/photos/Iceland Trip/IMG_9850.HEIC,IMG_9850.HEIC,"63 deg 46' 46.11"" N","18 deg 10' 6.64"" W",North,West,2026:05:11 16:53:06
C:/Projects/iceland_trip/photos/Iceland Trip/IMG_9850.MP4,IMG_9850.MP4,"63 deg 46' 46.20"" N","18 deg 10' 6.60"" W",,,
C:/Projects/iceland_trip/photos/Iceland Trip/IMG_9851.HEIC,IMG_9851.HEIC,"63 deg 46' 46.13"" N","18 deg 10' 6.65"" W",North,West,2026:05:11 16:53:08
C:/Projects/iceland_trip/photos/Iceland Trip/IMG_9851.MP4,IMG_9851.MP4,"63 deg 46' 46.20"" N","18 deg 10' 6.60"" W",,,
C:/Projects/iceland_trip/photos/Iceland Trip/IMG_9852.HEIC,IMG_9852.HEIC,"63 deg 46' 46.11"" N","18 deg 10' 6.64"" W",North,West,2026:05:11 16:53:10
C:/Projects/iceland_trip/photos/Iceland Trip/IMG_9852.MP4,IMG_9852.MP4,"63 deg 46' 46.20"" N","18 deg 10' 6.60"" W",,,
C:/Projects/iceland_trip/photos/Iceland Trip/IMG_9853.HEIC,IMG_9853.HEIC,"63 deg 46' 46.14"" N","18 deg 10' 6.50"" W",North,West,2026:05:11 16:53:16
C:/Projects/iceland_trip/photos/Iceland Trip/IMG_9853.MP4,IMG_9853.MP4,"63 deg 46' 46.20"" N","18 deg 10' 6.60"" W",,,
C:/Projects/iceland_trip/photos/Iceland Trip/IMG_9854.HEIC,IMG_9854.HEIC,"63 deg 46' 46.13"" N","18 deg 10' 6.51"" W",North,West,2026:05:11 16:53:17
C:/Projects/iceland_trip/photos/Iceland Trip/IMG_9854.MP4,IMG_9854.MP4,"63 deg 46' 46.20"" N","18 deg 10' 6.60"" W",,,
C:/Projects/iceland_trip/photos/Iceland Trip/IMG_9855.HEIC,IMG_9855.HEIC,"63 deg 46' 46.13"" N","18 deg 10' 6.51"" W",North,West,2026:05:11 16:53:18
C:/Projects/iceland_trip/photos/Iceland Trip/IMG_9855.MP4,IMG_9855.MP4,"63 deg 46' 46.20"" N","18 deg 10' 6.60"" W",,,
C:/Projects/iceland_trip/photos/Iceland Trip/IMG_9856.HEIC,IMG_9856.HEIC,"63 deg 46' 45.41"" N","18 deg 10' 8.12"" W",North,West,2026:05:11 16:58:43
C:/Projects/iceland_trip/photos/Iceland Trip/IMG_9856.MP4,IMG_9856.MP4,"63 deg 46' 45.48"" N","18 deg 10' 8.04"" W",,,
C:/Projects/iceland_trip/photos/Iceland Trip/IMG_9857.HEIC,IMG_9857.HEIC,"63 deg 46' 45.35"" N","18 deg 10' 8.33"" W",North,West,2026:05:11 16:58:47
C:/Projects/iceland_trip/photos/Iceland Trip/IMG_9857.MP4,IMG_9857.MP4,"63 deg 46' 45.48"" N","18 deg 10' 8.40"" W",,,
C:/Projects/iceland_trip/photos/Iceland Trip/IMG_9858.HEIC,IMG_9858.HEIC,"63 deg 46' 45.24"" N","18 deg 10' 8.79"" W",North,West,2026:05:11 16:58:51
C:/Projects/iceland_trip/photos/Iceland Trip/IMG_9858.MP4,IMG_9858.MP4,"63 deg 46' 45.12"" N","18 deg 10' 8.76"" W",,,
C:/Projects/iceland_trip/photos/Iceland Trip/IMG_9859.HEIC,IMG_9859.HEIC,"63 deg 46' 45.13"" N","18 deg 10' 10.99"" W",North,West,2026:05:11 16:59:12
C:/Projects/iceland_trip/photos/Iceland Trip/IMG_9859.MP4,IMG_9859.MP4,"63 deg 46' 45.12"" N","18 deg 10' 10.92"" W",,,
C:/Projects/iceland_trip/photos/Iceland Trip/IMG_9860.HEIC,IMG_9860.HEIC,"63 deg 46' 44.52"" N","18 deg 10' 13.53"" W",North,West,2026:05:11 16:59:42
C:/Projects/iceland_trip/photos/Iceland Trip/IMG_9860.MP4,IMG_9860.MP4,"63 deg 46' 44.40"" N","18 deg 10' 13.44"" W",,,
C:/Projects/iceland_trip/photos/Iceland Trip/IMG_9861.HEIC,IMG_9861.HEIC,"63 deg 46' 44.52"" N","18 deg 10' 13.54"" W",North,West,2026:05:11 16:59:44
C:/Projects/iceland_trip/photos/Iceland Trip/IMG_9861.MP4,IMG_9861.MP4,"63 deg 46' 44.40"" N","18 deg 10' 13.44"" W",,,
C:/Projects/iceland_trip/photos/Iceland Trip/IMG_9862.HEIC,IMG_9862.HEIC,"63 deg 46' 44.52"" N","18 deg 10' 13.54"" W",North,West,2026:05:11 16:59:45
C:/Projects/iceland_trip/photos/Iceland Trip/IMG_9862.MP4,IMG_9862.MP4,"63 deg 46' 44.40"" N","18 deg 10' 13.44"" W",,,
C:/Projects/iceland_trip/photos/Iceland Trip/IMG_9863.HEIC,IMG_9863.HEIC,"63 deg 46' 43.86"" N","18 deg 10' 15.16"" W",North,West,2026:05:11 17:00:09
C:/Projects/iceland_trip/photos/Iceland Trip/IMG_9863.MP4,IMG_9863.MP4,"63 deg 46' 44.04"" N","18 deg 10' 15.24"" W",,,
C:/Projects/iceland_trip/photos/Iceland Trip/IMG_9864.HEIC,IMG_9864.HEIC,"63 deg 46' 43.85"" N","18 deg 10' 15.15"" W",North,West,2026:05:11 17:00:10
C:/Projects/iceland_trip/photos/Iceland Trip/IMG_9864.MP4,IMG_9864.MP4,"63 deg 46' 43.68"" N","18 deg 10' 15.24"" W",,,
C:/Projects/iceland_trip/photos/Iceland Trip/IMG_9868.HEIC,IMG_9868.HEIC,"63 deg 46' 43.63"" N","18 deg 10' 21.13"" W",North,West,2026:05:11 17:01:12
C:/Projects/iceland_trip/photos/Iceland Trip/IMG_9868.MP4,IMG_9868.MP4,"63 deg 46' 43.68"" N","18 deg 10' 21.00"" W",,,
C:/Projects/iceland_trip/photos/Iceland Trip/IMG_9869.HEIC,IMG_9869.HEIC,"63 deg 46' 43.64"" N","18 deg 10' 21.09"" W",North,West,2026:05:11 17:01:15
C:/Projects/iceland_trip/photos/Iceland Trip/IMG_9869.MP4,IMG_9869.MP4,"63 deg 46' 43.68"" N","18 deg 10' 21.00"" W",,,
C:/Projects/iceland_trip/photos/Iceland Trip/IMG_9870.HEIC,IMG_9870.HEIC,"63 deg 46' 43.33"" N","18 deg 10' 24.11"" W",North,West,2026:05:11 17:01:46
C:/Projects/iceland_trip/photos/Iceland Trip/IMG_9870.MP4,IMG_9870.MP4,"63 deg 46' 43.32"" N","18 deg 10' 24.24"" W",,,
C:/Projects/iceland_trip/photos/Iceland Trip/IMG_9871.HEIC,IMG_9871.HEIC,"63 deg 46' 43.44"" N","18 deg 10' 26.34"" W",North,West,2026:05:11 17:02:10
C:/Projects/iceland_trip/photos/Iceland Trip/IMG_9871.MP4,IMG_9871.MP4,"63 deg 46' 43.32"" N","18 deg 10' 26.40"" W",,,
C:/Projects/iceland_trip/photos/Iceland Trip/IMG_9872.HEIC,IMG_9872.HEIC,"63 deg 46' 43.42"" N","18 deg 10' 26.36"" W",North,West,2026:05:11 17:02:11
C:/Projects/iceland_trip/photos/Iceland Trip/IMG_9872.MP4,IMG_9872.MP4,"63 deg 46' 43.32"" N","18 deg 10' 26.40"" W",,,
C:/Projects/iceland_trip/photos/Iceland Trip/IMG_9873.HEIC,IMG_9873.HEIC,"63 deg 46' 42.17"" N","18 deg 10' 29.59"" W",North,West,2026:05:11 17:03:04
C:/Projects/iceland_trip/photos/Iceland Trip/IMG_9873.MP4,IMG_9873.MP4,"63 deg 46' 42.24"" N","18 deg 10' 29.64"" W",,,
C:/Projects/iceland_trip/photos/Iceland Trip/IMG_9874.HEIC,IMG_9874.HEIC,"63 deg 46' 42.17"" N","18 deg 10' 29.58"" W",North,West,2026:05:11 17:03:07
C:/Projects/iceland_trip/photos/Iceland Trip/IMG_9874.MP4,IMG_9874.MP4,"63 deg 46' 42.24"" N","18 deg 10' 29.64"" W",,,
C:/Projects/iceland_trip/photos/Iceland Trip/IMG_9875.HEIC,IMG_9875.HEIC,"63 deg 46' 42.17"" N","18 deg 10' 29.56"" W",North,West,2026:05:11 17:03:09
C:/Projects/iceland_trip/photos/Iceland Trip/IMG_9875.MP4,IMG_9875.MP4,"63 deg 46' 42.24"" N","18 deg 10' 29.64"" W",,,
C:/Projects/iceland_trip/photos/Iceland Trip/IMG_9876.HEIC,IMG_9876.HEIC,"63 deg 46' 42.17"" N","18 deg 10' 29.56"" W",North,West,2026:05:11 17:03:10
C:/Projects/iceland_trip/photos/Iceland Trip/IMG_9876.MP4,IMG_9876.MP4,"63 deg 46' 42.24"" N","18 deg 10' 29.64"" W",,,
C:/Projects/iceland_trip/photos/Iceland Trip/IMG_9877.HEIC,IMG_9877.HEIC,"63 deg 46' 42.16"" N","18 deg 10' 29.59"" W",North,West,2026:05:11 17:03:12
C:/Projects/iceland_trip/photos/Iceland Trip/IMG_9877.MP4,IMG_9877.MP4,"63 deg 46' 42.24"" N","18 deg 10' 29.64"" W",,,
C:/Projects/iceland_trip/photos/Iceland Trip/IMG_9878.HEIC,IMG_9878.HEIC,"63 deg 46' 42.15"" N","18 deg 10' 29.59"" W",North,West,2026:05:11 17:03:13
C:/Projects/iceland_trip/photos/Iceland Trip/IMG_9878.MP4,IMG_9878.MP4,"63 deg 46' 42.24"" N","18 deg 10' 29.64"" W",,,
C:/Projects/iceland_trip/photos/Iceland Trip/IMG_9879.HEIC,IMG_9879.HEIC,"63 deg 46' 42.15"" N","18 deg 10' 29.58"" W",North,West,2026:05:11 17:03:16
C:/Projects/iceland_trip/photos/Iceland Trip/IMG_9879.MP4,IMG_9879.MP4,"63 deg 46' 42.24"" N","18 deg 10' 29.64"" W",,,
C:/Projects/iceland_trip/photos/Iceland Trip/IMG_9880.HEIC,IMG_9880.HEIC,"63 deg 46' 42.56"" N","18 deg 10' 30.27"" W",North,West,2026:05:11 17:03:32
C:/Projects/iceland_trip/photos/Iceland Trip/IMG_9880.MP4,IMG_9880.MP4,"63 deg 46' 42.60"" N","18 deg 10' 30.36"" W",,,
C:/Projects/iceland_trip/photos/Iceland Trip/IMG_9881.HEIC,IMG_9881.HEIC,"63 deg 46' 42.82"" N","18 deg 10' 31.08"" W",North,West,2026:05:11 17:03:50
C:/Projects/iceland_trip/photos/Iceland Trip/IMG_9881.MP4,IMG_9881.MP4,"63 deg 46' 42.96"" N","18 deg 10' 31.08"" W",,,
C:/Projects/iceland_trip/photos/Iceland Trip/IMG_9882.HEIC,IMG_9882.HEIC,"63 deg 46' 42.83"" N","18 deg 10' 31.10"" W",North,West,2026:05:11 17:03:50
C:/Projects/iceland_trip/photos/Iceland Trip/IMG_9882.MP4,IMG_9882.MP4,"63 deg 46' 42.96"" N","18 deg 10' 31.08"" W",,,
C:/Projects/iceland_trip/photos/Iceland Trip/IMG_9883.HEIC,IMG_9883.HEIC,"63 deg 46' 42.82"" N","18 deg 10' 31.08"" W",North,West,2026:05:11 17:03:54
C:/Projects/iceland_trip/photos/Iceland Trip/IMG_9883.MP4,IMG_9883.MP4,"63 deg 46' 42.96"" N","18 deg 10' 31.08"" W",,,
C:/Projects/iceland_trip/photos/Iceland Trip/IMG_9884.HEIC,IMG_9884.HEIC,"63 deg 46' 42.82"" N","18 deg 10' 31.10"" W",North,West,2026:05:11 17:03:56
C:/Projects/iceland_trip/photos/Iceland Trip/IMG_9884.MP4,IMG_9884.MP4,"63 deg 46' 42.96"" N","18 deg 10' 31.08"" W",,,
C:/Projects/iceland_trip/photos/Iceland Trip/IMG_9885.HEIC,IMG_9885.HEIC,"63 deg 46' 42.82"" N","18 deg 10' 31.10"" W",North,West,2026:05:11 17:03:57
C:/Projects/iceland_trip/photos/Iceland Trip/IMG_9885.MP4,IMG_9885.MP4,"63 deg 46' 42.96"" N","18 deg 10' 31.08"" W",,,
C:/Projects/iceland_trip/photos/Iceland Trip/IMG_9886.HEIC,IMG_9886.HEIC,"63 deg 46' 43.86"" N","18 deg 10' 33.36"" W",North,West,2026:05:11 17:04:35
C:/Projects/iceland_trip/photos/Iceland Trip/IMG_9886.MP4,IMG_9886.MP4,"63 deg 46' 44.04"" N","18 deg 10' 33.24"" W",,,
C:/Projects/iceland_trip/photos/Iceland Trip/IMG_9887.HEIC,IMG_9887.HEIC,"63 deg 46' 43.86"" N","18 deg 10' 33.36"" W",North,West,2026:05:11 17:04:38
C:/Projects/iceland_trip/photos/Iceland Trip/IMG_9887.MP4,IMG_9887.MP4,"63 deg 46' 43.68"" N","18 deg 10' 33.24"" W",,,
C:/Projects/iceland_trip/photos/Iceland Trip/IMG_9888.HEIC,IMG_9888.HEIC,"63 deg 46' 44.32"" N","18 deg 10' 35.28"" W",North,West,2026:05:11 17:05:12
C:/Projects/iceland_trip/photos/Iceland Trip/IMG_9888.MP4,IMG_9888.MP4,"63 deg 46' 44.40"" N","18 deg 10' 35.40"" W",,,
C:/Projects/iceland_trip/photos/Iceland Trip/IMG_9889.HEIC,IMG_9889.HEIC,"63 deg 46' 44.32"" N","18 deg 10' 35.28"" W",North,West,2026:05:11 17:05:13
C:/Projects/iceland_trip/photos/Iceland Trip/IMG_9889.MP4,IMG_9889.MP4,"63 deg 46' 44.40"" N","18 deg 10' 35.40"" W",,,
C:/Projects/iceland_trip/photos/Iceland Trip/IMG_9890.HEIC,IMG_9890.HEIC,"63 deg 46' 44.38"" N","18 deg 10' 36.25"" W",North,West,2026:05:11 17:05:40
C:/Projects/iceland_trip/photos/Iceland Trip/IMG_9890.MP4,IMG_9890.MP4,"63 deg 46' 44.40"" N","18 deg 10' 36.12"" W",,,
C:/Projects/iceland_trip/photos/Iceland Trip/IMG_9891.HEIC,IMG_9891.HEIC,"63 deg 46' 44.37"" N","18 deg 10' 36.29"" W",North,West,2026:05:11 17:05:42
C:/Projects/iceland_trip/photos/Iceland Trip/IMG_9891.MP4,IMG_9891.MP4,"63 deg 46' 44.40"" N","18 deg 10' 36.12"" W",,,
C:/Projects/iceland_trip/photos/Iceland Trip/IMG_9892.HEIC,IMG_9892.HEIC,"63 deg 46' 44.37"" N","18 deg 10' 36.33"" W",North,West,2026:05:11 17:05:48
C:/Projects/iceland_trip/photos/Iceland Trip/IMG_9892.MP4,IMG_9892.MP4,"63 deg 46' 44.40"" N","18 deg 10' 36.48"" W",,,
C:/Projects/iceland_trip/photos/Iceland Trip/IMG_9893.HEIC,IMG_9893.HEIC,"63 deg 46' 44.38"" N","18 deg 10' 36.35"" W",North,West,2026:05:11 17:05:49
C:/Projects/iceland_trip/photos/Iceland Trip/IMG_9893.MP4,IMG_9893.MP4,"63 deg 46' 44.40"" N","18 deg 10' 36.48"" W",,,
C:/Projects/iceland_trip/photos/Iceland Trip/IMG_9894.HEIC,IMG_9894.HEIC,"63 deg 46' 44.36"" N","18 deg 10' 36.33"" W",North,West,2026:05:11 17:05:53
C:/Projects/iceland_trip/photos/Iceland Trip/IMG_9894.MP4,IMG_9894.MP4,"63 deg 46' 44.40"" N","18 deg 10' 36.48"" W",,,
C:/Projects/iceland_trip/photos/Iceland Trip/IMG_9895.HEIC,IMG_9895.HEIC,"63 deg 46' 44.25"" N","18 deg 10' 36.28"" W",North,West,2026:05:11 17:06:07
C:/Projects/iceland_trip/photos/Iceland Trip/IMG_9895.MP4,IMG_9895.MP4,"63 deg 46' 44.40"" N","18 deg 10' 36.12"" W",,,
C:/Projects/iceland_trip/photos/Iceland Trip/IMG_9896.HEIC,IMG_9896.HEIC,"63 deg 46' 44.22"" N","18 deg 10' 36.30"" W",North,West,2026:05:11 17:06:14
C:/Projects/iceland_trip/photos/Iceland Trip/IMG_9896.MP4,IMG_9896.MP4,"63 deg 46' 44.04"" N","18 deg 10' 36.48"" W",,,
C:/Projects/iceland_trip/photos/Iceland Trip/IMG_9897.HEIC,IMG_9897.HEIC,"63 deg 46' 44.22"" N","18 deg 10' 36.30"" W",North,West,2026:05:11 17:06:15
C:/Projects/iceland_trip/photos/Iceland Trip/IMG_9897.MP4,IMG_9897.MP4,"63 deg 46' 44.04"" N","18 deg 10' 36.12"" W",,,
C:/Projects/iceland_trip/photos/Iceland Trip/IMG_9898.HEIC,IMG_9898.HEIC,"63 deg 46' 44.23"" N","18 deg 10' 36.26"" W",North,West,2026:05:11 17:06:19
C:/Projects/iceland_trip/photos/Iceland Trip/IMG_9898.MP4,IMG_9898.MP4,"63 deg 46' 44.40"" N","18 deg 10' 36.12"" W",,,
C:/Projects/iceland_trip/photos/Iceland Trip/IMG_9899.HEIC,IMG_9899.HEIC,"63 deg 46' 44.23"" N","18 deg 10' 36.26"" W",North,West,2026:05:11 17:06:21
C:/Projects/iceland_trip/photos/Iceland Trip/IMG_9899.MP4,IMG_9899.MP4,"63 deg 46' 44.40"" N","18 deg 10' 36.12"" W",,,
C:/Projects/iceland_trip/photos/Iceland Trip/IMG_9900.HEIC,IMG_9900.HEIC,"63 deg 46' 44.23"" N","18 deg 10' 36.27"" W",North,West,2026:05:11 17:06:23
C:/Projects/iceland_trip/photos/Iceland Trip/IMG_9900.MP4,IMG_9900.MP4,"63 deg 46' 44.40"" N","18 deg 10' 36.12"" W",,,
C:/Projects/iceland_trip/photos/Iceland Trip/IMG_9901.HEIC,IMG_9901.HEIC,"63 deg 46' 44.29"" N","18 deg 10' 36.36"" W",North,West,2026:05:11 17:06:46
C:/Projects/iceland_trip/photos/Iceland Trip/IMG_9901.MP4,IMG_9901.MP4,"63 deg 46' 44.40"" N","18 deg 10' 36.48"" W",,,
C:/Projects/iceland_trip/photos/Iceland Trip/IMG_9902.HEIC,IMG_9902.HEIC,"63 deg 46' 44.29"" N","18 deg 10' 36.40"" W",North,West,2026:05:11 17:06:47
C:/Projects/iceland_trip/photos/Iceland Trip/IMG_9902.MP4,IMG_9902.MP4,"63 deg 46' 44.40"" N","18 deg 10' 36.48"" W",,,
C:/Projects/iceland_trip/photos/Iceland Trip/IMG_9903.HEIC,IMG_9903.HEIC,"63 deg 46' 44.27"" N","18 deg 10' 36.40"" W",North,West,2026:05:11 17:06:49
C:/Projects/iceland_trip/photos/Iceland Trip/IMG_9903.MP4,IMG_9903.MP4,"63 deg 46' 44.40"" N","18 deg 10' 36.48"" W",,,
C:/Projects/iceland_trip/photos/Iceland Trip/IMG_9904.HEIC,IMG_9904.HEIC,"63 deg 46' 44.27"" N","18 deg 10' 36.39"" W",North,West,2026:05:11 17:06:51
C:/Projects/iceland_trip/photos/Iceland Trip/IMG_9904.MP4,IMG_9904.MP4,"63 deg 46' 44.40"" N","18 deg 10' 36.48"" W",,,
C:/Projects/iceland_trip/photos/Iceland Trip/IMG_9905.HEIC,IMG_9905.HEIC,"63 deg 46' 44.27"" N","18 deg 10' 36.40"" W",North,West,2026:05:11 17:06:52
C:/Projects/iceland_trip/photos/Iceland Trip/IMG_9905.MP4,IMG_9905.MP4,"63 deg 46' 44.40"" N","18 deg 10' 36.48"" W",,,
C:/Projects/iceland_trip/photos/Iceland Trip/IMG_9906.HEIC,IMG_9906.HEIC,"63 deg 46' 44.33"" N","18 deg 10' 36.04"" W",North,West,2026:05:11 17:07:06
C:/Projects/iceland_trip/photos/Iceland Trip/IMG_9906.MP4,IMG_9906.MP4,"63 deg 46' 44.40"" N","18 deg 10' 36.12"" W",,,
C:/Projects/iceland_trip/photos/Iceland Trip/IMG_9907.HEIC,IMG_9907.HEIC,"63 deg 46' 44.32"" N","18 deg 10' 36.04"" W",North,West,2026:05:11 17:07:09
C:/Projects/iceland_trip/photos/Iceland Trip/IMG_9907.MP4,IMG_9907.MP4,"63 deg 46' 44.40"" N","18 deg 10' 36.12"" W",,,
C:/Projects/iceland_trip/photos/Iceland Trip/IMG_9908.HEIC,IMG_9908.HEIC,"63 deg 46' 44.32"" N","18 deg 10' 36.04"" W",North,West,2026:05:11 17:07:11
C:/Projects/iceland_trip/photos/Iceland Trip/IMG_9908.MP4,IMG_9908.MP4,"63 deg 46' 44.40"" N","18 deg 10' 36.12"" W",,,
C:/Projects/iceland_trip/photos/Iceland Trip/IMG_9909.HEIC,IMG_9909.HEIC,"63 deg 46' 44.32"" N","18 deg 10' 36.04"" W",North,West,2026:05:11 17:07:12
C:/Projects/iceland_trip/photos/Iceland Trip/IMG_9909.MP4,IMG_9909.MP4,"63 deg 46' 44.40"" N","18 deg 10' 36.12"" W",,,
C:/Projects/iceland_trip/photos/Iceland Trip/IMG_9910.HEIC,IMG_9910.HEIC,"63 deg 46' 43.33"" N","18 deg 10' 32.68"" W",North,West,2026:05:11 17:08:03
C:/Projects/iceland_trip/photos/Iceland Trip/IMG_9910.MP4,IMG_9910.MP4,"63 deg 46' 43.32"" N","18 deg 10' 32.52"" W",,,
C:/Projects/iceland_trip/photos/Iceland Trip/IMG_9911.HEIC,IMG_9911.HEIC,"63 deg 46' 43.33"" N","18 deg 10' 32.70"" W",North,West,2026:05:11 17:08:04
C:/Projects/iceland_trip/photos/Iceland Trip/IMG_9911.MP4,IMG_9911.MP4,"63 deg 46' 43.32"" N","18 deg 10' 32.52"" W",,,
C:/Projects/iceland_trip/photos/Iceland Trip/IMG_9912.HEIC,IMG_9912.HEIC,"63 deg 46' 43.33"" N","18 deg 10' 32.70"" W",North,West,2026:05:11 17:08:08
C:/Projects/iceland_trip/photos/Iceland Trip/IMG_9912.MP4,IMG_9912.MP4,"63 deg 46' 43.32"" N","18 deg 10' 32.52"" W",,,
C:/Projects/iceland_trip/photos/Iceland Trip/IMG_9913.HEIC,IMG_9913.HEIC,"63 deg 46' 42.89"" N","18 deg 10' 31.64"" W",North,West,2026:05:11 17:08:31
C:/Projects/iceland_trip/photos/Iceland Trip/IMG_9913.MP4,IMG_9913.MP4,"63 deg 46' 42.96"" N","18 deg 10' 31.80"" W",,,
C:/Projects/iceland_trip/photos/Iceland Trip/IMG_9914.HEIC,IMG_9914.HEIC,"63 deg 46' 39.14"" N","18 deg 10' 27.35"" W",North,West,2026:05:11 17:10:12
C:/Projects/iceland_trip/photos/Iceland Trip/IMG_9914.MP4,IMG_9914.MP4,"63 deg 46' 39.00"" N","18 deg 10' 27.48"" W",,,
C:/Projects/iceland_trip/photos/Iceland Trip/IMG_9915.HEIC,IMG_9915.HEIC,"63 deg 46' 39.14"" N","18 deg 10' 27.37"" W",North,West,2026:05:11 17:10:13
C:/Projects/iceland_trip/photos/Iceland Trip/IMG_9915.MP4,IMG_9915.MP4,"63 deg 46' 39.00"" N","18 deg 10' 27.48"" W",,,
C:/Projects/iceland_trip/photos/Iceland Trip/IMG_9916.HEIC,IMG_9916.HEIC,"63 deg 46' 39.14"" N","18 deg 10' 27.37"" W",North,West,2026:05:11 17:10:14
C:/Projects/iceland_trip/photos/Iceland Trip/IMG_9916.MP4,IMG_9916.MP4,"63 deg 46' 39.00"" N","18 deg 10' 27.48"" W",,,
C:/Projects/iceland_trip/photos/Iceland Trip/IMG_9917.HEIC,IMG_9917.HEIC,"63 deg 46' 39.14"" N","18 deg 10' 27.36"" W",North,West,2026:05:11 17:10:15
C:/Projects/iceland_trip/photos/Iceland Trip/IMG_9917.MP4,IMG_9917.MP4,"63 deg 46' 39.00"" N","18 deg 10' 27.48"" W",,,
C:/Projects/iceland_trip/photos/Iceland Trip/IMG_9918.HEIC,IMG_9918.HEIC,"63 deg 46' 34.80"" N","18 deg 10' 25.58"" W",North,West,2026:05:11 17:11:47
C:/Projects/iceland_trip/photos/Iceland Trip/IMG_9918.MP4,IMG_9918.MP4,"63 deg 46' 34.68"" N","18 deg 10' 25.68"" W",,,
C:/Projects/iceland_trip/photos/Iceland Trip/IMG_9919.HEIC,IMG_9919.HEIC,"63 deg 46' 34.80"" N","18 deg 10' 25.53"" W",North,West,2026:05:11 17:11:52
C:/Projects/iceland_trip/photos/Iceland Trip/IMG_9919.MP4,IMG_9919.MP4,"63 deg 46' 34.68"" N","18 deg 10' 25.68"" W",,,
C:/Projects/iceland_trip/photos/Iceland Trip/IMG_9920.HEIC,IMG_9920.HEIC,"63 deg 46' 34.80"" N","18 deg 10' 25.53"" W",North,West,2026:05:11 17:11:53
C:/Projects/iceland_trip/photos/Iceland Trip/IMG_9920.MP4,IMG_9920.MP4,"63 deg 46' 34.68"" N","18 deg 10' 25.68"" W",,,
C:/Projects/iceland_trip/photos/Iceland Trip/IMG_9921.HEIC,IMG_9921.HEIC,"63 deg 46' 34.83"" N","18 deg 10' 25.52"" W",North,West,2026:05:11 17:11:54
C:/Projects/iceland_trip/photos/Iceland Trip/IMG_9921.MP4,IMG_9921.MP4,"63 deg 46' 34.68"" N","18 deg 10' 25.68"" W",,,
C:/Projects/iceland_trip/photos/Iceland Trip/IMG_9922.HEIC,IMG_9922.HEIC,"63 deg 46' 34.83"" N","18 deg 10' 25.53"" W",North,West,2026:05:11 17:11:55
C:/Projects/iceland_trip/photos/Iceland Trip/IMG_9922.MP4,IMG_9922.MP4,"63 deg 46' 34.68"" N","18 deg 10' 25.68"" W",,,
C:/Projects/iceland_trip/photos/Iceland Trip/IMG_9923.HEIC,IMG_9923.HEIC,"63 deg 46' 34.83"" N","18 deg 10' 25.53"" W",North,West,2026:05:11 17:11:56
C:/Projects/iceland_trip/photos/Iceland Trip/IMG_9923.MP4,IMG_9923.MP4,"63 deg 46' 34.68"" N","18 deg 10' 25.68"" W",,,
C:/Projects/iceland_trip/photos/Iceland Trip/IMG_9924.HEIC,IMG_9924.HEIC,"63 deg 46' 34.85"" N","18 deg 10' 25.51"" W",North,West,2026:05:11 17:11:59
C:/Projects/iceland_trip/photos/Iceland Trip/IMG_9924.MP4,IMG_9924.MP4,"63 deg 46' 34.68"" N","18 deg 10' 25.68"" W",,,
C:/Projects/iceland_trip/photos/Iceland Trip/IMG_9925.HEIC,IMG_9925.HEIC,"63 deg 46' 34.84"" N","18 deg 10' 25.52"" W",North,West,2026:05:11 17:12:03
C:/Projects/iceland_trip/photos/Iceland Trip/IMG_9925.MP4,IMG_9925.MP4,"63 deg 46' 34.68"" N","18 deg 10' 25.68"" W",,,
C:/Projects/iceland_trip/photos/Iceland Trip/IMG_9926.HEIC,IMG_9926.HEIC,"63 deg 46' 34.84"" N","18 deg 10' 25.53"" W",North,West,2026:05:11 17:12:03
C:/Projects/iceland_trip/photos/Iceland Trip/IMG_9926.MP4,IMG_9926.MP4,"63 deg 46' 34.68"" N","18 deg 10' 25.68"" W",,,
C:/Projects/iceland_trip/photos/Iceland Trip/IMG_9927.HEIC,IMG_9927.HEIC,"63 deg 46' 33.62"" N","18 deg 10' 24.46"" W",North,West,2026:05:11 17:12:33
C:/Projects/iceland_trip/photos/Iceland Trip/IMG_9927.MP4,IMG_9927.MP4,"63 deg 46' 33.60"" N","18 deg 10' 24.60"" W",,,
C:/Projects/iceland_trip/photos/Iceland Trip/IMG_9928.HEIC,IMG_9928.HEIC,"63 deg 46' 33.63"" N","18 deg 10' 24.48"" W",North,West,2026:05:11 17:12:34
C:/Projects/iceland_trip/photos/Iceland Trip/IMG_9928.MP4,IMG_9928.MP4,"63 deg 46' 33.60"" N","18 deg 10' 24.60"" W",,,
C:/Projects/iceland_trip/photos/Iceland Trip/IMG_9929.HEIC,IMG_9929.HEIC,"63 deg 46' 33.63"" N","18 deg 10' 24.48"" W",North,West,2026:05:11 17:12:36
C:/Projects/iceland_trip/photos/Iceland Trip/IMG_9929.MP4,IMG_9929.MP4,"63 deg 46' 33.60"" N","18 deg 10' 24.60"" W",,,
C:/Projects/iceland_trip/photos/Iceland Trip/IMG_9930.HEIC,IMG_9930.HEIC,"63 deg 46' 33.63"" N","18 deg 10' 24.47"" W",North,West,2026:05:11 17:12:37
C:/Projects/iceland_trip/photos/Iceland Trip/IMG_9930.MP4,IMG_9930.MP4,"63 deg 46' 33.60"" N","18 deg 10' 24.60"" W",,,
C:/Projects/iceland_trip/photos/Iceland Trip/IMG_9931.HEIC,IMG_9931.HEIC,"63 deg 46' 33.63"" N","18 deg 10' 24.47"" W",North,West,2026:05:11 17:12:37
C:/Projects/iceland_trip/photos/Iceland Trip/IMG_9931.MP4,IMG_9931.MP4,"63 deg 46' 33.60"" N","18 deg 10' 24.60"" W",,,
C:/Projects/iceland_trip/photos/Iceland Trip/IMG_9932.HEIC,IMG_9932.HEIC,"63 deg 46' 29.54"" N","18 deg 10' 22.93"" W",North,West,2026:05:11 17:14:24
C:/Projects/iceland_trip/photos/Iceland Trip/IMG_9932.MP4,IMG_9932.MP4,"63 deg 46' 29.64"" N","18 deg 10' 22.80"" W",,,
C:/Projects/iceland_trip/photos/Iceland Trip/IMG_9933.HEIC,IMG_9933.HEIC,"63 deg 46' 29.55"" N","18 deg 10' 22.93"" W",North,West,2026:05:11 17:14:26
C:/Projects/iceland_trip/photos/Iceland Trip/IMG_9933.MP4,IMG_9933.MP4,"63 deg 46' 29.64"" N","18 deg 10' 22.80"" W",,,
C:/Projects/iceland_trip/photos/Iceland Trip/IMG_9934.HEIC,IMG_9934.HEIC,"63 deg 46' 29.55"" N","18 deg 10' 22.92"" W",North,West,2026:05:11 17:14:27
C:/Projects/iceland_trip/photos/Iceland Trip/IMG_9934.MP4,IMG_9934.MP4,"63 deg 46' 29.64"" N","18 deg 10' 22.80"" W",,,
C:/Projects/iceland_trip/photos/Iceland Trip/IMG_9935.HEIC,IMG_9935.HEIC,"63 deg 46' 29.55"" N","18 deg 10' 22.93"" W",North,West,2026:05:11 17:14:28
C:/Projects/iceland_trip/photos/Iceland Trip/IMG_9935.MP4,IMG_9935.MP4,"63 deg 46' 29.64"" N","18 deg 10' 22.80"" W",,,
C:/Projects/iceland_trip/photos/Iceland Trip/IMG_9936.HEIC,IMG_9936.HEIC,"63 deg 46' 29.57"" N","18 deg 10' 22.95"" W",North,West,2026:05:11 17:14:29
C:/Projects/iceland_trip/photos/Iceland Trip/IMG_9936.MP4,IMG_9936.MP4,"63 deg 46' 29.64"" N","18 deg 10' 22.80"" W",,,
C:/Projects/iceland_trip/photos/Iceland Trip/IMG_9937.HEIC,IMG_9937.HEIC,"63 deg 46' 29.57"" N","18 deg 10' 22.95"" W",North,West,2026:05:11 17:14:30
C:/Projects/iceland_trip/photos/Iceland Trip/IMG_9937.MP4,IMG_9937.MP4,"63 deg 46' 29.64"" N","18 deg 10' 22.80"" W",,,
C:/Projects/iceland_trip/photos/Iceland Trip/IMG_9938.HEIC,IMG_9938.HEIC,"63 deg 46' 29.59"" N","18 deg 10' 22.92"" W",North,West,2026:05:11 17:14:32
C:/Projects/iceland_trip/photos/Iceland Trip/IMG_9938.MP4,IMG_9938.MP4,"63 deg 46' 29.64"" N","18 deg 10' 22.80"" W",,,
C:/Projects/iceland_trip/photos/Iceland Trip/IMG_9939.HEIC,IMG_9939.HEIC,"63 deg 46' 29.57"" N","18 deg 10' 22.92"" W",North,West,2026:05:11 17:14:38
C:/Projects/iceland_trip/photos/Iceland Trip/IMG_9939.MP4,IMG_9939.MP4,"63 deg 46' 29.64"" N","18 deg 10' 22.80"" W",,,
C:/Projects/iceland_trip/photos/Iceland Trip/IMG_9940.HEIC,IMG_9940.HEIC,"63 deg 46' 30.49"" N","18 deg 10' 25.55"" W",North,West,2026:05:11 17:15:29
C:/Projects/iceland_trip/photos/Iceland Trip/IMG_9940.MP4,IMG_9940.MP4,"63 deg 46' 30.36"" N","18 deg 10' 25.68"" W",,,
C:/Projects/iceland_trip/photos/Iceland Trip/IMG_9941.HEIC,IMG_9941.HEIC,"63 deg 46' 30.49"" N","18 deg 10' 25.54"" W",North,West,2026:05:11 17:15:30
C:/Projects/iceland_trip/photos/Iceland Trip/IMG_9941.MP4,IMG_9941.MP4,"63 deg 46' 30.36"" N","18 deg 10' 25.68"" W",,,
C:/Projects/iceland_trip/photos/Iceland Trip/IMG_9942.HEIC,IMG_9942.HEIC,"63 deg 46' 30.49"" N","18 deg 10' 25.54"" W",North,West,2026:05:11 17:15:32
C:/Projects/iceland_trip/photos/Iceland Trip/IMG_9942.MP4,IMG_9942.MP4,"63 deg 46' 30.36"" N","18 deg 10' 25.68"" W",,,
C:/Projects/iceland_trip/photos/Iceland Trip/IMG_9943.HEIC,IMG_9943.HEIC,"63 deg 46' 30.49"" N","18 deg 10' 25.54"" W",North,West,2026:05:11 17:15:32
C:/Projects/iceland_trip/photos/Iceland Trip/IMG_9943.MP4,IMG_9943.MP4,"63 deg 46' 30.36"" N","18 deg 10' 25.68"" W",,,
C:/Projects/iceland_trip/photos/Iceland Trip/IMG_9944.HEIC,IMG_9944.HEIC,"63 deg 46' 30.62"" N","18 deg 10' 27.85"" W",North,West,2026:05:11 17:16:06
C:/Projects/iceland_trip/photos/Iceland Trip/IMG_9944.MP4,IMG_9944.MP4,"63 deg 46' 30.72"" N","18 deg 10' 27.84"" W",,,
C:/Projects/iceland_trip/photos/Iceland Trip/IMG_9945.HEIC,IMG_9945.HEIC,"63 deg 46' 30.62"" N","18 deg 10' 27.85"" W",North,West,2026:05:11 17:16:08
C:/Projects/iceland_trip/photos/Iceland Trip/IMG_9945.MP4,IMG_9945.MP4,"63 deg 46' 30.72"" N","18 deg 10' 27.84"" W",,,
C:/Projects/iceland_trip/photos/Iceland Trip/IMG_9946.HEIC,IMG_9946.HEIC,"63 deg 46' 30.36"" N","18 deg 10' 28.49"" W",North,West,2026:05:11 17:16:24
C:/Projects/iceland_trip/photos/Iceland Trip/IMG_9946.MP4,IMG_9946.MP4,"63 deg 46' 30.36"" N","18 deg 10' 28.56"" W",,,
C:/Projects/iceland_trip/photos/Iceland Trip/IMG_9947.HEIC,IMG_9947.HEIC,"63 deg 46' 30.28"" N","18 deg 10' 28.75"" W",North,West,2026:05:11 17:16:33
C:/Projects/iceland_trip/photos/Iceland Trip/IMG_9947.MP4,IMG_9947.MP4,"63 deg 46' 30.36"" N","18 deg 10' 28.92"" W",,,
C:/Projects/iceland_trip/photos/Iceland Trip/IMG_9948.HEIC,IMG_9948.HEIC,"63 deg 46' 30.27"" N","18 deg 10' 28.82"" W",North,West,2026:05:11 17:16:39
C:/Projects/iceland_trip/photos/Iceland Trip/IMG_9948.MP4,IMG_9948.MP4,"63 deg 46' 30.36"" N","18 deg 10' 28.92"" W",,,
C:/Projects/iceland_trip/photos/Iceland Trip/IMG_9949.HEIC,IMG_9949.HEIC,"63 deg 46' 30.27"" N","18 deg 10' 28.83"" W",North,West,2026:05:11 17:16:40
C:/Projects/iceland_trip/photos/Iceland Trip/IMG_9949.MP4,IMG_9949.MP4,"63 deg 46' 30.36"" N","18 deg 10' 28.92"" W",,,
C:/Projects/iceland_trip/photos/Iceland Trip/IMG_9950.HEIC,IMG_9950.HEIC,"63 deg 46' 30.27"" N","18 deg 10' 28.84"" W",North,West,2026:05:11 17:16:42
C:/Projects/iceland_trip/photos/Iceland Trip/IMG_9950.MP4,IMG_9950.MP4,"63 deg 46' 30.36"" N","18 deg 10' 28.92"" W",,,
C:/Projects/iceland_trip/photos/Iceland Trip/IMG_9951.HEIC,IMG_9951.HEIC,"63 deg 46' 30.18"" N","18 deg 10' 28.73"" W",North,West,2026:05:11 17:16:50
C:/Projects/iceland_trip/photos/Iceland Trip/IMG_9951.MP4,IMG_9951.MP4,"63 deg 46' 30.36"" N","18 deg 10' 28.56"" W",,,
C:/Projects/iceland_trip/photos/Iceland Trip/IMG_9952.HEIC,IMG_9952.HEIC,"63 deg 46' 30.20"" N","18 deg 10' 28.75"" W",North,West,2026:05:11 17:16:54
C:/Projects/iceland_trip/photos/Iceland Trip/IMG_9952.MP4,IMG_9952.MP4,"63 deg 46' 30.36"" N","18 deg 10' 28.92"" W",,,
C:/Projects/iceland_trip/photos/Iceland Trip/IMG_9953.HEIC,IMG_9953.HEIC,"63 deg 46' 30.20"" N","18 deg 10' 28.78"" W",North,West,2026:05:11 17:16:58
C:/Projects/iceland_trip/photos/Iceland Trip/IMG_9953.MP4,IMG_9953.MP4,"63 deg 46' 30.36"" N","18 deg 10' 28.92"" W",,,
C:/Projects/iceland_trip/photos/Iceland Trip/IMG_9954.HEIC,IMG_9954.HEIC,"63 deg 46' 30.17"" N","18 deg 10' 28.84"" W",North,West,2026:05:11 17:17:05
C:/Projects/iceland_trip/photos/Iceland Trip/IMG_9954.MP4,IMG_9954.MP4,"63 deg 46' 30.00"" N","18 deg 10' 28.92"" W",,,
C:/Projects/iceland_trip/photos/Iceland Trip/IMG_9955.HEIC,IMG_9955.HEIC,"63 deg 46' 30.17"" N","18 deg 10' 28.84"" W",North,West,2026:05:11 17:17:07
C:/Projects/iceland_trip/photos/Iceland Trip/IMG_9955.MP4,IMG_9955.MP4,"63 deg 46' 30.00"" N","18 deg 10' 28.92"" W",,,
C:/Projects/iceland_trip/photos/Iceland Trip/IMG_9956.HEIC,IMG_9956.HEIC,"63 deg 46' 30.18"" N","18 deg 10' 28.92"" W",North,West,2026:05:11 17:17:13
C:/Projects/iceland_trip/photos/Iceland Trip/IMG_9956.MP4,IMG_9956.MP4,"63 deg 46' 30.36"" N","18 deg 10' 28.92"" W",,,
C:/Projects/iceland_trip/photos/Iceland Trip/IMG_9957.HEIC,IMG_9957.HEIC,"63 deg 46' 30.20"" N","18 deg 10' 28.93"" W",North,West,2026:05:11 17:17:16
C:/Projects/iceland_trip/photos/Iceland Trip/IMG_9957.MP4,IMG_9957.MP4,"63 deg 46' 30.36"" N","18 deg 10' 28.92"" W",,,
C:/Projects/iceland_trip/photos/Iceland Trip/IMG_9958.HEIC,IMG_9958.HEIC,"63 deg 46' 30.20"" N","18 deg 10' 28.92"" W",North,West,2026:05:11 17:17:17
C:/Projects/iceland_trip/photos/Iceland Trip/IMG_9958.MP4,IMG_9958.MP4,"63 deg 46' 30.36"" N","18 deg 10' 28.92"" W",,,
C:/Projects/iceland_trip/photos/Iceland Trip/IMG_9959.HEIC,IMG_9959.HEIC,"63 deg 46' 31.76"" N","18 deg 10' 23.15"" W",North,West,2026:05:11 17:19:35
C:/Projects/iceland_trip/photos/Iceland Trip/IMG_9959.MP4,IMG_9959.MP4,"63 deg 46' 31.80"" N","18 deg 10' 23.16"" W",,,
C:/Projects/iceland_trip/photos/Iceland Trip/IMG_9960.HEIC,IMG_9960.HEIC,"63 deg 46' 31.76"" N","18 deg 10' 23.20"" W",North,West,2026:05:11 17:19:35
C:/Projects/iceland_trip/photos/Iceland Trip/IMG_9960.MP4,IMG_9960.MP4,"63 deg 46' 31.80"" N","18 deg 10' 23.16"" W",,,
C:/Projects/iceland_trip/photos/Iceland Trip/IMG_9961.HEIC,IMG_9961.HEIC,"63 deg 46' 35.14"" N","18 deg 10' 25.40"" W",North,West,2026:05:11 17:20:56
C:/Projects/iceland_trip/photos/Iceland Trip/IMG_9961.MP4,IMG_9961.MP4,"63 deg 46' 35.04"" N","18 deg 10' 25.32"" W",,,
C:/Projects/iceland_trip/photos/Iceland Trip/IMG_9962.HEIC,IMG_9962.HEIC,"63 deg 46' 35.13"" N","18 deg 10' 25.40"" W",North,West,2026:05:11 17:20:57
C:/Projects/iceland_trip/photos/Iceland Trip/IMG_9962.MP4,IMG_9962.MP4,"63 deg 46' 35.04"" N","18 deg 10' 25.32"" W",,,
C:/Projects/iceland_trip/photos/Iceland Trip/IMG_9969.HEIC,IMG_9969.HEIC,"63 deg 46' 49.63"" N","18 deg 10' 1.39"" W",North,West,2026:05:11 17:30:16
C:/Projects/iceland_trip/photos/Iceland Trip/IMG_9969.MP4,IMG_9969.MP4,"63 deg 46' 49.80"" N","18 deg 10' 1.56"" W",,,
C:/Projects/iceland_trip/photos/Iceland Trip/IMG_9970.HEIC,IMG_9970.HEIC,"63 deg 46' 49.63"" N","18 deg 10' 1.37"" W",North,West,2026:05:11 17:30:18
C:/Projects/iceland_trip/photos/Iceland Trip/IMG_9970.MP4,IMG_9970.MP4,"63 deg 46' 49.80"" N","18 deg 10' 1.20"" W",,,
C:/Projects/iceland_trip/photos/Iceland Trip/IMG_9971.HEIC,IMG_9971.HEIC,"63 deg 46' 49.63"" N","18 deg 10' 1.32"" W",North,West,2026:05:11 17:30:22
C:/Projects/iceland_trip/photos/Iceland Trip/IMG_9971.MP4,IMG_9971.MP4,"63 deg 46' 49.80"" N","18 deg 10' 1.20"" W",,,
C:/Projects/iceland_trip/photos/Iceland Trip/IMG_9972.HEIC,IMG_9972.HEIC,"63 deg 46' 51.37"" N","18 deg 10' 0.35"" W",North,West,2026:05:11 17:31:13
C:/Projects/iceland_trip/photos/Iceland Trip/IMG_9972.MP4,IMG_9972.MP4,"63 deg 46' 51.24"" N","18 deg 10' 0.48"" W",,,
C:/Projects/iceland_trip/photos/Iceland Trip/IMG_9973.HEIC,IMG_9973.HEIC,"63 deg 46' 53.64"" N","18 deg 10' 3.95"" W",North,West,2026:05:11 17:32:33
C:/Projects/iceland_trip/photos/Iceland Trip/IMG_9973.MP4,IMG_9973.MP4,"63 deg 46' 53.76"" N","18 deg 10' 4.08"" W",,,
C:/Projects/iceland_trip/photos/Iceland Trip/IMG_9974.HEIC,IMG_9974.HEIC,"63 deg 46' 53.80"" N","18 deg 10' 4.20"" W",North,West,2026:05:11 17:32:45
C:/Projects/iceland_trip/photos/Iceland Trip/IMG_9974.MP4,IMG_9974.MP4,"63 deg 46' 53.76"" N","18 deg 10' 4.08"" W",,,
C:/Projects/iceland_trip/photos/Iceland Trip/IMG_9975.HEIC,IMG_9975.HEIC,"63 deg 46' 51.47"" N","18 deg 10' 7.66"" W",North,West,2026:05:11 17:34:01
C:/Projects/iceland_trip/photos/Iceland Trip/IMG_9975.MP4,IMG_9975.MP4,"63 deg 46' 51.60"" N","18 deg 10' 7.68"" W",,,
C:/Projects/iceland_trip/photos/Iceland Trip/IMG_9977.HEIC,IMG_9977.HEIC,"63 deg 46' 47.54"" N","18 deg 10' 6.50"" W",North,West,2026:05:11 17:35:37
C:/Projects/iceland_trip/photos/Iceland Trip/IMG_9977.MP4,IMG_9977.MP4,"63 deg 46' 47.64"" N","18 deg 10' 6.60"" W",,,
C:/Projects/iceland_trip/photos/Iceland Trip/IMG_9979.HEIC,IMG_9979.HEIC,"63 deg 40' 44.98"" N","19 deg 56' 42.32"" W",North,West,2026:05:11 21:25:24
C:/Projects/iceland_trip/photos/Iceland Trip/IMG_9979.MP4,IMG_9979.MP4,"63 deg 40' 45.12"" N","19 deg 56' 42.36"" W",,,
C:/Projects/iceland_trip/photos/Iceland Trip/IMG_9980.HEIC,IMG_9980.HEIC,"63 deg 40' 44.86"" N","19 deg 56' 42.34"" W",North,West,2026:05:11 21:25:32
C:/Projects/iceland_trip/photos/Iceland Trip/IMG_9980.MP4,IMG_9980.MP4,"63 deg 40' 44.76"" N","19 deg 56' 42.36"" W",,,
C:/Projects/iceland_trip/photos/Iceland Trip/IMG_9981.HEIC,IMG_9981.HEIC,"63 deg 40' 44.86"" N","19 deg 56' 42.31"" W",North,West,2026:05:11 21:25:37
C:/Projects/iceland_trip/photos/Iceland Trip/IMG_9981.MP4,IMG_9981.MP4,"63 deg 40' 44.76"" N","19 deg 56' 42.36"" W",,,
C:/Projects/iceland_trip/photos/Iceland Trip/IMG_9982.HEIC,IMG_9982.HEIC,"63 deg 40' 45.05"" N","19 deg 56' 42.23"" W",North,West,2026:05:11 21:25:47
C:/Projects/iceland_trip/photos/Iceland Trip/IMG_9982.MP4,IMG_9982.MP4,"63 deg 40' 45.12"" N","19 deg 56' 42.36"" W",,,
C:/Projects/iceland_trip/photos/Iceland Trip/IMG_9983.HEIC,IMG_9983.HEIC,"63 deg 40' 44.99"" N","19 deg 56' 42.36"" W",North,West,2026:05:11 21:25:50
C:/Projects/iceland_trip/photos/Iceland Trip/IMG_9983.MP4,IMG_9983.MP4,"63 deg 40' 45.12"" N","19 deg 56' 42.36"" W",,,
C:/Projects/iceland_trip/photos/Iceland Trip/IMG_9984.HEIC,IMG_9984.HEIC,"63 deg 40' 41.20"" N","19 deg 56' 57.48"" W",North,West,2026:05:11 21:26:49
C:/Projects/iceland_trip/photos/Iceland Trip/IMG_9984.MP4,IMG_9984.MP4,"63 deg 40' 41.16"" N","19 deg 56' 57.48"" W",,,
C:/Projects/iceland_trip/photos/Iceland Trip/IMG_9985.HEIC,IMG_9985.HEIC,"63 deg 40' 41.22"" N","19 deg 56' 57.61"" W",North,West,2026:05:11 21:26:50
C:/Projects/iceland_trip/photos/Iceland Trip/IMG_9985.MP4,IMG_9985.MP4,"63 deg 40' 41.16"" N","19 deg 56' 57.48"" W",,,
C:/Projects/iceland_trip/photos/Iceland Trip/IMG_9986.HEIC,IMG_9986.HEIC,"63 deg 37' 16.18"" N","20 deg 1' 54.94"" W",North,West,2026:05:11 21:40:17
C:/Projects/iceland_trip/photos/Iceland Trip/IMG_9986.MP4,IMG_9986.MP4,"63 deg 37' 16.32"" N","20 deg 1' 54.84"" W",,,
C:/Projects/iceland_trip/photos/Iceland Trip/IMG_9987.HEIC,IMG_9987.HEIC,"63 deg 37' 16.01"" N","20 deg 1' 55.27"" W",North,West,2026:05:11 21:40:47
C:/Projects/iceland_trip/photos/Iceland Trip/IMG_9987.MP4,IMG_9987.MP4,"63 deg 37' 15.96"" N","20 deg 1' 55.20"" W",,,
C:/Projects/iceland_trip/photos/Iceland Trip/IMG_9988.HEIC,IMG_9988.HEIC,"63 deg 32' 42.36"" N","19 deg 36' 36.88"" W",North,West,2026:05:11 22:52:25
C:/Projects/iceland_trip/photos/Iceland Trip/IMG_9988.MP4,IMG_9988.MP4,"63 deg 32' 42.36"" N","19 deg 36' 36.72"" W",,,
